ISO-10303-21;
HEADER;
/* Generated by software containing ST-Developer
 * from STEP Tools, Inc. (www.steptools.com) 
 */

FILE_DESCRIPTION(
/* description */ ('STEP AP203'),
/* implementation_level */ '2;1');

FILE_NAME(
/* name */ 'Screw.step',
/* time_stamp */ '2026-01-20T13:14:42-05:00',
/* author */ (''),
/* organization */ (''),
/* preprocessor_version */ 'ST-DEVELOPER v20.1',
/* originating_system */ 'Autodesk Translation Framework v14.21.0.0',
/* authorisation */ '');

FILE_SCHEMA (('AUTOMOTIVE_DESIGN { 1 0 10303 214 3 1 1 }'));
ENDSEC;

DATA;
#10=MECHANICAL_DESIGN_GEOMETRIC_PRESENTATION_REPRESENTATION('',(#13),#4279);
#11=SHAPE_REPRESENTATION_RELATIONSHIP('SRR','None',#4289,#12);
#12=ADVANCED_BREP_SHAPE_REPRESENTATION('',(#14),#4278);
#13=STYLED_ITEM('',(#4298),#14);
#14=MANIFOLD_SOLID_BREP('Body1',#981);
#15=TOROIDAL_SURFACE('',#1069,0.20625,0.01875);
#16=(
BOUNDED_SURFACE()
B_SPLINE_SURFACE(1,2,((#2998,#2999,#3000,#3001,#3002,#3003,#3004,#3005,
#3006,#3007,#3008,#3009,#3010,#3011,#3012,#3013,#3014,#3015,#3016,#3017,
#3018,#3019,#3020,#3021,#3022,#3023,#3024,#3025,#3026,#3027,#3028,#3029,
#3030,#3031,#3032,#3033,#3034,#3035,#3036,#3037,#3038,#3039,#3040,#3041,
#3042,#3043,#3044,#3045,#3046,#3047,#3048,#3049,#3050,#3051,#3052,#3053,
#3054,#3055,#3056,#3057,#3058,#3059,#3060,#3061,#3062,#3063,#3064,#3065,
#3066,#3067,#3068,#3069,#3070,#3071,#3072,#3073,#3074,#3075,#3076,#3077,
#3078,#3079,#3080,#3081,#3082,#3083,#3084,#3085,#3086,#3087,#3088,#3089,
#3090,#3091,#3092,#3093,#3094,#3095,#3096,#3097,#3098,#3099,#3100,#3101,
#3102,#3103,#3104,#3105,#3106,#3107,#3108,#3109,#3110,#3111,#3112,#3113,
#3114,#3115,#3116,#3117,#3118,#3119,#3120,#3121,#3122,#3123,#3124,#3125,
#3126,#3127,#3128,#3129,#3130,#3131,#3132,#3133,#3134,#3135,#3136,#3137,
#3138,#3139,#3140,#3141,#3142,#3143,#3144,#3145,#3146,#3147,#3148,#3149,
#3150,#3151,#3152,#3153,#3154,#3155,#3156,#3157,#3158,#3159,#3160,#3161,
#3162,#3163,#3164,#3165,#3166,#3167,#3168,#3169,#3170,#3171,#3172,#3173,
#3174,#3175,#3176,#3177,#3178,#3179,#3180,#3181,#3182,#3183,#3184,#3185,
#3186,#3187,#3188,#3189,#3190,#3191,#3192,#3193,#3194,#3195,#3196,#3197,
#3198,#3199,#3200,#3201,#3202,#3203,#3204,#3205,#3206,#3207,#3208,#3209,
#3210,#3211,#3212,#3213,#3214,#3215,#3216,#3217,#3218,#3219,#3220,#3221,
#3222,#3223,#3224,#3225,#3226,#3227,#3228,#3229,#3230,#3231,#3232,#3233,
#3234,#3235,#3236,#3237,#3238,#3239,#3240,#3241,#3242,#3243,#3244,#3245,
#3246,#3247,#3248,#3249,#3250,#3251,#3252,#3253,#3254,#3255,#3256,#3257,
#3258,#3259,#3260,#3261,#3262,#3263,#3264,#3265,#3266,#3267,#3268,#3269,
#3270),(#3271,#3272,#3273,#3274,#3275,#3276,#3277,#3278,#3279,#3280,#3281,
#3282,#3283,#3284,#3285,#3286,#3287,#3288,#3289,#3290,#3291,#3292,#3293,
#3294,#3295,#3296,#3297,#3298,#3299,#3300,#3301,#3302,#3303,#3304,#3305,
#3306,#3307,#3308,#3309,#3310,#3311,#3312,#3313,#3314,#3315,#3316,#3317,
#3318,#3319,#3320,#3321,#3322,#3323,#3324,#3325,#3326,#3327,#3328,#3329,
#3330,#3331,#3332,#3333,#3334,#3335,#3336,#3337,#3338,#3339,#3340,#3341,
#3342,#3343,#3344,#3345,#3346,#3347,#3348,#3349,#3350,#3351,#3352,#3353,
#3354,#3355,#3356,#3357,#3358,#3359,#3360,#3361,#3362,#3363,#3364,#3365,
#3366,#3367,#3368,#3369,#3370,#3371,#3372,#3373,#3374,#3375,#3376,#3377,
#3378,#3379,#3380,#3381,#3382,#3383,#3384,#3385,#3386,#3387,#3388,#3389,
#3390,#3391,#3392,#3393,#3394,#3395,#3396,#3397,#3398,#3399,#3400,#3401,
#3402,#3403,#3404,#3405,#3406,#3407,#3408,#3409,#3410,#3411,#3412,#3413,
#3414,#3415,#3416,#3417,#3418,#3419,#3420,#3421,#3422,#3423,#3424,#3425,
#3426,#3427,#3428,#3429,#3430,#3431,#3432,#3433,#3434,#3435,#3436,#3437,
#3438,#3439,#3440,#3441,#3442,#3443,#3444,#3445,#3446,#3447,#3448,#3449,
#3450,#3451,#3452,#3453,#3454,#3455,#3456,#3457,#3458,#3459,#3460,#3461,
#3462,#3463,#3464,#3465,#3466,#3467,#3468,#3469,#3470,#3471,#3472,#3473,
#3474,#3475,#3476,#3477,#3478,#3479,#3480,#3481,#3482,#3483,#3484,#3485,
#3486,#3487,#3488,#3489,#3490,#3491,#3492,#3493,#3494,#3495,#3496,#3497,
#3498,#3499,#3500,#3501,#3502,#3503,#3504,#3505,#3506,#3507,#3508,#3509,
#3510,#3511,#3512,#3513,#3514,#3515,#3516,#3517,#3518,#3519,#3520,#3521,
#3522,#3523,#3524,#3525,#3526,#3527,#3528,#3529,#3530,#3531,#3532,#3533,
#3534,#3535,#3536,#3537,#3538,#3539,#3540,#3541,#3542,#3543)),
 .UNSPECIFIED.,.F.,.F.,.F.)
B_SPLINE_SURFACE_WITH_KNOTS((2,2),(3,2,2,2,2,2,2,2,2,2,2,2,2,2,2,2,2,2,
2,2,2,2,2,2,2,2,2,2,2,2,2,2,2,2,2,2,2,2,2,2,2,2,2,2,2,2,2,2,2,2,2,2,2,2,
2,2,2,2,2,2,2,2,2,2,2,2,2,2,2,2,2,2,2,2,2,2,2,2,2,2,2,2,2,2,2,2,2,2,2,2,
2,2,2,2,2,2,2,2,2,2,2,2,2,2,2,2,2,2,2,2,2,2,2,2,2,2,2,2,2,2,2,2,2,2,2,2,
2,2,2,2,2,2,2,2,2,2,3),(-3.30978058506295E-6,1.00000257331325),(0.,0.00735294117647059,
0.0147058823529412,0.0220588235294118,0.0294117647058824,0.0367647058823529,
0.0441176470588235,0.0514705882352941,0.0588235294117647,0.0661764705882353,
0.0735294117647059,0.0808823529411765,0.0882352941176471,0.0955882352941176,
0.102941176470588,0.110294117647059,0.117647058823529,0.125,0.132352941176471,
0.139705882352941,0.147058823529412,0.154411764705882,0.161764705882353,
0.169117647058824,0.176470588235294,0.183823529411765,0.191176470588235,
0.198529411764706,0.205882352941176,0.213235294117647,0.220588235294118,
0.227941176470588,0.235294117647059,0.242647058823529,0.25,0.257352941176471,
0.264705882352941,0.272058823529412,0.279411764705882,0.286764705882353,
0.294117647058824,0.301470588235294,0.308823529411765,0.316176470588235,
0.323529411764706,0.330882352941176,0.338235294117647,0.345588235294118,
0.352941176470588,0.360294117647059,0.367647058823529,0.375,0.382352941176471,
0.389705882352941,0.397058823529412,0.404411764705882,0.411764705882353,
0.419117647058824,0.426470588235294,0.433823529411765,0.441176470588235,
0.448529411764706,0.455882352941176,0.463235294117647,0.470588235294118,
0.477941176470588,0.485294117647059,0.492647058823529,0.5,0.507352941176471,
0.514705882352941,0.522058823529412,0.529411764705882,0.536764705882353,
0.544117647058823,0.551470588235294,0.558823529411765,0.566176470588235,
0.573529411764706,0.580882352941177,0.588235294117647,0.595588235294118,
0.602941176470588,0.610294117647059,0.617647058823529,0.625,0.632352941176471,
0.639705882352941,0.647058823529412,0.654411764705882,0.661764705882353,
0.669117647058823,0.676470588235294,0.683823529411765,0.691176470588235,
0.698529411764706,0.705882352941177,0.713235294117647,0.720588235294118,
0.727941176470588,0.735294117647059,0.742647058823529,0.75,0.757352941176471,
0.764705882352941,0.772058823529412,0.779411764705882,0.786764705882353,
0.794117647058823,0.801470588235294,0.808823529411765,0.816176470588235,
0.823529411764706,0.830882352941177,0.838235294117647,0.845588235294118,
0.852941176470588,0.860294117647059,0.867647058823529,0.875,0.882352941176471,
0.889705882352941,0.897058823529412,0.904411764705882,0.911764705882353,
0.919117647058823,0.926470588235294,0.933823529411765,0.941176470588235,
0.948529411764706,0.955882352941177,0.963235294117647,0.970588235294118,
0.977941176470588,0.985294117647059,0.992647058823529,1.),.UNSPECIFIED.)
GEOMETRIC_REPRESENTATION_ITEM()
RATIONAL_B_SPLINE_SURFACE(((1.,0.923879532511287,1.,0.923879532511287,1.,
0.923879532511287,1.,0.923879532511287,1.,0.923879532511287,1.,0.923879532511287,
1.,0.923879532511287,1.,0.923879532511287,1.,0.923879532511287,1.,0.923879532511287,
1.,0.923879532511287,1.,0.923879532511287,1.,0.923879532511287,1.,0.923879532511287,
1.,0.923879532511287,1.,0.923879532511287,1.,0.923879532511287,1.,0.923879532511287,
1.,0.923879532511287,1.,0.923879532511287,1.,0.923879532511287,1.,0.923879532511287,
1.,0.923879532511287,1.,0.923879532511287,1.,0.923879532511287,1.,0.923879532511287,
1.,0.923879532511287,1.,0.923879532511287,1.,0.923879532511287,1.,0.923879532511287,
1.,0.923879532511287,1.,0.923879532511287,1.,0.923879532511287,1.,0.923879532511287,
1.,0.923879532511287,1.,0.923879532511287,1.,0.923879532511287,1.,0.923879532511287,
1.,0.923879532511287,1.,0.923879532511287,1.,0.923879532511287,1.,0.923879532511287,
1.,0.923879532511287,1.,0.923879532511287,1.,0.923879532511287,1.,0.923879532511287,
1.,0.923879532511287,1.,0.923879532511287,1.,0.923879532511287,1.,0.923879532511287,
1.,0.923879532511287,1.,0.923879532511287,1.,0.923879532511287,1.,0.923879532511287,
1.,0.923879532511287,1.,0.923879532511287,1.,0.923879532511287,1.,0.923879532511287,
1.,0.923879532511287,1.,0.923879532511287,1.,0.923879532511287,1.,0.923879532511287,
1.,0.923879532511287,1.,0.923879532511287,1.,0.923879532511287,1.,0.923879532511287,
1.,0.923879532511287,1.,0.923879532511287,1.,0.923879532511287,1.,0.923879532511287,
1.,0.923879532511287,1.,0.923879532511287,1.,0.923879532511287,1.,0.923879532511287,
1.,0.923879532511287,1.,0.923879532511287,1.,0.923879532511287,1.,0.923879532511287,
1.,0.923879532511287,1.,0.923879532511287,1.,0.923879532511287,1.,0.923879532511287,
1.,0.923879532511287,1.,0.923879532511287,1.,0.923879532511287,1.,0.923879532511287,
1.,0.923879532511287,1.,0.923879532511287,1.,0.923879532511287,1.,0.923879532511287,
1.,0.923879532511287,1.,0.923879532511287,1.,0.923879532511287,1.,0.923879532511287,
1.,0.923879532511287,1.,0.923879532511287,1.,0.923879532511287,1.,0.923879532511287,
1.,0.923879532511287,1.,0.923879532511287,1.,0.923879532511287,1.,0.923879532511287,
1.,0.923879532511287,1.,0.923879532511287,1.,0.923879532511287,1.,0.923879532511287,
1.,0.923879532511287,1.,0.923879532511287,1.,0.923879532511287,1.,0.923879532511287,
1.,0.923879532511287,1.,0.923879532511287,1.,0.923879532511287,1.,0.923879532511287,
1.,0.923879532511287,1.,0.923879532511287,1.,0.923879532511287,1.,0.923879532511287,
1.,0.923879532511287,1.,0.923879532511287,1.,0.923879532511287,1.,0.923879532511287,
1.,0.923879532511287,1.,0.923879532511287,1.,0.923879532511287,1.,0.923879532511287,
1.,0.923879532511287,1.,0.923879532511287,1.,0.923879532511287,1.,0.923879532511287,
1.,0.923879532511287,1.,0.923879532511287,1.,0.923879532511287,1.,0.923879532511287,
1.,0.923879532511287,1.,0.923879532511287,1.),(1.,0.923879532511287,1.,
0.923879532511287,1.,0.923879532511287,1.,0.923879532511287,1.,0.923879532511287,
1.,0.923879532511287,1.,0.923879532511287,1.,0.923879532511287,1.,0.923879532511287,
1.,0.923879532511287,1.,0.923879532511287,1.,0.923879532511287,1.,0.923879532511287,
1.,0.923879532511287,1.,0.923879532511287,1.,0.923879532511287,1.,0.923879532511287,
1.,0.923879532511287,1.,0.923879532511287,1.,0.923879532511287,1.,0.923879532511287,
1.,0.923879532511287,1.,0.923879532511287,1.,0.923879532511287,1.,0.923879532511287,
1.,0.923879532511287,1.,0.923879532511287,1.,0.923879532511287,1.,0.923879532511287,
1.,0.923879532511287,1.,0.923879532511287,1.,0.923879532511287,1.,0.923879532511287,
1.,0.923879532511287,1.,0.923879532511287,1.,0.923879532511287,1.,0.923879532511287,
1.,0.923879532511287,1.,0.923879532511287,1.,0.923879532511287,1.,0.923879532511287,
1.,0.923879532511287,1.,0.923879532511287,1.,0.923879532511287,1.,0.923879532511287,
1.,0.923879532511287,1.,0.923879532511287,1.,0.923879532511287,1.,0.923879532511287,
1.,0.923879532511287,1.,0.923879532511287,1.,0.923879532511287,1.,0.923879532511287,
1.,0.923879532511287,1.,0.923879532511287,1.,0.923879532511287,1.,0.923879532511287,
1.,0.923879532511287,1.,0.923879532511287,1.,0.923879532511287,1.,0.923879532511287,
1.,0.923879532511287,1.,0.923879532511287,1.,0.923879532511287,1.,0.923879532511287,
1.,0.923879532511287,1.,0.923879532511287,1.,0.923879532511287,1.,0.923879532511287,
1.,0.923879532511287,1.,0.923879532511287,1.,0.923879532511287,1.,0.923879532511287,
1.,0.923879532511287,1.,0.923879532511287,1.,0.923879532511287,1.,0.923879532511287,
1.,0.923879532511287,1.,0.923879532511287,1.,0.923879532511287,1.,0.923879532511287,
1.,0.923879532511287,1.,0.923879532511287,1.,0.923879532511287,1.,0.923879532511287,
1.,0.923879532511287,1.,0.923879532511287,1.,0.923879532511287,1.,0.923879532511287,
1.,0.923879532511287,1.,0.923879532511287,1.,0.923879532511287,1.,0.923879532511287,
1.,0.923879532511287,1.,0.923879532511287,1.,0.923879532511287,1.,0.923879532511287,
1.,0.923879532511287,1.,0.923879532511287,1.,0.923879532511287,1.,0.923879532511287,
1.,0.923879532511287,1.,0.923879532511287,1.,0.923879532511287,1.,0.923879532511287,
1.,0.923879532511287,1.,0.923879532511287,1.,0.923879532511287,1.,0.923879532511287,
1.,0.923879532511287,1.,0.923879532511287,1.,0.923879532511287,1.,0.923879532511287,
1.,0.923879532511287,1.,0.923879532511287,1.,0.923879532511287,1.,0.923879532511287,
1.,0.923879532511287,1.,0.923879532511287,1.,0.923879532511287,1.,0.923879532511287,
1.,0.923879532511287,1.,0.923879532511287,1.,0.923879532511287,1.,0.923879532511287,
1.,0.923879532511287,1.,0.923879532511287,1.,0.923879532511287,1.,0.923879532511287,
1.,0.923879532511287,1.,0.923879532511287,1.,0.923879532511287,1.,0.923879532511287,
1.,0.923879532511287,1.,0.923879532511287,1.,0.923879532511287,1.)))
REPRESENTATION_ITEM('')
SURFACE()
);
#17=(
BOUNDED_SURFACE()
B_SPLINE_SURFACE(1,2,((#3611,#3612,#3613,#3614,#3615,#3616,#3617,#3618,
#3619,#3620,#3621,#3622,#3623,#3624,#3625,#3626,#3627,#3628,#3629,#3630,
#3631,#3632,#3633,#3634,#3635,#3636,#3637,#3638,#3639,#3640,#3641,#3642,
#3643,#3644,#3645,#3646,#3647,#3648,#3649,#3650,#3651,#3652,#3653,#3654,
#3655,#3656,#3657,#3658,#3659,#3660,#3661,#3662,#3663,#3664,#3665,#3666,
#3667,#3668,#3669,#3670,#3671,#3672,#3673,#3674,#3675,#3676,#3677,#3678,
#3679,#3680,#3681,#3682,#3683,#3684,#3685,#3686,#3687,#3688,#3689,#3690,
#3691,#3692,#3693,#3694,#3695,#3696,#3697,#3698,#3699,#3700,#3701,#3702,
#3703,#3704,#3705,#3706,#3707,#3708,#3709,#3710,#3711,#3712,#3713,#3714,
#3715,#3716,#3717,#3718,#3719,#3720,#3721,#3722,#3723,#3724,#3725,#3726,
#3727,#3728,#3729,#3730,#3731,#3732,#3733,#3734,#3735,#3736,#3737,#3738,
#3739,#3740,#3741,#3742,#3743,#3744,#3745,#3746,#3747,#3748,#3749,#3750,
#3751,#3752,#3753,#3754,#3755,#3756,#3757,#3758,#3759,#3760,#3761,#3762,
#3763,#3764,#3765,#3766,#3767,#3768,#3769,#3770,#3771,#3772,#3773,#3774,
#3775,#3776,#3777,#3778,#3779,#3780,#3781,#3782,#3783,#3784,#3785,#3786,
#3787,#3788,#3789,#3790,#3791,#3792,#3793,#3794,#3795,#3796,#3797,#3798,
#3799,#3800,#3801,#3802,#3803,#3804,#3805,#3806,#3807,#3808,#3809,#3810,
#3811,#3812,#3813,#3814,#3815,#3816,#3817,#3818,#3819,#3820,#3821,#3822,
#3823,#3824,#3825,#3826,#3827,#3828,#3829,#3830,#3831,#3832,#3833,#3834,
#3835,#3836,#3837,#3838,#3839,#3840,#3841,#3842,#3843,#3844,#3845,#3846,
#3847,#3848,#3849,#3850,#3851,#3852,#3853,#3854,#3855,#3856,#3857,#3858,
#3859,#3860,#3861,#3862,#3863,#3864,#3865,#3866,#3867,#3868,#3869,#3870,
#3871,#3872,#3873,#3874,#3875,#3876,#3877,#3878,#3879,#3880,#3881,#3882,
#3883),(#3884,#3885,#3886,#3887,#3888,#3889,#3890,#3891,#3892,#3893,#3894,
#3895,#3896,#3897,#3898,#3899,#3900,#3901,#3902,#3903,#3904,#3905,#3906,
#3907,#3908,#3909,#3910,#3911,#3912,#3913,#3914,#3915,#3916,#3917,#3918,
#3919,#3920,#3921,#3922,#3923,#3924,#3925,#3926,#3927,#3928,#3929,#3930,
#3931,#3932,#3933,#3934,#3935,#3936,#3937,#3938,#3939,#3940,#3941,#3942,
#3943,#3944,#3945,#3946,#3947,#3948,#3949,#3950,#3951,#3952,#3953,#3954,
#3955,#3956,#3957,#3958,#3959,#3960,#3961,#3962,#3963,#3964,#3965,#3966,
#3967,#3968,#3969,#3970,#3971,#3972,#3973,#3974,#3975,#3976,#3977,#3978,
#3979,#3980,#3981,#3982,#3983,#3984,#3985,#3986,#3987,#3988,#3989,#3990,
#3991,#3992,#3993,#3994,#3995,#3996,#3997,#3998,#3999,#4000,#4001,#4002,
#4003,#4004,#4005,#4006,#4007,#4008,#4009,#4010,#4011,#4012,#4013,#4014,
#4015,#4016,#4017,#4018,#4019,#4020,#4021,#4022,#4023,#4024,#4025,#4026,
#4027,#4028,#4029,#4030,#4031,#4032,#4033,#4034,#4035,#4036,#4037,#4038,
#4039,#4040,#4041,#4042,#4043,#4044,#4045,#4046,#4047,#4048,#4049,#4050,
#4051,#4052,#4053,#4054,#4055,#4056,#4057,#4058,#4059,#4060,#4061,#4062,
#4063,#4064,#4065,#4066,#4067,#4068,#4069,#4070,#4071,#4072,#4073,#4074,
#4075,#4076,#4077,#4078,#4079,#4080,#4081,#4082,#4083,#4084,#4085,#4086,
#4087,#4088,#4089,#4090,#4091,#4092,#4093,#4094,#4095,#4096,#4097,#4098,
#4099,#4100,#4101,#4102,#4103,#4104,#4105,#4106,#4107,#4108,#4109,#4110,
#4111,#4112,#4113,#4114,#4115,#4116,#4117,#4118,#4119,#4120,#4121,#4122,
#4123,#4124,#4125,#4126,#4127,#4128,#4129,#4130,#4131,#4132,#4133,#4134,
#4135,#4136,#4137,#4138,#4139,#4140,#4141,#4142,#4143,#4144,#4145,#4146,
#4147,#4148,#4149,#4150,#4151,#4152,#4153,#4154,#4155,#4156)),
 .UNSPECIFIED.,.F.,.F.,.F.)
B_SPLINE_SURFACE_WITH_KNOTS((2,2),(3,2,2,2,2,2,2,2,2,2,2,2,2,2,2,2,2,2,
2,2,2,2,2,2,2,2,2,2,2,2,2,2,2,2,2,2,2,2,2,2,2,2,2,2,2,2,2,2,2,2,2,2,2,2,
2,2,2,2,2,2,2,2,2,2,2,2,2,2,2,2,2,2,2,2,2,2,2,2,2,2,2,2,2,2,2,2,2,2,2,2,
2,2,2,2,2,2,2,2,2,2,2,2,2,2,2,2,2,2,2,2,2,2,2,2,2,2,2,2,2,2,2,2,2,2,2,2,
2,2,2,2,2,2,2,2,2,2,3),(-2.61310726457809E-5,1.00001973450723),(0.,0.00735294117647059,
0.0147058823529412,0.0220588235294118,0.0294117647058824,0.0367647058823529,
0.0441176470588235,0.0514705882352941,0.0588235294117647,0.0661764705882353,
0.0735294117647059,0.0808823529411765,0.0882352941176471,0.0955882352941176,
0.102941176470588,0.110294117647059,0.117647058823529,0.125,0.132352941176471,
0.139705882352941,0.147058823529412,0.154411764705882,0.161764705882353,
0.169117647058824,0.176470588235294,0.183823529411765,0.191176470588235,
0.198529411764706,0.205882352941176,0.213235294117647,0.220588235294118,
0.227941176470588,0.235294117647059,0.242647058823529,0.25,0.257352941176471,
0.264705882352941,0.272058823529412,0.279411764705882,0.286764705882353,
0.294117647058824,0.301470588235294,0.308823529411765,0.316176470588235,
0.323529411764706,0.330882352941176,0.338235294117647,0.345588235294118,
0.352941176470588,0.360294117647059,0.367647058823529,0.375,0.382352941176471,
0.389705882352941,0.397058823529412,0.404411764705882,0.411764705882353,
0.419117647058824,0.426470588235294,0.433823529411765,0.441176470588235,
0.448529411764706,0.455882352941176,0.463235294117647,0.470588235294118,
0.477941176470588,0.485294117647059,0.492647058823529,0.5,0.507352941176471,
0.514705882352941,0.522058823529412,0.529411764705882,0.536764705882353,
0.544117647058823,0.551470588235294,0.558823529411765,0.566176470588235,
0.573529411764706,0.580882352941177,0.588235294117647,0.595588235294118,
0.602941176470588,0.610294117647059,0.617647058823529,0.625,0.632352941176471,
0.639705882352941,0.647058823529412,0.654411764705882,0.661764705882353,
0.669117647058823,0.676470588235294,0.683823529411765,0.691176470588235,
0.698529411764706,0.705882352941177,0.713235294117647,0.720588235294118,
0.727941176470588,0.735294117647059,0.742647058823529,0.75,0.757352941176471,
0.764705882352941,0.772058823529412,0.779411764705882,0.786764705882353,
0.794117647058823,0.801470588235294,0.808823529411765,0.816176470588235,
0.823529411764706,0.830882352941177,0.838235294117647,0.845588235294118,
0.852941176470588,0.860294117647059,0.867647058823529,0.875,0.882352941176471,
0.889705882352941,0.897058823529412,0.904411764705882,0.911764705882353,
0.919117647058823,0.926470588235294,0.933823529411765,0.941176470588235,
0.948529411764706,0.955882352941177,0.963235294117647,0.970588235294118,
0.977941176470588,0.985294117647059,0.992647058823529,1.),.UNSPECIFIED.)
GEOMETRIC_REPRESENTATION_ITEM()
RATIONAL_B_SPLINE_SURFACE(((1.,0.923879532511287,1.,0.923879532511287,1.,
0.923879532511287,1.,0.923879532511287,1.,0.923879532511287,1.,0.923879532511287,
1.,0.923879532511287,1.,0.923879532511287,1.,0.923879532511287,1.,0.923879532511287,
1.,0.923879532511287,1.,0.923879532511287,1.,0.923879532511287,1.,0.923879532511287,
1.,0.923879532511287,1.,0.923879532511287,1.,0.923879532511287,1.,0.923879532511287,
1.,0.923879532511287,1.,0.923879532511287,1.,0.923879532511287,1.,0.923879532511287,
1.,0.923879532511287,1.,0.923879532511287,1.,0.923879532511287,1.,0.923879532511287,
1.,0.923879532511287,1.,0.923879532511287,1.,0.923879532511287,1.,0.923879532511287,
1.,0.923879532511287,1.,0.923879532511287,1.,0.923879532511287,1.,0.923879532511287,
1.,0.923879532511287,1.,0.923879532511287,1.,0.923879532511287,1.,0.923879532511287,
1.,0.923879532511287,1.,0.923879532511287,1.,0.923879532511287,1.,0.923879532511287,
1.,0.923879532511287,1.,0.923879532511287,1.,0.923879532511287,1.,0.923879532511287,
1.,0.923879532511287,1.,0.923879532511287,1.,0.923879532511287,1.,0.923879532511287,
1.,0.923879532511287,1.,0.923879532511287,1.,0.923879532511287,1.,0.923879532511287,
1.,0.923879532511287,1.,0.923879532511287,1.,0.923879532511287,1.,0.923879532511287,
1.,0.923879532511287,1.,0.923879532511287,1.,0.923879532511287,1.,0.923879532511287,
1.,0.923879532511287,1.,0.923879532511287,1.,0.923879532511287,1.,0.923879532511287,
1.,0.923879532511287,1.,0.923879532511287,1.,0.923879532511287,1.,0.923879532511287,
1.,0.923879532511287,1.,0.923879532511287,1.,0.923879532511287,1.,0.923879532511287,
1.,0.923879532511287,1.,0.923879532511287,1.,0.923879532511287,1.,0.923879532511287,
1.,0.923879532511287,1.,0.923879532511287,1.,0.923879532511287,1.,0.923879532511287,
1.,0.923879532511287,1.,0.923879532511287,1.,0.923879532511287,1.,0.923879532511287,
1.,0.923879532511287,1.,0.923879532511287,1.,0.923879532511287,1.,0.923879532511287,
1.,0.923879532511287,1.,0.923879532511287,1.,0.923879532511287,1.,0.923879532511287,
1.,0.923879532511287,1.,0.923879532511287,1.,0.923879532511287,1.,0.923879532511287,
1.,0.923879532511287,1.,0.923879532511287,1.,0.923879532511287,1.,0.923879532511287,
1.,0.923879532511287,1.,0.923879532511287,1.,0.923879532511287,1.,0.923879532511287,
1.,0.923879532511287,1.,0.923879532511287,1.,0.923879532511287,1.,0.923879532511287,
1.,0.923879532511287,1.,0.923879532511287,1.,0.923879532511287,1.,0.923879532511287,
1.,0.923879532511287,1.,0.923879532511287,1.,0.923879532511287,1.,0.923879532511287,
1.,0.923879532511287,1.,0.923879532511287,1.,0.923879532511287,1.,0.923879532511287,
1.,0.923879532511287,1.,0.923879532511287,1.,0.923879532511287,1.,0.923879532511287,
1.,0.923879532511287,1.,0.923879532511287,1.,0.923879532511287,1.,0.923879532511287,
1.,0.923879532511287,1.,0.923879532511287,1.,0.923879532511287,1.,0.923879532511287,
1.,0.923879532511287,1.,0.923879532511287,1.),(1.,0.923879532511287,1.,
0.923879532511287,1.,0.923879532511287,1.,0.923879532511287,1.,0.923879532511287,
1.,0.923879532511287,1.,0.923879532511287,1.,0.923879532511287,1.,0.923879532511287,
1.,0.923879532511287,1.,0.923879532511287,1.,0.923879532511287,1.,0.923879532511287,
1.,0.923879532511287,1.,0.923879532511287,1.,0.923879532511287,1.,0.923879532511287,
1.,0.923879532511287,1.,0.923879532511287,1.,0.923879532511287,1.,0.923879532511287,
1.,0.923879532511287,1.,0.923879532511287,1.,0.923879532511287,1.,0.923879532511287,
1.,0.923879532511287,1.,0.923879532511287,1.,0.923879532511287,1.,0.923879532511287,
1.,0.923879532511287,1.,0.923879532511287,1.,0.923879532511287,1.,0.923879532511287,
1.,0.923879532511287,1.,0.923879532511287,1.,0.923879532511287,1.,0.923879532511287,
1.,0.923879532511287,1.,0.923879532511287,1.,0.923879532511287,1.,0.923879532511287,
1.,0.923879532511287,1.,0.923879532511287,1.,0.923879532511287,1.,0.923879532511287,
1.,0.923879532511287,1.,0.923879532511287,1.,0.923879532511287,1.,0.923879532511287,
1.,0.923879532511287,1.,0.923879532511287,1.,0.923879532511287,1.,0.923879532511287,
1.,0.923879532511287,1.,0.923879532511287,1.,0.923879532511287,1.,0.923879532511287,
1.,0.923879532511287,1.,0.923879532511287,1.,0.923879532511287,1.,0.923879532511287,
1.,0.923879532511287,1.,0.923879532511287,1.,0.923879532511287,1.,0.923879532511287,
1.,0.923879532511287,1.,0.923879532511287,1.,0.923879532511287,1.,0.923879532511287,
1.,0.923879532511287,1.,0.923879532511287,1.,0.923879532511287,1.,0.923879532511287,
1.,0.923879532511287,1.,0.923879532511287,1.,0.923879532511287,1.,0.923879532511287,
1.,0.923879532511287,1.,0.923879532511287,1.,0.923879532511287,1.,0.923879532511287,
1.,0.923879532511287,1.,0.923879532511287,1.,0.923879532511287,1.,0.923879532511287,
1.,0.923879532511287,1.,0.923879532511287,1.,0.923879532511287,1.,0.923879532511287,
1.,0.923879532511287,1.,0.923879532511287,1.,0.923879532511287,1.,0.923879532511287,
1.,0.923879532511287,1.,0.923879532511287,1.,0.923879532511287,1.,0.923879532511287,
1.,0.923879532511287,1.,0.923879532511287,1.,0.923879532511287,1.,0.923879532511287,
1.,0.923879532511287,1.,0.923879532511287,1.,0.923879532511287,1.,0.923879532511287,
1.,0.923879532511287,1.,0.923879532511287,1.,0.923879532511287,1.,0.923879532511287,
1.,0.923879532511287,1.,0.923879532511287,1.,0.923879532511287,1.,0.923879532511287,
1.,0.923879532511287,1.,0.923879532511287,1.,0.923879532511287,1.,0.923879532511287,
1.,0.923879532511287,1.,0.923879532511287,1.,0.923879532511287,1.,0.923879532511287,
1.,0.923879532511287,1.,0.923879532511287,1.,0.923879532511287,1.,0.923879532511287,
1.,0.923879532511287,1.,0.923879532511287,1.,0.923879532511287,1.,0.923879532511287,
1.,0.923879532511287,1.,0.923879532511287,1.,0.923879532511287,1.,0.923879532511287,
1.,0.923879532511287,1.,0.923879532511287,1.,0.923879532511287,1.)))
REPRESENTATION_ITEM('')
SURFACE()
);
#18=FACE_BOUND('',#190,.T.);
#19=PLANE('',#1040);
#20=PLANE('',#1044);
#21=PLANE('',#1048);
#22=PLANE('',#1052);
#23=PLANE('',#1056);
#24=PLANE('',#1060);
#25=PLANE('',#1061);
#26=PLANE('',#1062);
#27=PLANE('',#1063);
#28=(
BOUNDED_CURVE()
B_SPLINE_CURVE(2,(#2413,#2414,#2415),.UNSPECIFIED.,.F.,.F.)
B_SPLINE_CURVE_WITH_KNOTS((3,3),(0.0279143049867985,0.0294117647058824),
 .UNSPECIFIED.)
CURVE()
GEOMETRIC_REPRESENTATION_ITEM()
RATIONAL_B_SPLINE_CURVE((0.975309662972901,0.984497722594743,1.))
REPRESENTATION_ITEM('')
);
#29=(
BOUNDED_CURVE()
B_SPLINE_CURVE(2,(#2421,#2422,#2423,#2424,#2425,#2426,#2427,#2428,#2429,
#2430,#2431,#2432,#2433,#2434,#2435,#2436,#2437),.UNSPECIFIED.,.F.,.F.)
B_SPLINE_CURVE_WITH_KNOTS((3,2,2,2,2,2,2,2,3),(0.0294117647058824,0.0367647058823529,
0.0441176470588235,0.0514705882352941,0.0588235294117647,0.0661764705882353,
0.0735294117647059,0.0808823529411765,0.0882352941176471),.UNSPECIFIED.)
CURVE()
GEOMETRIC_REPRESENTATION_ITEM()
RATIONAL_B_SPLINE_CURVE((1.,0.923879532511287,1.,0.923879532511287,1.,0.923879532511287,
1.,0.923879532511287,1.,0.923879532511287,1.,0.923879532511287,1.,0.923879532511287,
1.,0.923879532511287,1.))
REPRESENTATION_ITEM('')
);
#30=(
BOUNDED_CURVE()
B_SPLINE_CURVE(2,(#2440,#2441,#2442,#2443,#2444,#2445,#2446,#2447,#2448,
#2449,#2450,#2451,#2452,#2453,#2454,#2455,#2456),.UNSPECIFIED.,.F.,.F.)
B_SPLINE_CURVE_WITH_KNOTS((3,2,2,2,2,2,2,2,3),(0.0352672461632756,0.0367647058823529,
0.0441176470588235,0.0514705882352941,0.0588235294117647,0.0661764705882353,
0.0735294117647059,0.0808823529411765,0.0882352941176471),.UNSPECIFIED.)
CURVE()
GEOMETRIC_REPRESENTATION_ITEM()
RATIONAL_B_SPLINE_CURVE((0.975309662972981,0.984497722594811,1.,0.923879532511287,
1.,0.923879532511287,1.,0.923879532511287,1.,0.923879532511287,1.,0.923879532511287,
1.,0.923879532511287,1.,0.923879532511287,1.))
REPRESENTATION_ITEM('')
);
#31=(
BOUNDED_CURVE()
B_SPLINE_CURVE(2,(#2461,#2462,#2463,#2464,#2465,#2466,#2467,#2468,#2469,
#2470,#2471,#2472,#2473,#2474,#2475,#2476,#2477),.UNSPECIFIED.,.F.,.F.)
B_SPLINE_CURVE_WITH_KNOTS((3,2,2,2,2,2,2,2,3),(0.0882352941176471,0.0955882352941176,
0.102941176470588,0.110294117647059,0.117647058823529,0.125,0.132352941176471,
0.139705882352941,0.147058823529412),.UNSPECIFIED.)
CURVE()
GEOMETRIC_REPRESENTATION_ITEM()
RATIONAL_B_SPLINE_CURVE((1.,0.923879532511287,1.,0.923879532511287,1.,0.923879532511287,
1.,0.923879532511287,1.,0.923879532511287,1.,0.923879532511287,1.,0.923879532511287,
1.,0.923879532511287,1.))
REPRESENTATION_ITEM('')
);
#32=(
BOUNDED_CURVE()
B_SPLINE_CURVE(2,(#2478,#2479,#2480,#2481,#2482,#2483,#2484,#2485,#2486,
#2487,#2488,#2489,#2490,#2491,#2492,#2493,#2494),.UNSPECIFIED.,.F.,.F.)
B_SPLINE_CURVE_WITH_KNOTS((3,2,2,2,2,2,2,2,3),(0.0882352941176471,0.0955882352941176,
0.102941176470588,0.110294117647059,0.117647058823529,0.125,0.132352941176471,
0.139705882352941,0.147058823529412),.UNSPECIFIED.)
CURVE()
GEOMETRIC_REPRESENTATION_ITEM()
RATIONAL_B_SPLINE_CURVE((1.,0.923879532511287,1.,0.923879532511287,1.,0.923879532511287,
1.,0.923879532511287,1.,0.923879532511287,1.,0.923879532511287,1.,0.923879532511287,
1.,0.923879532511287,1.))
REPRESENTATION_ITEM('')
);
#33=(
BOUNDED_CURVE()
B_SPLINE_CURVE(2,(#2499,#2500,#2501,#2502,#2503,#2504,#2505,#2506,#2507,
#2508,#2509,#2510,#2511,#2512,#2513,#2514,#2515),.UNSPECIFIED.,.F.,.F.)
B_SPLINE_CURVE_WITH_KNOTS((3,2,2,2,2,2,2,2,3),(0.147058823529412,0.154411764705882,
0.161764705882353,0.169117647058824,0.176470588235294,0.183823529411765,
0.191176470588235,0.198529411764706,0.205882352941176),.UNSPECIFIED.)
CURVE()
GEOMETRIC_REPRESENTATION_ITEM()
RATIONAL_B_SPLINE_CURVE((1.,0.923879532511287,1.,0.923879532511287,1.,0.923879532511287,
1.,0.923879532511287,1.,0.923879532511287,1.,0.923879532511287,1.,0.923879532511287,
1.,0.923879532511287,1.))
REPRESENTATION_ITEM('')
);
#34=(
BOUNDED_CURVE()
B_SPLINE_CURVE(2,(#2516,#2517,#2518,#2519,#2520,#2521,#2522,#2523,#2524,
#2525,#2526,#2527,#2528,#2529,#2530,#2531,#2532),.UNSPECIFIED.,.F.,.F.)
B_SPLINE_CURVE_WITH_KNOTS((3,2,2,2,2,2,2,2,3),(0.147058823529412,0.154411764705882,
0.161764705882353,0.169117647058824,0.176470588235294,0.183823529411765,
0.191176470588235,0.198529411764706,0.205882352941176),.UNSPECIFIED.)
CURVE()
GEOMETRIC_REPRESENTATION_ITEM()
RATIONAL_B_SPLINE_CURVE((1.,0.923879532511287,1.,0.923879532511287,1.,0.923879532511287,
1.,0.923879532511287,1.,0.923879532511287,1.,0.923879532511287,1.,0.923879532511287,
1.,0.923879532511287,1.))
REPRESENTATION_ITEM('')
);
#35=(
BOUNDED_CURVE()
B_SPLINE_CURVE(2,(#2537,#2538,#2539,#2540,#2541,#2542,#2543,#2544,#2545,
#2546,#2547,#2548,#2549,#2550,#2551,#2552,#2553),.UNSPECIFIED.,.F.,.F.)
B_SPLINE_CURVE_WITH_KNOTS((3,2,2,2,2,2,2,2,3),(0.205882352941176,0.213235294117647,
0.220588235294118,0.227941176470588,0.235294117647059,0.242647058823529,
0.25,0.257352941176471,0.264705882352941),.UNSPECIFIED.)
CURVE()
GEOMETRIC_REPRESENTATION_ITEM()
RATIONAL_B_SPLINE_CURVE((1.,0.923879532511287,1.,0.923879532511287,1.,0.923879532511287,
1.,0.923879532511287,1.,0.923879532511287,1.,0.923879532511287,1.,0.923879532511287,
1.,0.923879532511287,1.))
REPRESENTATION_ITEM('')
);
#36=(
BOUNDED_CURVE()
B_SPLINE_CURVE(2,(#2554,#2555,#2556,#2557,#2558,#2559,#2560,#2561,#2562,
#2563,#2564,#2565,#2566,#2567,#2568,#2569,#2570),.UNSPECIFIED.,.F.,.F.)
B_SPLINE_CURVE_WITH_KNOTS((3,2,2,2,2,2,2,2,3),(0.205882352941176,0.213235294117647,
0.220588235294118,0.227941176470588,0.235294117647059,0.242647058823529,
0.25,0.257352941176471,0.264705882352941),.UNSPECIFIED.)
CURVE()
GEOMETRIC_REPRESENTATION_ITEM()
RATIONAL_B_SPLINE_CURVE((1.,0.923879532511287,1.,0.923879532511287,1.,0.923879532511287,
1.,0.923879532511287,1.,0.923879532511287,1.,0.923879532511287,1.,0.923879532511287,
1.,0.923879532511287,1.))
REPRESENTATION_ITEM('')
);
#37=(
BOUNDED_CURVE()
B_SPLINE_CURVE(2,(#2575,#2576,#2577,#2578,#2579,#2580,#2581,#2582,#2583,
#2584,#2585,#2586,#2587,#2588,#2589,#2590,#2591),.UNSPECIFIED.,.F.,.F.)
B_SPLINE_CURVE_WITH_KNOTS((3,2,2,2,2,2,2,2,3),(0.264705882352941,0.272058823529412,
0.279411764705882,0.286764705882353,0.294117647058824,0.301470588235294,
0.308823529411765,0.316176470588235,0.323529411764706),.UNSPECIFIED.)
CURVE()
GEOMETRIC_REPRESENTATION_ITEM()
RATIONAL_B_SPLINE_CURVE((1.,0.923879532511287,1.,0.923879532511287,1.,0.923879532511287,
1.,0.923879532511287,1.,0.923879532511287,1.,0.923879532511287,1.,0.923879532511287,
1.,0.923879532511287,1.))
REPRESENTATION_ITEM('')
);
#38=(
BOUNDED_CURVE()
B_SPLINE_CURVE(2,(#2592,#2593,#2594,#2595,#2596,#2597,#2598,#2599,#2600,
#2601,#2602,#2603,#2604,#2605,#2606,#2607,#2608),.UNSPECIFIED.,.F.,.F.)
B_SPLINE_CURVE_WITH_KNOTS((3,2,2,2,2,2,2,2,3),(0.264705882352941,0.272058823529412,
0.279411764705882,0.286764705882353,0.294117647058824,0.301470588235294,
0.308823529411765,0.316176470588235,0.323529411764706),.UNSPECIFIED.)
CURVE()
GEOMETRIC_REPRESENTATION_ITEM()
RATIONAL_B_SPLINE_CURVE((1.,0.923879532511287,1.,0.923879532511287,1.,0.923879532511287,
1.,0.923879532511287,1.,0.923879532511287,1.,0.923879532511287,1.,0.923879532511287,
1.,0.923879532511287,1.))
REPRESENTATION_ITEM('')
);
#39=(
BOUNDED_CURVE()
B_SPLINE_CURVE(2,(#2613,#2614,#2615,#2616,#2617,#2618,#2619,#2620,#2621,
#2622,#2623,#2624,#2625,#2626,#2627,#2628,#2629),.UNSPECIFIED.,.F.,.F.)
B_SPLINE_CURVE_WITH_KNOTS((3,2,2,2,2,2,2,2,3),(0.323529411764706,0.330882352941176,
0.338235294117647,0.345588235294118,0.352941176470588,0.360294117647059,
0.367647058823529,0.375,0.382352941176471),.UNSPECIFIED.)
CURVE()
GEOMETRIC_REPRESENTATION_ITEM()
RATIONAL_B_SPLINE_CURVE((1.,0.923879532511287,1.,0.923879532511287,1.,0.923879532511287,
1.,0.923879532511287,1.,0.923879532511287,1.,0.923879532511287,1.,0.923879532511287,
1.,0.923879532511287,1.))
REPRESENTATION_ITEM('')
);
#40=(
BOUNDED_CURVE()
B_SPLINE_CURVE(2,(#2630,#2631,#2632,#2633,#2634,#2635,#2636,#2637,#2638,
#2639,#2640,#2641,#2642,#2643,#2644,#2645,#2646),.UNSPECIFIED.,.F.,.F.)
B_SPLINE_CURVE_WITH_KNOTS((3,2,2,2,2,2,2,2,3),(0.323529411764706,0.330882352941176,
0.338235294117647,0.345588235294118,0.352941176470588,0.360294117647059,
0.367647058823529,0.375,0.382352941176471),.UNSPECIFIED.)
CURVE()
GEOMETRIC_REPRESENTATION_ITEM()
RATIONAL_B_SPLINE_CURVE((1.,0.923879532511287,1.,0.923879532511287,1.,0.923879532511287,
1.,0.923879532511287,1.,0.923879532511287,1.,0.923879532511287,1.,0.923879532511287,
1.,0.923879532511287,1.))
REPRESENTATION_ITEM('')
);
#41=(
BOUNDED_CURVE()
B_SPLINE_CURVE(2,(#2651,#2652,#2653,#2654,#2655,#2656,#2657,#2658,#2659,
#2660,#2661,#2662,#2663,#2664,#2665,#2666,#2667),.UNSPECIFIED.,.F.,.F.)
B_SPLINE_CURVE_WITH_KNOTS((3,2,2,2,2,2,2,2,3),(0.382352941176471,0.389705882352941,
0.397058823529412,0.404411764705882,0.411764705882353,0.419117647058824,
0.426470588235294,0.433823529411765,0.441176470588235),.UNSPECIFIED.)
CURVE()
GEOMETRIC_REPRESENTATION_ITEM()
RATIONAL_B_SPLINE_CURVE((1.,0.923879532511287,1.,0.923879532511287,1.,0.923879532511287,
1.,0.923879532511287,1.,0.923879532511287,1.,0.923879532511287,1.,0.923879532511287,
1.,0.923879532511287,1.))
REPRESENTATION_ITEM('')
);
#42=(
BOUNDED_CURVE()
B_SPLINE_CURVE(2,(#2668,#2669,#2670,#2671,#2672,#2673,#2674,#2675,#2676,
#2677,#2678,#2679,#2680,#2681,#2682,#2683,#2684),.UNSPECIFIED.,.F.,.F.)
B_SPLINE_CURVE_WITH_KNOTS((3,2,2,2,2,2,2,2,3),(0.382352941176471,0.389705882352941,
0.397058823529412,0.404411764705882,0.411764705882353,0.419117647058824,
0.426470588235294,0.433823529411765,0.441176470588235),.UNSPECIFIED.)
CURVE()
GEOMETRIC_REPRESENTATION_ITEM()
RATIONAL_B_SPLINE_CURVE((1.,0.923879532511287,1.,0.923879532511287,1.,0.923879532511287,
1.,0.923879532511287,1.,0.923879532511287,1.,0.923879532511287,1.,0.923879532511287,
1.,0.923879532511287,1.))
REPRESENTATION_ITEM('')
);
#43=(
BOUNDED_CURVE()
B_SPLINE_CURVE(2,(#2689,#2690,#2691,#2692,#2693,#2694,#2695,#2696,#2697,
#2698,#2699,#2700,#2701,#2702,#2703,#2704,#2705),.UNSPECIFIED.,.F.,.F.)
B_SPLINE_CURVE_WITH_KNOTS((3,2,2,2,2,2,2,2,3),(0.441176470588235,0.448529411764706,
0.455882352941177,0.463235294117647,0.470588235294118,0.477941176470588,
0.485294117647059,0.492647058823529,0.5),.UNSPECIFIED.)
CURVE()
GEOMETRIC_REPRESENTATION_ITEM()
RATIONAL_B_SPLINE_CURVE((1.,0.923879532511287,1.,0.923879532511287,1.,0.923879532511287,
1.,0.923879532511287,1.,0.923879532511287,1.,0.923879532511287,1.,0.923879532511287,
1.,0.923879532511287,1.))
REPRESENTATION_ITEM('')
);
#44=(
BOUNDED_CURVE()
B_SPLINE_CURVE(2,(#2706,#2707,#2708,#2709,#2710,#2711,#2712,#2713,#2714,
#2715,#2716,#2717,#2718,#2719,#2720,#2721,#2722),.UNSPECIFIED.,.F.,.F.)
B_SPLINE_CURVE_WITH_KNOTS((3,2,2,2,2,2,2,2,3),(0.441176470588235,0.448529411764706,
0.455882352941176,0.463235294117647,0.470588235294118,0.477941176470588,
0.485294117647059,0.492647058823529,0.5),.UNSPECIFIED.)
CURVE()
GEOMETRIC_REPRESENTATION_ITEM()
RATIONAL_B_SPLINE_CURVE((1.,0.923879532511287,1.,0.923879532511287,1.,0.923879532511287,
1.,0.923879532511287,1.,0.923879532511287,1.,0.923879532511287,1.,0.923879532511287,
1.,0.923879532511287,1.))
REPRESENTATION_ITEM('')
);
#45=(
BOUNDED_CURVE()
B_SPLINE_CURVE(2,(#2727,#2728,#2729,#2730,#2731,#2732,#2733,#2734,#2735,
#2736,#2737,#2738,#2739,#2740,#2741,#2742,#2743),.UNSPECIFIED.,.F.,.F.)
B_SPLINE_CURVE_WITH_KNOTS((3,2,2,2,2,2,2,2,3),(0.5,0.507352941176471,0.514705882352941,
0.522058823529412,0.529411764705882,0.536764705882353,0.544117647058823,
0.551470588235294,0.558823529411765),.UNSPECIFIED.)
CURVE()
GEOMETRIC_REPRESENTATION_ITEM()
RATIONAL_B_SPLINE_CURVE((1.,0.923879532511287,1.,0.923879532511287,1.,0.923879532511287,
1.,0.923879532511287,1.,0.923879532511287,1.,0.923879532511287,1.,0.923879532511287,
1.,0.923879532511287,1.))
REPRESENTATION_ITEM('')
);
#46=(
BOUNDED_CURVE()
B_SPLINE_CURVE(2,(#2744,#2745,#2746,#2747,#2748,#2749,#2750,#2751,#2752,
#2753,#2754,#2755,#2756,#2757,#2758,#2759,#2760),.UNSPECIFIED.,.F.,.F.)
B_SPLINE_CURVE_WITH_KNOTS((3,2,2,2,2,2,2,2,3),(0.5,0.507352941176471,0.514705882352941,
0.522058823529412,0.529411764705882,0.536764705882353,0.544117647058823,
0.551470588235294,0.558823529411765),.UNSPECIFIED.)
CURVE()
GEOMETRIC_REPRESENTATION_ITEM()
RATIONAL_B_SPLINE_CURVE((1.,0.923879532511287,1.,0.923879532511287,1.,0.923879532511287,
1.,0.923879532511287,1.,0.923879532511287,1.,0.923879532511287,1.,0.923879532511287,
1.,0.923879532511287,1.))
REPRESENTATION_ITEM('')
);
#47=(
BOUNDED_CURVE()
B_SPLINE_CURVE(2,(#2765,#2766,#2767,#2768,#2769,#2770,#2771,#2772,#2773,
#2774,#2775,#2776,#2777,#2778,#2779,#2780,#2781),.UNSPECIFIED.,.F.,.F.)
B_SPLINE_CURVE_WITH_KNOTS((3,2,2,2,2,2,2,2,3),(0.558823529411765,0.566176470588235,
0.573529411764706,0.580882352941177,0.588235294117647,0.595588235294118,
0.602941176470588,0.610294117647059,0.617647058823529),.UNSPECIFIED.)
CURVE()
GEOMETRIC_REPRESENTATION_ITEM()
RATIONAL_B_SPLINE_CURVE((1.,0.923879532511287,1.,0.923879532511287,1.,0.923879532511287,
1.,0.923879532511287,1.,0.923879532511287,1.,0.923879532511287,1.,0.923879532511287,
1.,0.923879532511287,1.))
REPRESENTATION_ITEM('')
);
#48=(
BOUNDED_CURVE()
B_SPLINE_CURVE(2,(#2782,#2783,#2784,#2785,#2786,#2787,#2788,#2789,#2790,
#2791,#2792,#2793,#2794,#2795,#2796,#2797,#2798),.UNSPECIFIED.,.F.,.F.)
B_SPLINE_CURVE_WITH_KNOTS((3,2,2,2,2,2,2,2,3),(0.558823529411765,0.566176470588235,
0.573529411764706,0.580882352941177,0.588235294117647,0.595588235294118,
0.602941176470588,0.610294117647059,0.617647058823529),.UNSPECIFIED.)
CURVE()
GEOMETRIC_REPRESENTATION_ITEM()
RATIONAL_B_SPLINE_CURVE((1.,0.923879532511287,1.,0.923879532511287,1.,0.923879532511287,
1.,0.923879532511287,1.,0.923879532511287,1.,0.923879532511287,1.,0.923879532511287,
1.,0.923879532511287,1.))
REPRESENTATION_ITEM('')
);
#49=(
BOUNDED_CURVE()
B_SPLINE_CURVE(2,(#2803,#2804,#2805,#2806,#2807,#2808,#2809,#2810,#2811,
#2812,#2813,#2814,#2815,#2816,#2817,#2818,#2819),.UNSPECIFIED.,.F.,.F.)
B_SPLINE_CURVE_WITH_KNOTS((3,2,2,2,2,2,2,2,3),(0.617647058823529,0.625,
0.632352941176471,0.639705882352941,0.647058823529412,0.654411764705882,
0.661764705882353,0.669117647058823,0.676470588235294),.UNSPECIFIED.)
CURVE()
GEOMETRIC_REPRESENTATION_ITEM()
RATIONAL_B_SPLINE_CURVE((1.,0.923879532511287,1.,0.923879532511287,1.,0.923879532511287,
1.,0.923879532511287,1.,0.923879532511287,1.,0.923879532511287,1.,0.923879532511287,
1.,0.923879532511287,1.))
REPRESENTATION_ITEM('')
);
#50=(
BOUNDED_CURVE()
B_SPLINE_CURVE(2,(#2820,#2821,#2822,#2823,#2824,#2825,#2826,#2827,#2828,
#2829,#2830,#2831,#2832,#2833,#2834,#2835,#2836),.UNSPECIFIED.,.F.,.F.)
B_SPLINE_CURVE_WITH_KNOTS((3,2,2,2,2,2,2,2,3),(0.617647058823529,0.625,
0.632352941176471,0.639705882352941,0.647058823529412,0.654411764705882,
0.661764705882353,0.669117647058823,0.676470588235294),.UNSPECIFIED.)
CURVE()
GEOMETRIC_REPRESENTATION_ITEM()
RATIONAL_B_SPLINE_CURVE((1.,0.923879532511287,1.,0.923879532511287,1.,0.923879532511287,
1.,0.923879532511287,1.,0.923879532511287,1.,0.923879532511287,1.,0.923879532511287,
1.,0.923879532511287,1.))
REPRESENTATION_ITEM('')
);
#51=(
BOUNDED_CURVE()
B_SPLINE_CURVE(2,(#2841,#2842,#2843,#2844,#2845,#2846,#2847,#2848,#2849,
#2850,#2851,#2852,#2853,#2854,#2855,#2856,#2857),.UNSPECIFIED.,.F.,.F.)
B_SPLINE_CURVE_WITH_KNOTS((3,2,2,2,2,2,2,2,3),(0.676470588235294,0.683823529411765,
0.691176470588235,0.698529411764706,0.705882352941176,0.713235294117647,
0.720588235294118,0.727941176470588,0.735294117647059),.UNSPECIFIED.)
CURVE()
GEOMETRIC_REPRESENTATION_ITEM()
RATIONAL_B_SPLINE_CURVE((1.,0.923879532511287,1.,0.923879532511287,1.,0.923879532511287,
1.,0.923879532511287,1.,0.923879532511287,1.,0.923879532511287,1.,0.923879532511287,
1.,0.923879532511287,1.))
REPRESENTATION_ITEM('')
);
#52=(
BOUNDED_CURVE()
B_SPLINE_CURVE(2,(#2858,#2859,#2860,#2861,#2862,#2863,#2864,#2865,#2866,
#2867,#2868,#2869,#2870,#2871,#2872,#2873,#2874),.UNSPECIFIED.,.F.,.F.)
B_SPLINE_CURVE_WITH_KNOTS((3,2,2,2,2,2,2,2,3),(0.676470588235294,0.683823529411765,
0.691176470588235,0.698529411764706,0.705882352941177,0.713235294117647,
0.720588235294118,0.727941176470588,0.735294117647059),.UNSPECIFIED.)
CURVE()
GEOMETRIC_REPRESENTATION_ITEM()
RATIONAL_B_SPLINE_CURVE((1.,0.923879532511287,1.,0.923879532511287,1.,0.923879532511287,
1.,0.923879532511287,1.,0.923879532511287,1.,0.923879532511287,1.,0.923879532511287,
1.,0.923879532511287,1.))
REPRESENTATION_ITEM('')
);
#53=(
BOUNDED_CURVE()
B_SPLINE_CURVE(2,(#2879,#2880,#2881,#2882,#2883,#2884,#2885,#2886,#2887,
#2888,#2889,#2890,#2891,#2892,#2893,#2894,#2895),.UNSPECIFIED.,.F.,.F.)
B_SPLINE_CURVE_WITH_KNOTS((3,2,2,2,2,2,2,2,3),(0.735294117647059,0.742647058823529,
0.75,0.757352941176471,0.764705882352941,0.772058823529412,0.779411764705882,
0.786764705882353,0.794117647058823),.UNSPECIFIED.)
CURVE()
GEOMETRIC_REPRESENTATION_ITEM()
RATIONAL_B_SPLINE_CURVE((1.,0.923879532511287,1.,0.923879532511287,1.,0.923879532511287,
1.,0.923879532511287,1.,0.923879532511287,1.,0.923879532511287,1.,0.923879532511287,
1.,0.923879532511287,1.))
REPRESENTATION_ITEM('')
);
#54=(
BOUNDED_CURVE()
B_SPLINE_CURVE(2,(#2896,#2897,#2898,#2899,#2900,#2901,#2902,#2903,#2904,
#2905,#2906,#2907,#2908,#2909,#2910,#2911,#2912),.UNSPECIFIED.,.F.,.F.)
B_SPLINE_CURVE_WITH_KNOTS((3,2,2,2,2,2,2,2,3),(0.735294117647059,0.742647058823529,
0.75,0.757352941176471,0.764705882352941,0.772058823529412,0.779411764705882,
0.786764705882353,0.794117647058823),.UNSPECIFIED.)
CURVE()
GEOMETRIC_REPRESENTATION_ITEM()
RATIONAL_B_SPLINE_CURVE((1.,0.923879532511287,1.,0.923879532511287,1.,0.923879532511287,
1.,0.923879532511287,1.,0.923879532511287,1.,0.923879532511287,1.,0.923879532511287,
1.,0.923879532511287,1.))
REPRESENTATION_ITEM('')
);
#55=(
BOUNDED_CURVE()
B_SPLINE_CURVE(2,(#3544,#3545,#3546,#3547,#3548,#3549,#3550,#3551,#3552,
#3553,#3554,#3555,#3556,#3557,#3558),.UNSPECIFIED.,.F.,.F.)
B_SPLINE_CURVE_WITH_KNOTS((3,2,2,2,2,2,2,3),(0.794117647058823,0.801470588235294,
0.808823529411765,0.816176470588235,0.823529411764706,0.830882352941177,
0.838235294117647,0.842758517894978),.UNSPECIFIED.)
CURVE()
GEOMETRIC_REPRESENTATION_ITEM()
RATIONAL_B_SPLINE_CURVE((1.,0.923879532511287,1.,0.923879532511287,1.,0.923879532511287,
1.,0.923879532511287,1.,0.923879532511287,1.,0.923879532511287,1.,0.953173852445832,
0.963958704064517))
REPRESENTATION_ITEM('')
);
#56=(
BOUNDED_CURVE()
B_SPLINE_CURVE(2,(#4203,#4204,#4205,#4206,#4207,#4208,#4209,#4210,#4211,
#4212,#4213,#4214,#4215,#4216,#4217,#4218,#4219),.UNSPECIFIED.,.F.,.F.)
B_SPLINE_CURVE_WITH_KNOTS((3,2,2,2,2,2,2,2,3),(0.794117647058823,0.801470588235294,
0.808823529411765,0.816176470588235,0.823529411764706,0.830882352941177,
0.838235294117647,0.845588235294118,0.850111459071449),.UNSPECIFIED.)
CURVE()
GEOMETRIC_REPRESENTATION_ITEM()
RATIONAL_B_SPLINE_CURVE((1.,0.923879532511287,1.,0.923879532511287,1.,0.923879532511287,
1.,0.923879532511287,1.,0.923879532511287,1.,0.923879532511287,1.,0.923879532511287,
1.,0.953173852445829,0.963958704064519))
REPRESENTATION_ITEM('')
);
#57=CYLINDRICAL_SURFACE('',#1000,0.1875);
#58=CYLINDRICAL_SURFACE('',#1002,0.1875);
#59=CYLINDRICAL_SURFACE('',#1003,0.1875);
#60=CYLINDRICAL_SURFACE('',#1004,0.1875);
#61=CYLINDRICAL_SURFACE('',#1005,0.1875);
#62=CYLINDRICAL_SURFACE('',#1006,0.1875);
#63=CYLINDRICAL_SURFACE('',#1007,0.1875);
#64=CYLINDRICAL_SURFACE('',#1008,0.1875);
#65=CYLINDRICAL_SURFACE('',#1009,0.1875);
#66=CYLINDRICAL_SURFACE('',#1010,0.1875);
#67=CYLINDRICAL_SURFACE('',#1011,0.1875);
#68=CYLINDRICAL_SURFACE('',#1012,0.1875);
#69=CYLINDRICAL_SURFACE('',#1013,0.1875);
#70=CYLINDRICAL_SURFACE('',#1014,0.1875);
#71=CYLINDRICAL_SURFACE('',#1017,0.146905059197603);
#72=CYLINDRICAL_SURFACE('',#1019,0.146905059197603);
#73=CYLINDRICAL_SURFACE('',#1021,0.146905059197603);
#74=CYLINDRICAL_SURFACE('',#1022,0.146905059197603);
#75=CYLINDRICAL_SURFACE('',#1023,0.146905059197603);
#76=CYLINDRICAL_SURFACE('',#1024,0.146905059197603);
#77=CYLINDRICAL_SURFACE('',#1025,0.146905059197603);
#78=CYLINDRICAL_SURFACE('',#1026,0.146905059197603);
#79=CYLINDRICAL_SURFACE('',#1027,0.146905059197603);
#80=CYLINDRICAL_SURFACE('',#1028,0.146905059197603);
#81=CYLINDRICAL_SURFACE('',#1029,0.146905059197603);
#82=CYLINDRICAL_SURFACE('',#1030,0.146905059197603);
#83=CYLINDRICAL_SURFACE('',#1031,0.146905059197603);
#84=CYLINDRICAL_SURFACE('',#1032,0.146905059197603);
#85=CYLINDRICAL_SURFACE('',#1037,0.028125);
#86=CYLINDRICAL_SURFACE('',#1041,0.028125);
#87=CYLINDRICAL_SURFACE('',#1045,0.028125);
#88=CYLINDRICAL_SURFACE('',#1049,0.028125);
#89=CYLINDRICAL_SURFACE('',#1053,0.028125);
#90=CYLINDRICAL_SURFACE('',#1057,0.028125);
#91=CYLINDRICAL_SURFACE('',#1065,0.146905059197603);
#92=CYLINDRICAL_SURFACE('',#1067,0.1875);
#93=FACE_OUTER_BOUND('',#146,.T.);
#94=FACE_OUTER_BOUND('',#147,.T.);
#95=FACE_OUTER_BOUND('',#148,.T.);
#96=FACE_OUTER_BOUND('',#149,.T.);
#97=FACE_OUTER_BOUND('',#150,.T.);
#98=FACE_OUTER_BOUND('',#151,.T.);
#99=FACE_OUTER_BOUND('',#152,.T.);
#100=FACE_OUTER_BOUND('',#153,.T.);
#101=FACE_OUTER_BOUND('',#154,.T.);
#102=FACE_OUTER_BOUND('',#155,.T.);
#103=FACE_OUTER_BOUND('',#156,.T.);
#104=FACE_OUTER_BOUND('',#157,.T.);
#105=FACE_OUTER_BOUND('',#158,.T.);
#106=FACE_OUTER_BOUND('',#159,.T.);
#107=FACE_OUTER_BOUND('',#160,.T.);
#108=FACE_OUTER_BOUND('',#161,.T.);
#109=FACE_OUTER_BOUND('',#162,.T.);
#110=FACE_OUTER_BOUND('',#163,.T.);
#111=FACE_OUTER_BOUND('',#164,.T.);
#112=FACE_OUTER_BOUND('',#165,.T.);
#113=FACE_OUTER_BOUND('',#166,.T.);
#114=FACE_OUTER_BOUND('',#167,.T.);
#115=FACE_OUTER_BOUND('',#168,.T.);
#116=FACE_OUTER_BOUND('',#169,.T.);
#117=FACE_OUTER_BOUND('',#170,.T.);
#118=FACE_OUTER_BOUND('',#171,.T.);
#119=FACE_OUTER_BOUND('',#172,.T.);
#120=FACE_OUTER_BOUND('',#173,.T.);
#121=FACE_OUTER_BOUND('',#174,.T.);
#122=FACE_OUTER_BOUND('',#175,.T.);
#123=FACE_OUTER_BOUND('',#176,.T.);
#124=FACE_OUTER_BOUND('',#177,.T.);
#125=FACE_OUTER_BOUND('',#178,.T.);
#126=FACE_OUTER_BOUND('',#179,.T.);
#127=FACE_OUTER_BOUND('',#180,.T.);
#128=FACE_OUTER_BOUND('',#181,.T.);
#129=FACE_OUTER_BOUND('',#182,.T.);
#130=FACE_OUTER_BOUND('',#183,.T.);
#131=FACE_OUTER_BOUND('',#184,.T.);
#132=FACE_OUTER_BOUND('',#185,.T.);
#133=FACE_OUTER_BOUND('',#186,.T.);
#134=FACE_OUTER_BOUND('',#187,.T.);
#135=FACE_OUTER_BOUND('',#188,.T.);
#136=FACE_OUTER_BOUND('',#189,.T.);
#137=FACE_OUTER_BOUND('',#191,.T.);
#138=FACE_OUTER_BOUND('',#192,.T.);
#139=FACE_OUTER_BOUND('',#193,.T.);
#140=FACE_OUTER_BOUND('',#194,.T.);
#141=FACE_OUTER_BOUND('',#195,.T.);
#142=FACE_OUTER_BOUND('',#196,.T.);
#143=FACE_OUTER_BOUND('',#197,.T.);
#144=FACE_OUTER_BOUND('',#198,.T.);
#145=FACE_OUTER_BOUND('',#199,.T.);
#146=EDGE_LOOP('',(#625,#626,#627,#628));
#147=EDGE_LOOP('',(#629,#630,#631,#632,#633,#634));
#148=EDGE_LOOP('',(#635,#636,#637,#638));
#149=EDGE_LOOP('',(#639,#640,#641,#642));
#150=EDGE_LOOP('',(#643,#644,#645,#646));
#151=EDGE_LOOP('',(#647,#648,#649,#650));
#152=EDGE_LOOP('',(#651,#652,#653,#654));
#153=EDGE_LOOP('',(#655,#656,#657,#658));
#154=EDGE_LOOP('',(#659,#660,#661,#662));
#155=EDGE_LOOP('',(#663,#664,#665,#666));
#156=EDGE_LOOP('',(#667,#668,#669,#670));
#157=EDGE_LOOP('',(#671,#672,#673,#674));
#158=EDGE_LOOP('',(#675,#676,#677,#678));
#159=EDGE_LOOP('',(#679,#680,#681,#682));
#160=EDGE_LOOP('',(#683,#684,#685,#686));
#161=EDGE_LOOP('',(#687,#688,#689,#690,#691,#692,#693,#694,#695));
#162=EDGE_LOOP('',(#696,#697,#698));
#163=EDGE_LOOP('',(#699,#700,#701,#702,#703));
#164=EDGE_LOOP('',(#704,#705,#706,#707));
#165=EDGE_LOOP('',(#708,#709,#710,#711));
#166=EDGE_LOOP('',(#712,#713,#714,#715));
#167=EDGE_LOOP('',(#716,#717,#718,#719));
#168=EDGE_LOOP('',(#720,#721,#722,#723));
#169=EDGE_LOOP('',(#724,#725,#726,#727));
#170=EDGE_LOOP('',(#728,#729,#730,#731));
#171=EDGE_LOOP('',(#732,#733,#734,#735));
#172=EDGE_LOOP('',(#736,#737,#738,#739));
#173=EDGE_LOOP('',(#740,#741,#742,#743));
#174=EDGE_LOOP('',(#744,#745,#746,#747));
#175=EDGE_LOOP('',(#748,#749,#750,#751));
#176=EDGE_LOOP('',(#752,#753,#754,#755,#756));
#177=EDGE_LOOP('',(#757,#758,#759,#760));
#178=EDGE_LOOP('',(#761,#762,#763,#764));
#179=EDGE_LOOP('',(#765,#766,#767,#768));
#180=EDGE_LOOP('',(#769,#770,#771,#772));
#181=EDGE_LOOP('',(#773,#774,#775,#776));
#182=EDGE_LOOP('',(#777,#778,#779,#780));
#183=EDGE_LOOP('',(#781,#782,#783,#784));
#184=EDGE_LOOP('',(#785,#786,#787,#788));
#185=EDGE_LOOP('',(#789,#790,#791,#792));
#186=EDGE_LOOP('',(#793,#794,#795,#796));
#187=EDGE_LOOP('',(#797,#798,#799,#800));
#188=EDGE_LOOP('',(#801,#802,#803,#804));
#189=EDGE_LOOP('',(#805,#806,#807,#808,#809,#810,#811,#812,#813,#814,#815,
#816));
#190=EDGE_LOOP('',(#817));
#191=EDGE_LOOP('',(#818,#819,#820,#821,#822,#823,#824,#825,#826,#827,#828,
#829));
#192=EDGE_LOOP('',(#830));
#193=EDGE_LOOP('',(#831,#832,#833,#834,#835,#836,#837,#838,#839,#840,#841,
#842,#843,#844,#845,#846,#847,#848,#849,#850,#851,#852,#853,#854,#855,#856,
#857,#858,#859,#860,#861,#862,#863));
#194=EDGE_LOOP('',(#864,#865,#866,#867,#868,#869,#870,#871,#872,#873,#874,
#875,#876,#877,#878,#879,#880,#881,#882,#883,#884,#885,#886,#887,#888,#889,
#890,#891,#892,#893,#894,#895,#896,#897));
#195=EDGE_LOOP('',(#898,#899,#900,#901));
#196=EDGE_LOOP('',(#902,#903,#904,#905,#906,#907,#908,#909,#910));
#197=EDGE_LOOP('',(#911,#912,#913,#914));
#198=EDGE_LOOP('',(#915,#916,#917));
#199=EDGE_LOOP('',(#918,#919,#920,#921,#922));
#200=CIRCLE('',#996,0.146905059197605);
#201=CIRCLE('',#998,0.1875);
#202=CIRCLE('',#999,0.1875);
#203=CIRCLE('',#1001,0.1875);
#204=CIRCLE('',#1015,0.1875);
#205=CIRCLE('',#1016,0.1875);
#206=CIRCLE('',#1018,0.146905059197584);
#207=CIRCLE('',#1020,0.146905059197584);
#208=CIRCLE('',#1034,0.20625);
#209=CIRCLE('',#1035,0.201294643750906);
#210=CIRCLE('',#1036,0.201294643750906);
#211=CIRCLE('',#1038,0.028125);
#212=CIRCLE('',#1039,0.028125);
#213=CIRCLE('',#1042,0.028125);
#214=CIRCLE('',#1043,0.028125);
#215=CIRCLE('',#1046,0.028125);
#216=CIRCLE('',#1047,0.028125);
#217=CIRCLE('',#1050,0.028125);
#218=CIRCLE('',#1051,0.028125);
#219=CIRCLE('',#1054,0.028125);
#220=CIRCLE('',#1055,0.028125);
#221=CIRCLE('',#1058,0.028125);
#222=CIRCLE('',#1059,0.028125);
#223=CIRCLE('',#1064,0.140625);
#224=CIRCLE('',#1070,0.01875);
#225=B_SPLINE_CURVE_WITH_KNOTS('',3,(#1288,#1289,#1290,#1291,#1292,#1293,
#1294,#1295,#1296,#1297,#1298,#1299,#1300,#1301,#1302,#1303,#1304,#1305),
 .UNSPECIFIED.,.F.,.F.,(4,2,2,2,2,2,2,2,4),(0.558029620427622,0.601416913824012,
0.69307860743084,0.767935222845896,0.826776917863514,0.87669243675327,0.91656501542371,
0.951297247044784,0.994880929991108),.UNSPECIFIED.);
#226=B_SPLINE_CURVE_WITH_KNOTS('',3,(#1308,#1309,#1310,#1311,#1312,#1313,
#1314,#1315,#1316,#1317,#1318,#1319,#1320,#1321,#1322,#1323,#1324,#1325),
 .UNSPECIFIED.,.F.,.F.,(4,2,2,2,2,2,2,2,4),(1.00000002531409E-6,0.0556320367215519,
0.113461214262986,0.226314546854005,0.367821058559963,0.443824442873413,
0.518958015888808,0.665490847571908,0.713564051654338),.UNSPECIFIED.);
#227=B_SPLINE_CURVE_WITH_KNOTS('',3,(#1334,#1335,#1336,#1337,#1338,#1339,
#1340,#1341,#1342,#1343,#1344,#1345,#1346,#1347,#1348,#1349),
 .UNSPECIFIED.,.F.,.F.,(4,2,2,2,2,2,2,4),(9.99999999580098E-7,0.0738953357077036,
0.144930212278463,0.284112143389051,0.412326508461385,0.460293207720592,
0.55361996622319,0.558029620427622),.UNSPECIFIED.);
#228=B_SPLINE_CURVE_WITH_KNOTS('',3,(#1350,#1351,#1352,#1353,#1354,#1355,
#1356,#1357,#1358,#1359,#1360,#1361,#1362,#1363,#1364,#1365,#1366,#1367,
#1368,#1369,#1370,#1371,#1372,#1373,#1374,#1375,#1376,#1377,#1378,#1379,
#1380,#1381,#1382,#1383,#1384,#1385),.UNSPECIFIED.,.F.,.F.,(4,2,2,2,2,2,
2,2,2,2,2,2,2,2,2,2,2,4),(0.713564051654338,0.822035589336644,0.972910844994916,
1.14190686404767,1.31399041788149,1.50772938393646,1.70723462889737,1.93257376163983,
2.16667022514433,2.43036150823322,2.71532586821516,3.02885501814897,3.36701043868277,
3.73928828024388,4.13999136995654,4.58132334781301,5.05536989991846,5.27383083127665),
 .UNSPECIFIED.);
#229=B_SPLINE_CURVE_WITH_KNOTS('',3,(#1391,#1392,#1393,#1394,#1395,#1396,
#1397,#1398,#1399,#1400,#1401,#1402,#1403,#1404,#1405,#1406,#1407,#1408,
#1409,#1410,#1411,#1412),.UNSPECIFIED.,.F.,.F.,(4,2,2,2,2,2,2,2,2,2,4),
(-1.88027145607864,-1.6891576504609,-1.50467049535482,-1.31303284808629,
-1.12865182117638,-0.937164497906165,-0.752888010784247,-0.561552351263208,
-0.377378706319714,-0.188725181744374,-9.99999999917733E-7),
 .UNSPECIFIED.);
#230=B_SPLINE_CURVE_WITH_KNOTS('',3,(#1415,#1416,#1417,#1418,#1419,#1420,
#1421,#1422,#1423,#1424,#1425,#1426,#1427,#1428,#1429,#1430,#1431,#1432,
#1433,#1434),.UNSPECIFIED.,.F.,.F.,(4,2,2,2,2,2,2,2,2,4),(-42.4599583417911,
-42.2718141122893,-42.0837112208864,-41.8992400276115,-41.7074824957194,
-41.5231368852341,-41.3315105880412,-41.1472903795602,-40.9557952388777,
-40.9545772100547),.UNSPECIFIED.);
#231=B_SPLINE_CURVE_WITH_KNOTS('',3,(#1439,#1440,#1441,#1442,#1443,#1444,
#1445,#1446,#1447,#1448,#1449,#1450,#1451,#1452,#1453,#1454,#1455,#1456,
#1457,#1458,#1459,#1460,#1461,#1462,#1463,#1464,#1465,#1466,#1467,#1468,
#1469,#1470,#1471,#1472,#1473,#1474,#1475,#1476),.UNSPECIFIED.,.F.,.F.,
(4,2,2,2,2,2,2,2,2,2,2,2,2,2,2,2,2,2,4),(-4.896126058849,-4.89505184658848,
-4.70328527560992,-4.51880436419479,-4.32690645712224,-4.14229991487465,
-3.95027059234688,-3.76553824515542,-3.57337742595083,-3.38851911152235,
-3.19622671283315,-3.0113010172846,-2.81907360587886,-2.6342594302471,-2.44217785358142,
-2.25747398204079,-2.06553924158151,-1.88094437415562,-1.88027145607864),
 .UNSPECIFIED.);
#232=B_SPLINE_CURVE_WITH_KNOTS('',3,(#1477,#1478,#1479,#1480,#1481,#1482,
#1483,#1484,#1485,#1486,#1487,#1488,#1489,#1490,#1491,#1492,#1493,#1494,
#1495,#1496,#1497,#1498,#1499,#1500,#1501,#1502,#1503,#1504,#1505,#1506,
#1507,#1508,#1509,#1510,#1511,#1512),.UNSPECIFIED.,.F.,.F.,(4,2,2,2,2,2,
2,2,2,2,2,2,2,2,2,2,2,4),(-40.9545772100547,-40.7717001149967,-40.5803359274961,
-40.3963657966712,-40.2051326168794,-40.0212872474574,-39.830185005538,
-39.64646414215,-39.4554927720287,-39.2718961328325,-39.0810555728161,-38.8975828453958,
-38.7068730388834,-38.5235238755476,-38.3329447718484,-38.1497187842461,
-37.9592703395152,-37.9549237753557),.UNSPECIFIED.);
#233=B_SPLINE_CURVE_WITH_KNOTS('',3,(#1517,#1518,#1519,#1520,#1521,#1522,
#1523,#1524,#1525,#1526,#1527,#1528,#1529,#1530,#1531,#1532,#1533,#1534,
#1535,#1536,#1537,#1538,#1539,#1540,#1541,#1542,#1543,#1544,#1545,#1546,
#1547,#1548,#1549,#1550,#1551,#1552),.UNSPECIFIED.,.F.,.F.,(4,2,2,2,2,2,
2,2,2,2,2,2,2,2,2,2,2,4),(-7.89990196623297,-7.89581608655259,-7.7050977035501,
-7.5216133761995,-7.33076417377105,-7.14715633260291,-6.95617626317121,
-6.77244454129071,-6.58133355092777,-6.39747761925188,-6.20623564855269,
-6.02225521078562,-5.83088219562987,-5.64677698387844,-5.45527285609297,
-5.27104262704668,-5.07940731498036,-4.896126058849),.UNSPECIFIED.);
#234=B_SPLINE_CURVE_WITH_KNOTS('',3,(#1553,#1554,#1555,#1556,#1557,#1558,
#1559,#1560,#1561,#1562,#1563,#1564,#1565,#1566,#1567,#1568,#1569,#1570,
#1571,#1572,#1573,#1574,#1575,#1576,#1577,#1578,#1579,#1580,#1581,#1582,
#1583,#1584,#1585,#1586,#1587,#1588),.UNSPECIFIED.,.F.,.F.,(4,2,2,2,2,2,
2,2,2,2,2,2,2,2,2,2,2,4),(-37.9549237753557,-37.7761670924842,-37.5858492707922,
-37.4028682753438,-37.2126810498939,-37.0298217552317,-36.8397651097417,
-36.6570268942039,-36.4671008244681,-36.2844829852765,-36.0946875009257,
-35.9121892426192,-35.7225243690931,-35.5401447905195,-35.3506105712686,
-35.1683486510084,-34.9789451499365,-34.9689573051903),.UNSPECIFIED.);
#235=B_SPLINE_CURVE_WITH_KNOTS('',3,(#1593,#1594,#1595,#1596,#1597,#1598,
#1599,#1600,#1601,#1602,#1603,#1604,#1605,#1606,#1607,#1608,#1609,#1610,
#1611,#1612,#1613,#1614,#1615,#1616,#1617,#1618,#1619,#1620,#1621,#1622,
#1623,#1624,#1625,#1626,#1627,#1628),.UNSPECIFIED.,.F.,.F.,(4,2,2,2,2,2,
2,2,2,2,2,2,2,2,2,2,2,4),(-10.8898722850944,-10.8803463435318,-10.6906739672266,
-10.5081576840648,-10.3183544869062,-10.1357198733423,-9.94578590834194,
-9.76303200635612,-9.57296730735225,-9.39009327153376,-9.19989785550929,
-9.01690293929605,-8.82657680846193,-8.64346035188434,-8.45300349554152,
-8.26976491434351,-8.07917731053968,-7.89990196623297),.UNSPECIFIED.);
#236=B_SPLINE_CURVE_WITH_KNOTS('',3,(#1629,#1630,#1631,#1632,#1633,#1634,
#1635,#1636,#1637,#1638,#1639,#1640,#1641,#1642,#1643,#1644,#1645,#1646,
#1647,#1648,#1649,#1650,#1651,#1652,#1653,#1654,#1655,#1656,#1657,#1658,
#1659,#1660,#1661,#1662,#1663,#1664),.UNSPECIFIED.,.F.,.F.,(4,2,2,2,2,2,
2,2,2,2,2,2,2,2,2,2,2,4),(-34.9689573051903,-34.7967997300344,-34.6075270341935,
-34.4254968020797,-34.2363550246209,-34.0544384931191,-33.8654277765005,
-33.6836232618354,-33.4947437812754,-33.3130493790225,-33.1243013461814,
-32.942714905138,-32.7540985719916,-32.5726176659951,-32.3841333288516,
-32.2027552266315,-32.0144032302218,-31.9946229009149),.UNSPECIFIED.);
#237=B_SPLINE_CURVE_WITH_KNOTS('',3,(#1669,#1670,#1671,#1672,#1673,#1674,
#1675,#1676,#1677,#1678,#1679,#1680,#1681,#1682,#1683,#1684,#1685,#1686,
#1687,#1688,#1689,#1690,#1691,#1692,#1693,#1694,#1695,#1696,#1697,#1698,
#1699,#1700,#1701,#1702,#1703,#1704),.UNSPECIFIED.,.F.,.F.,(4,2,2,2,2,2,
2,2,2,2,2,2,2,2,2,2,2,4),(-13.8680367386838,-13.8490372303052,-13.6604165929363,
-13.4787930177605,-13.2900400849296,-13.1083121361537,-12.9194272272566,
-12.7375923333066,-12.5485757213969,-12.3666316002103,-12.1774835160654,
-11.995428145919,-11.8061487819947,-11.6239803743541,-11.4345698885674,
-11.2522868630116,-11.0627453823105,-10.8898722850944),.UNSPECIFIED.);
#238=B_SPLINE_CURVE_WITH_KNOTS('',3,(#1705,#1706,#1707,#1708,#1709,#1710,
#1711,#1712,#1713,#1714,#1715,#1716,#1717,#1718,#1719,#1720,#1721,#1722,
#1723,#1724,#1725,#1726,#1727,#1728,#1729,#1730,#1731,#1732,#1733,#1734,
#1735,#1736,#1737,#1738,#1739,#1740),.UNSPECIFIED.,.F.,.F.,(4,2,2,2,2,2,
2,2,2,2,2,2,2,2,2,2,2,4),(-31.9946229009149,-31.8331248634431,-31.6449056049892,
-31.4637235347337,-31.2756374678761,-31.0945478499035,-30.906595488335,
-30.7255940375821,-30.5377759582035,-30.3568579131005,-30.1691747584777,
-29.988334845792,-29.8007873256583,-29.6200197267119,-29.4326086182229,
-29.2519069374613,-29.0646330838782,-29.0289515808989),.UNSPECIFIED.);
#239=B_SPLINE_CURVE_WITH_KNOTS('',3,(#1745,#1746,#1747,#1748,#1749,#1750,
#1751,#1752,#1753,#1754,#1755,#1756,#1757,#1758,#1759,#1760,#1761,#1762,
#1763,#1764,#1765,#1766,#1767,#1768,#1769,#1770,#1771,#1772,#1773,#1774,
#1775,#1776,#1777,#1778,#1779,#1780),.UNSPECIFIED.,.F.,.F.,(4,2,2,2,2,2,
2,2,2,2,2,2,2,2,2,2,2,4),(-16.8373110903247,-16.8028441993706,-16.6153002288732,
-16.4343734540766,-16.246692529864,-16.0656963662544,-15.8778792983701,
-15.6968076474298,-15.508855178839,-15.327702503548,-15.1396153096799,-14.9583766016977,
-14.7701552913875,-14.5888260364067,-14.4004711539308,-14.2190472961119,
-14.0305593240407,-13.8680367386838),.UNSPECIFIED.);
#240=B_SPLINE_CURVE_WITH_KNOTS('',3,(#1781,#1782,#1783,#1784,#1785,#1786,
#1787,#1788,#1789,#1790,#1791,#1792,#1793,#1794,#1795,#1796,#1797,#1798,
#1799,#1800,#1801,#1802,#1803,#1804,#1805,#1806,#1807,#1808,#1809,#1810,
#1811,#1812,#1813,#1814,#1815,#1816),.UNSPECIFIED.,.F.,.F.,(4,2,2,2,2,2,
2,2,2,2,2,2,2,2,2,2,2,4),(-29.0289515808989,-28.8839903208932,-28.6968546283437,
-28.5162631545572,-28.3292665865076,-28.1487181278015,-27.9618616968671,
-27.781347323486,-27.5946320802226,-27.414142205266,-27.227569223616,-27.0470936113726,
-26.8606639704973,-26.6801917556964,-26.496672584433,-26.3136494668802,
-26.1300187179222,-26.0684233570562),.UNSPECIFIED.);
#241=B_SPLINE_CURVE_WITH_KNOTS('',3,(#1821,#1822,#1823,#1824,#1825,#1826,
#1827,#1828,#1829,#1830,#1831,#1832,#1833,#1834,#1835,#1836,#1837,#1838,
#1839,#1840,#1841,#1842,#1843,#1844,#1845,#1846,#1847,#1848,#1849,#1850,
#1851,#1852,#1853,#1854,#1855,#1856),.UNSPECIFIED.,.F.,.F.,(4,2,2,2,2,2,
2,2,2,2,2,2,2,2,2,2,2,4),(-19.8012171552161,-19.744002562742,-19.5575895706022,
-19.3769235473876,-19.1903655014416,-19.009701517405,-18.8229994641757,
-18.6423263501829,-18.4554813649047,-18.2747885685415,-18.0878017313065,
-17.9070793418105,-17.7199517175705,-17.5391904793158,-17.3519231016045,
-17.171114417176,-16.9837082753176,-16.8373110903247),.UNSPECIFIED.);
#242=B_SPLINE_CURVE_WITH_KNOTS('',3,(#1857,#1858,#1859,#1860,#1861,#1862,
#1863,#1864,#1865,#1866,#1867,#1868,#1869,#1870,#1871,#1872,#1873,#1874,
#1875,#1876,#1877,#1878,#1879,#1880,#1881,#1882,#1883,#1884,#1885,#1886,
#1887,#1888,#1889,#1890,#1891,#1892),.UNSPECIFIED.,.F.,.F.,(4,2,2,2,2,2,
2,2,2,2,2,2,2,2,2,2,2,4),(-26.0684233570562,-25.9472241557223,-25.7634761583886,
-25.5809037343994,-25.3970332525258,-25.2146755759722,-25.0306778355942,
-24.8485265626942,-24.6643972728769,-24.4824431433017,-24.2981785094718,
-24.1164113985264,-23.9320081279381,-23.750417113822,-23.5658724130496,
-23.3844458580349,-23.1997574226557,-23.1098372708305),.UNSPECIFIED.);
#243=B_SPLINE_CURVE_WITH_KNOTS('',3,(#1897,#1898,#1899,#1900,#1901,#1902,
#1903,#1904,#1905,#1906,#1907,#1908,#1909,#1910,#1911,#1912,#1913,#1914,
#1915,#1916,#1917,#1918,#1919,#1920,#1921,#1922,#1923,#1924,#1925,#1926,
#1927,#1928,#1929,#1930,#1931,#1932),.UNSPECIFIED.,.F.,.F.,(4,2,2,2,2,2,
2,2,2,2,2,2,2,2,2,2,2,4),(-22.7628841092563,-22.6768978680008,-22.4916688520541,
-22.310528484842,-22.1251510777888,-21.9441172300852,-21.7585909958984,
-21.5776499330912,-21.3919747620776,-21.2111127362576,-21.0252888035092,
-20.8444921668633,-20.6585198900821,-20.4777752014942,-20.291655199306,
-20.1109493220644,-19.9246823738138,-19.8012171552161),.UNSPECIFIED.);
#244=B_SPLINE_CURVE_WITH_KNOTS('',3,(#1933,#1934,#1935,#1936,#1937,#1938,
#1939,#1940,#1941,#1942,#1943,#1944,#1945,#1946,#1947,#1948,#1949,#1950,
#1951,#1952,#1953,#1954,#1955,#1956,#1957,#1958,#1959,#1960,#1961,#1962,
#1963,#1964,#1965,#1966,#1967,#1968),.UNSPECIFIED.,.F.,.F.,(4,2,2,2,2,2,
2,2,2,2,2,2,2,2,2,2,2,4),(-23.1098372708305,-23.0184830665216,-22.833649056503,
-22.6525137452409,-22.4675327581391,-22.2865232072495,-22.1013942735501,
-21.9204969856677,-21.7352195176976,-21.5544208134659,-21.3689945668697,
-21.1882807035981,-21.0027057364629,-20.8220630235835,-20.636339654432,
-20.4557545631826,-20.2698833289892,-20.1512850446214),.UNSPECIFIED.);
#245=B_SPLINE_CURVE_WITH_KNOTS('',3,(#1973,#1974,#1975,#1976,#1977,#1978,
#1979,#1980,#1981,#1982,#1983,#1984,#1985,#1986,#1987,#1988,#1989,#1990,
#1991,#1992,#1993,#1994,#1995,#1996,#1997,#1998,#1999,#2000,#2001,#2002,
#2003,#2004,#2005,#2006,#2007,#2008),.UNSPECIFIED.,.F.,.F.,(4,2,2,2,2,2,
2,2,2,2,2,2,2,2,2,2,2,4),(-25.7243043261694,-25.6080946958143,-25.4239866340782,
-25.2415366082141,-25.0572992592121,-24.8750519783399,-24.6906812587014,
-24.5086270749847,-24.3241194015187,-24.1422478289664,-23.9576001207082,
-23.7758999086479,-23.5911095809618,-23.4095688007901,-23.2246337518067,
-23.0432397852263,-22.8581583583028,-22.7628841092563),.UNSPECIFIED.);
#246=B_SPLINE_CURVE_WITH_KNOTS('',3,(#2009,#2010,#2011,#2012,#2013,#2014,
#2015,#2016,#2017,#2018,#2019,#2020,#2021,#2022,#2023,#2024,#2025,#2026,
#2027,#2028,#2029,#2030,#2031,#2032,#2033,#2034,#2035,#2036,#2037,#2038,
#2039,#2040,#2041,#2042,#2043,#2044),.UNSPECIFIED.,.F.,.F.,(4,2,2,2,2,2,
2,2,2,2,2,2,2,2,2,2,2,4),(-20.1512850446214,-20.0893425940642,-19.9033242093445,
-19.7228149206461,-19.5366502385211,-19.3561599215881,-19.1698498975596,
-18.989366581716,-18.8029122407039,-18.6224245144371,-18.4358269214509,
-18.2553239749648,-18.0685842096084,-17.8880558648927,-17.7011749997447,
-17.5206117288356,-17.3335908116181,-17.1909329164553),.UNSPECIFIED.);
#247=B_SPLINE_CURVE_WITH_KNOTS('',3,(#2049,#2050,#2051,#2052,#2053,#2054,
#2055,#2056,#2057,#2058,#2059,#2060,#2061,#2062,#2063,#2064,#2065,#2066,
#2067,#2068,#2069,#2070,#2071,#2072,#2073,#2074,#2075,#2076,#2077,#2078,
#2079,#2080,#2081,#2082,#2083,#2084),.UNSPECIFIED.,.F.,.F.,(4,2,2,2,2,2,
2,2,2,2,2,2,2,2,2,2,2,4),(-28.6872256963893,-28.5456875350295,-28.3585604563708,
-28.1778480429998,-27.9908616424437,-27.8101797169461,-27.6233350570533,
-27.4426737704934,-27.2559719306467,-27.075320790714,-26.8916795485186,
-26.7083405579981,-26.5245910516942,-26.3414840740957,-26.1576203937543,
-25.9747395655587,-25.7907562175383,-25.7243043261694),.UNSPECIFIED.);
#248=B_SPLINE_CURVE_WITH_KNOTS('',3,(#2085,#2086,#2087,#2088,#2089,#2090,
#2091,#2092,#2093,#2094,#2095,#2096,#2097,#2098,#2099,#2100,#2101,#2102,
#2103,#2104,#2105,#2106,#2107,#2108,#2109,#2110,#2111,#2112,#2113,#2114,
#2115,#2116,#2117,#2118,#2119,#2120),.UNSPECIFIED.,.F.,.F.,(4,2,2,2,2,2,
2,2,2,2,2,2,2,2,2,2,2,4),(-17.1909329164553,-17.1529837439891,-16.965823783329,
-16.7851647035496,-16.597866658058,-16.4171479949796,-16.2297127653187,
-16.0489275741087,-15.8613559976868,-15.6804979360355,-15.4927907839575,
-15.311854083736,-15.1240120596438,-14.9429914952143,-14.7550152356678,
-14.573906089935,-14.3857961660127,-14.2258400015592),.UNSPECIFIED.);
#249=B_SPLINE_CURVE_WITH_KNOTS('',3,(#2125,#2126,#2127,#2128,#2129,#2130,
#2131,#2132,#2133,#2134,#2135,#2136,#2137,#2138,#2139,#2140,#2141,#2142,
#2143,#2144,#2145,#2146,#2147,#2148,#2149,#2150,#2151,#2152,#2153,#2154,
#2155,#2156,#2157,#2158,#2159,#2160),.UNSPECIFIED.,.F.,.F.,(4,2,2,2,2,2,
2,2,2,2,2,2,2,2,2,2,2,4),(-31.6546782346851,-31.4954214070925,-31.3072013239798,
-31.1259675776715,-30.9378815473717,-30.7567342717224,-30.5687828968641,
-30.3877171317746,-30.1999010814263,-30.0189113413464,-29.8312313520741,
-29.650311592973,-29.4627684685272,-29.2819120576308,-29.0945066669278,
-28.9137063563686,-28.7264396294071,-28.6872256963893),.UNSPECIFIED.);
#250=B_SPLINE_CURVE_WITH_KNOTS('',3,(#2161,#2162,#2163,#2164,#2165,#2166,
#2167,#2168,#2169,#2170,#2171,#2172,#2173,#2174,#2175,#2176,#2177,#2178,
#2179,#2180,#2181,#2182,#2183,#2184,#2185,#2186,#2187,#2188,#2189,#2190,
#2191,#2192,#2193,#2194,#2195,#2196),.UNSPECIFIED.,.F.,.F.,(4,2,2,2,2,2,
2,2,2,2,2,2,2,2,2,2,2,4),(-14.2258400015592,-14.2045941951851,-14.016351115015,
-13.8350525129077,-13.6466767248756,-13.4652780874546,-13.2767699838715,
-13.095268274607,-12.9066281956553,-12.7250207121294,-12.5362489499384,
-12.3545332920429,-12.1656300947759,-11.9838041347353,-11.7947697105964,
-11.6128315649686,-11.4236660860612,-11.2524704758971),.UNSPECIFIED.);
#251=B_SPLINE_CURVE_WITH_KNOTS('',3,(#2201,#2202,#2203,#2204,#2205,#2206,
#2207,#2208,#2209,#2210,#2211,#2212,#2213,#2214,#2215,#2216,#2217,#2218,
#2219,#2220,#2221,#2222,#2223,#2224,#2225,#2226,#2227,#2228,#2229,#2230,
#2231,#2232,#2233,#2234,#2235,#2236),.UNSPECIFIED.,.F.,.F.,(4,2,2,2,2,2,
2,2,2,2,2,2,2,2,2,2,2,4),(-34.6302087553284,-34.4593878345974,-34.2701100213786,
-34.0880574493496,-33.8989108900552,-33.7169697362582,-33.5279546199296,
-33.3461228858043,-33.1572394394384,-32.9755148687403,-32.78676336123,-32.6051434110463,
-32.4165241572391,-32.2350059670882,-32.0465193318841,-31.8650996910891,
-31.6767460934751,-31.6546782346851),.UNSPECIFIED.);
#252=B_SPLINE_CURVE_WITH_KNOTS('',3,(#2237,#2238,#2239,#2240,#2241,#2242,
#2243,#2244,#2245,#2246,#2247,#2248,#2249,#2250,#2251,#2252,#2253,#2254,
#2255,#2256,#2257,#2258,#2259,#2260,#2261,#2262,#2263,#2264,#2265,#2266,
#2267,#2268,#2269,#2270,#2271,#2272),.UNSPECIFIED.,.F.,.F.,(4,2,2,2,2,2,
2,2,2,2,2,2,2,2,2,2,2,4),(-11.2524704758971,-11.2416140897954,-11.0523176957836,
-10.8701503783573,-10.6807231798988,-10.4984392435085,-10.3088813254389,
-10.1264796251844,-9.93679104944524,-9.75427057541914,-9.56445138372956,
-9.3818112449066,-9.19186146118378,-9.0091008709912,-8.81902050353076,-8.63613876697574,
-8.44592781040467,-8.26776006323055),.UNSPECIFIED.);
#253=B_SPLINE_CURVE_WITH_KNOTS('',3,(#2277,#2278,#2279,#2280,#2281,#2282,
#2283,#2284,#2285,#2286,#2287,#2288,#2289,#2290,#2291,#2292,#2293,#2294,
#2295,#2296,#2297,#2298,#2299,#2300,#2301,#2302,#2303,#2304,#2305,#2306,
#2307,#2308,#2309,#2310,#2311,#2312),.UNSPECIFIED.,.F.,.F.,(4,2,2,2,2,2,
2,2,2,2,2,2,2,2,2,2,2,4),(-37.6169322977768,-37.4389284294181,-37.2486039700379,
-37.0656110766747,-36.8754173230105,-36.6925453666491,-36.5024823196237,
-36.319730562385,-36.1297982375082,-35.9471658438844,-35.7573642733147,
-35.5748502965564,-35.3851795313963,-35.2027828982817,-35.0132430111197,
-34.8309625049834,-34.6415535926899,-34.6302087553284),.UNSPECIFIED.);
#254=B_SPLINE_CURVE_WITH_KNOTS('',3,(#2313,#2314,#2315,#2316,#2317,#2318,
#2319,#2320,#2321,#2322,#2323,#2324,#2325,#2326,#2327,#2328,#2329,#2330,
#2331,#2332,#2333,#2334,#2335,#2336,#2337,#2338,#2339,#2340,#2341,#2342,
#2343,#2344,#2345,#2346,#2347,#2348),.UNSPECIFIED.,.F.,.F.,(4,2,2,2,2,2,
2,2,2,2,2,2,2,2,2,2,2,4),(-8.26776006323055,-8.2629243126317,-8.0725827496494,
-7.88945694580206,-7.69898474872566,-7.51573615499105,-7.3251332871215,
-7.14176147284064,-6.9510278896662,-6.76753247040106,-6.57666812065378,
-6.3930487521086,-6.20205357868923,-6.01830995139203,-5.8271838921773,-5.64331572683512,
-5.45205871538061,-5.26955174333097),.UNSPECIFIED.);
#255=B_SPLINE_CURVE_WITH_KNOTS('',3,(#2356,#2357,#2358,#2359,#2360,#2361,
#2362,#2363,#2364,#2365,#2366,#2367,#2368,#2369,#2370,#2371,#2372,#2373,
#2374,#2375,#2376,#2377,#2378,#2379),.UNSPECIFIED.,.F.,.F.,(4,2,2,2,2,2,
2,2,2,2,2,4),(-42.4995967393983,-42.3113597003442,-42.123160467269,-41.9385557443984,
-41.7466596642394,-41.5621805798275,-41.3704158334338,-41.1860622010588,
-40.9944287110348,-40.8102003286249,-40.618698020088,-40.6170622573096),
 .UNSPECIFIED.);
#256=B_SPLINE_CURVE_WITH_KNOTS('',3,(#2382,#2383,#2384,#2385,#2386,#2387,
#2388,#2389,#2390,#2391,#2392,#2393,#2394,#2395,#2396,#2397,#2398,#2399,
#2400,#2401,#2402,#2403,#2404,#2405,#2406,#2407),.UNSPECIFIED.,.F.,.F.,
(4,2,2,2,2,2,2,2,2,2,2,2,4),(-2.25703119374243,-2.06544666325302,-1.88085392912463,
-1.68905378150066,-1.50456925458061,-1.31291762236923,-1.12853986007174,
-0.937037952088393,-0.752765412256801,-0.561414526941131,-0.377245561248196,
-0.188655931341073,-9.99999998363421E-7),.UNSPECIFIED.);
#257=B_SPLINE_CURVE_WITH_KNOTS('',3,(#3559,#3560,#3561,#3562,#3563,#3564,
#3565,#3566,#3567,#3568,#3569,#3570,#3571,#3572,#3573,#3574,#3575,#3576,
#3577,#3578,#3579,#3580,#3581,#3582,#3583,#3584,#3585,#3586,#3587,#3588,
#3589,#3590,#3591,#3592,#3593,#3594,#3595,#3596),.UNSPECIFIED.,.F.,.F.,
(4,2,2,2,2,2,2,2,2,2,2,2,2,2,2,2,2,2,4),(-5.26955174333097,-5.26806575883024,
-5.07667772498082,-4.89255974666413,-4.70104061708297,-4.51679740598329,
-4.32514710460934,-4.14077846659189,-3.94899691503471,-3.76450267054057,
-3.57258978842035,-3.38796977046904,-3.19592547570905,-3.01117952816998,
-2.8190037372475,-2.63419054626853,-2.44209657485876,-2.25739420239382,
-2.25703119374243),.UNSPECIFIED.);
#258=B_SPLINE_CURVE_WITH_KNOTS('',3,(#3597,#3598,#3599,#3600,#3601,#3602,
#3603,#3604,#3605,#3606,#3607,#3608,#3609,#3610),.UNSPECIFIED.,.F.,.F.,
(4,2,2,2,2,2,4),(-0.468236265495359,-0.404725825906977,-0.31487235958756,
-0.195058764090844,-0.108790567764464,-0.0643531473810357,0.),
 .UNSPECIFIED.);
#259=B_SPLINE_CURVE_WITH_KNOTS('',3,(#4157,#4158,#4159,#4160,#4161,#4162,
#4163,#4164,#4165,#4166,#4167,#4168,#4169,#4170,#4171,#4172,#4173,#4174,
#4175,#4176,#4177,#4178,#4179,#4180,#4181,#4182,#4183,#4184,#4185,#4186,
#4187,#4188,#4189,#4190,#4191,#4192),.UNSPECIFIED.,.F.,.F.,(4,2,2,2,2,2,
2,2,2,2,2,2,2,2,2,2,2,4),(-40.6170622573096,-40.4345945701597,-40.2432232691264,
-40.0592446070019,-39.868004347062,-39.6841502082021,-39.4930409248329,
-39.3093110158071,-39.1183326491344,-38.9347266441652,-38.7438791397154,
-38.5603966757172,-38.36967998528,-38.1863206561838,-37.9957347387986,-37.8124980890722,
-37.6220429121539,-37.6169322977768),.UNSPECIFIED.);
#260=B_SPLINE_CURVE_WITH_KNOTS('',3,(#4193,#4194,#4195,#4196,#4197,#4198,
#4199,#4200,#4201,#4202),.UNSPECIFIED.,.F.,.F.,(4,2,2,2,4),(5.27383083127665,
5.5776396900326,5.97616647432076,6.17879438171329,6.38908532515193),
 .UNSPECIFIED.);
#261=B_SPLINE_CURVE_WITH_KNOTS('',3,(#4221,#4222,#4223,#4224,#4225,#4226,
#4227,#4228,#4229,#4230,#4231,#4232,#4233,#4234,#4235,#4236,#4237,#4238,
#4239,#4240,#4241,#4242,#4243,#4244,#4245,#4246,#4247,#4248,#4249,#4250),
 .UNSPECIFIED.,.F.,.F.,(4,2,2,2,2,2,2,2,2,2,2,2,2,2,4),(-1.79259714256952,
-1.70779600770307,-1.60954618771041,-1.41797083552474,-1.31964830941722,
-1.13399375918284,-0.953999305338694,-0.7962695732133,-0.632663191827982,
-0.48091636882243,-0.402996857017456,-0.324093331261044,-0.179387825234232,
-0.0905731694019903,-1.0000000878474E-6),.UNSPECIFIED.);
#262=B_SPLINE_CURVE_WITH_KNOTS('',3,(#4251,#4252,#4253,#4254,#4255,#4256,
#4257,#4258,#4259,#4260,#4261,#4262,#4263,#4264,#4265,#4266,#4267,#4268),
 .UNSPECIFIED.,.F.,.F.,(4,2,2,2,2,2,2,2,4),(-3.68471051190424,-3.53889055721007,
-3.39844867112213,-3.12291762881312,-2.77176215734965,-2.4592412426564,
-2.17953689618957,-1.93029827851876,-1.79259714256952),.UNSPECIFIED.);
#263=LINE('',#1286,#320);
#264=LINE('',#1329,#321);
#265=LINE('',#1389,#322);
#266=LINE('',#1438,#323);
#267=LINE('',#1516,#324);
#268=LINE('',#1592,#325);
#269=LINE('',#1668,#326);
#270=LINE('',#1744,#327);
#271=LINE('',#1820,#328);
#272=LINE('',#1896,#329);
#273=LINE('',#1972,#330);
#274=LINE('',#2048,#331);
#275=LINE('',#2124,#332);
#276=LINE('',#2200,#333);
#277=LINE('',#2276,#334);
#278=LINE('',#2352,#335);
#279=LINE('',#2381,#336);
#280=LINE('',#2411,#337);
#281=LINE('',#2420,#338);
#282=LINE('',#2460,#339);
#283=LINE('',#2498,#340);
#284=LINE('',#2536,#341);
#285=LINE('',#2574,#342);
#286=LINE('',#2612,#343);
#287=LINE('',#2650,#344);
#288=LINE('',#2688,#345);
#289=LINE('',#2726,#346);
#290=LINE('',#2764,#347);
#291=LINE('',#2802,#348);
#292=LINE('',#2840,#349);
#293=LINE('',#2878,#350);
#294=LINE('',#2917,#351);
#295=LINE('',#2926,#352);
#296=LINE('',#2929,#353);
#297=LINE('',#2932,#354);
#298=LINE('',#2934,#355);
#299=LINE('',#2935,#356);
#300=LINE('',#2940,#357);
#301=LINE('',#2944,#358);
#302=LINE('',#2946,#359);
#303=LINE('',#2947,#360);
#304=LINE('',#2952,#361);
#305=LINE('',#2956,#362);
#306=LINE('',#2958,#363);
#307=LINE('',#2959,#364);
#308=LINE('',#2964,#365);
#309=LINE('',#2968,#366);
#310=LINE('',#2970,#367);
#311=LINE('',#2971,#368);
#312=LINE('',#2976,#369);
#313=LINE('',#2980,#370);
#314=LINE('',#2982,#371);
#315=LINE('',#2983,#372);
#316=LINE('',#2988,#373);
#317=LINE('',#2991,#374);
#318=LINE('',#2992,#375);
#319=LINE('',#4271,#376);
#320=VECTOR('',#1075,0.1875);
#321=VECTOR('',#1080,0.1875);
#322=VECTOR('',#1087,0.1875);
#323=VECTOR('',#1092,0.1875);
#324=VECTOR('',#1095,0.1875);
#325=VECTOR('',#1098,0.1875);
#326=VECTOR('',#1101,0.1875);
#327=VECTOR('',#1104,0.1875);
#328=VECTOR('',#1107,0.1875);
#329=VECTOR('',#1110,0.1875);
#330=VECTOR('',#1113,0.1875);
#331=VECTOR('',#1116,0.1875);
#332=VECTOR('',#1119,0.1875);
#333=VECTOR('',#1122,0.1875);
#334=VECTOR('',#1125,0.1875);
#335=VECTOR('',#1130,0.1875);
#336=VECTOR('',#1133,0.1875);
#337=VECTOR('',#1136,0.146905059197603);
#338=VECTOR('',#1141,0.146905059197603);
#339=VECTOR('',#1146,0.146905059197603);
#340=VECTOR('',#1149,0.146905059197604);
#341=VECTOR('',#1152,0.146905059197603);
#342=VECTOR('',#1155,0.146905059197603);
#343=VECTOR('',#1158,0.146905059197603);
#344=VECTOR('',#1161,0.146905059197603);
#345=VECTOR('',#1164,0.146905059197603);
#346=VECTOR('',#1167,0.146905059197603);
#347=VECTOR('',#1170,0.146905059197604);
#348=VECTOR('',#1173,0.146905059197603);
#349=VECTOR('',#1176,0.146905059197604);
#350=VECTOR('',#1179,0.146905059197603);
#351=VECTOR('',#1184,0.203772321875453);
#352=VECTOR('',#1193,39.3700787401575);
#353=VECTOR('',#1196,39.3700787401575);
#354=VECTOR('',#1199,0.393700787401575);
#355=VECTOR('',#1200,39.3700787401575);
#356=VECTOR('',#1201,39.3700787401575);
#357=VECTOR('',#1206,39.3700787401575);
#358=VECTOR('',#1211,0.393700787401575);
#359=VECTOR('',#1212,39.3700787401575);
#360=VECTOR('',#1213,39.3700787401575);
#361=VECTOR('',#1218,39.3700787401575);
#362=VECTOR('',#1223,0.393700787401575);
#363=VECTOR('',#1224,39.3700787401575);
#364=VECTOR('',#1225,39.3700787401575);
#365=VECTOR('',#1230,39.3700787401575);
#366=VECTOR('',#1235,0.393700787401575);
#367=VECTOR('',#1236,39.3700787401575);
#368=VECTOR('',#1237,39.3700787401575);
#369=VECTOR('',#1242,39.3700787401575);
#370=VECTOR('',#1247,0.393700787401575);
#371=VECTOR('',#1248,39.3700787401575);
#372=VECTOR('',#1249,39.3700787401575);
#373=VECTOR('',#1254,39.3700787401575);
#374=VECTOR('',#1259,0.393700787401575);
#375=VECTOR('',#1260,39.3700787401575);
#376=VECTOR('',#1273,0.140625);
#377=VERTEX_POINT('',#1284);
#378=VERTEX_POINT('',#1285);
#379=VERTEX_POINT('',#1287);
#380=VERTEX_POINT('',#1306);
#381=VERTEX_POINT('',#1327);
#382=VERTEX_POINT('',#1328);
#383=VERTEX_POINT('',#1330);
#384=VERTEX_POINT('',#1332);
#385=VERTEX_POINT('',#1387);
#386=VERTEX_POINT('',#1388);
#387=VERTEX_POINT('',#1390);
#388=VERTEX_POINT('',#1413);
#389=VERTEX_POINT('',#1436);
#390=VERTEX_POINT('',#1437);
#391=VERTEX_POINT('',#1514);
#392=VERTEX_POINT('',#1515);
#393=VERTEX_POINT('',#1590);
#394=VERTEX_POINT('',#1591);
#395=VERTEX_POINT('',#1666);
#396=VERTEX_POINT('',#1667);
#397=VERTEX_POINT('',#1742);
#398=VERTEX_POINT('',#1743);
#399=VERTEX_POINT('',#1818);
#400=VERTEX_POINT('',#1819);
#401=VERTEX_POINT('',#1894);
#402=VERTEX_POINT('',#1895);
#403=VERTEX_POINT('',#1970);
#404=VERTEX_POINT('',#1971);
#405=VERTEX_POINT('',#2046);
#406=VERTEX_POINT('',#2047);
#407=VERTEX_POINT('',#2122);
#408=VERTEX_POINT('',#2123);
#409=VERTEX_POINT('',#2198);
#410=VERTEX_POINT('',#2199);
#411=VERTEX_POINT('',#2274);
#412=VERTEX_POINT('',#2275);
#413=VERTEX_POINT('',#2350);
#414=VERTEX_POINT('',#2353);
#415=VERTEX_POINT('',#2355);
#416=VERTEX_POINT('',#2380);
#417=VERTEX_POINT('',#2409);
#418=VERTEX_POINT('',#2410);
#419=VERTEX_POINT('',#2412);
#420=VERTEX_POINT('',#2418);
#421=VERTEX_POINT('',#2419);
#422=VERTEX_POINT('',#2438);
#423=VERTEX_POINT('',#2458);
#424=VERTEX_POINT('',#2459);
#425=VERTEX_POINT('',#2496);
#426=VERTEX_POINT('',#2497);
#427=VERTEX_POINT('',#2534);
#428=VERTEX_POINT('',#2535);
#429=VERTEX_POINT('',#2572);
#430=VERTEX_POINT('',#2573);
#431=VERTEX_POINT('',#2610);
#432=VERTEX_POINT('',#2611);
#433=VERTEX_POINT('',#2648);
#434=VERTEX_POINT('',#2649);
#435=VERTEX_POINT('',#2686);
#436=VERTEX_POINT('',#2687);
#437=VERTEX_POINT('',#2724);
#438=VERTEX_POINT('',#2725);
#439=VERTEX_POINT('',#2762);
#440=VERTEX_POINT('',#2763);
#441=VERTEX_POINT('',#2800);
#442=VERTEX_POINT('',#2801);
#443=VERTEX_POINT('',#2838);
#444=VERTEX_POINT('',#2839);
#445=VERTEX_POINT('',#2876);
#446=VERTEX_POINT('',#2877);
#447=VERTEX_POINT('',#2914);
#448=VERTEX_POINT('',#2916);
#449=VERTEX_POINT('',#2918);
#450=VERTEX_POINT('',#2922);
#451=VERTEX_POINT('',#2923);
#452=VERTEX_POINT('',#2925);
#453=VERTEX_POINT('',#2927);
#454=VERTEX_POINT('',#2931);
#455=VERTEX_POINT('',#2933);
#456=VERTEX_POINT('',#2937);
#457=VERTEX_POINT('',#2939);
#458=VERTEX_POINT('',#2943);
#459=VERTEX_POINT('',#2945);
#460=VERTEX_POINT('',#2949);
#461=VERTEX_POINT('',#2951);
#462=VERTEX_POINT('',#2955);
#463=VERTEX_POINT('',#2957);
#464=VERTEX_POINT('',#2961);
#465=VERTEX_POINT('',#2963);
#466=VERTEX_POINT('',#2967);
#467=VERTEX_POINT('',#2969);
#468=VERTEX_POINT('',#2973);
#469=VERTEX_POINT('',#2975);
#470=VERTEX_POINT('',#2979);
#471=VERTEX_POINT('',#2981);
#472=VERTEX_POINT('',#2985);
#473=VERTEX_POINT('',#2987);
#474=VERTEX_POINT('',#2996);
#475=VERTEX_POINT('',#4220);
#476=EDGE_CURVE('',#377,#378,#263,.T.);
#477=EDGE_CURVE('',#379,#377,#225,.F.);
#478=EDGE_CURVE('',#380,#379,#200,.T.);
#479=EDGE_CURVE('',#378,#380,#226,.F.);
#480=EDGE_CURVE('',#381,#382,#264,.T.);
#481=EDGE_CURVE('',#381,#383,#201,.T.);
#482=EDGE_CURVE('',#383,#384,#202,.T.);
#483=EDGE_CURVE('',#377,#384,#227,.F.);
#484=EDGE_CURVE('',#382,#378,#228,.F.);
#485=EDGE_CURVE('',#385,#386,#265,.T.);
#486=EDGE_CURVE('',#387,#385,#229,.F.);
#487=EDGE_CURVE('',#387,#388,#203,.T.);
#488=EDGE_CURVE('',#386,#388,#230,.F.);
#489=EDGE_CURVE('',#389,#390,#266,.T.);
#490=EDGE_CURVE('',#385,#389,#231,.F.);
#491=EDGE_CURVE('',#390,#386,#232,.F.);
#492=EDGE_CURVE('',#391,#392,#267,.T.);
#493=EDGE_CURVE('',#389,#391,#233,.F.);
#494=EDGE_CURVE('',#392,#390,#234,.F.);
#495=EDGE_CURVE('',#393,#394,#268,.T.);
#496=EDGE_CURVE('',#391,#393,#235,.F.);
#497=EDGE_CURVE('',#394,#392,#236,.F.);
#498=EDGE_CURVE('',#395,#396,#269,.T.);
#499=EDGE_CURVE('',#393,#395,#237,.F.);
#500=EDGE_CURVE('',#396,#394,#238,.F.);
#501=EDGE_CURVE('',#397,#398,#270,.T.);
#502=EDGE_CURVE('',#395,#397,#239,.F.);
#503=EDGE_CURVE('',#398,#396,#240,.F.);
#504=EDGE_CURVE('',#399,#400,#271,.T.);
#505=EDGE_CURVE('',#397,#399,#241,.F.);
#506=EDGE_CURVE('',#400,#398,#242,.F.);
#507=EDGE_CURVE('',#401,#402,#272,.T.);
#508=EDGE_CURVE('',#399,#401,#243,.F.);
#509=EDGE_CURVE('',#402,#400,#244,.F.);
#510=EDGE_CURVE('',#403,#404,#273,.T.);
#511=EDGE_CURVE('',#401,#403,#245,.F.);
#512=EDGE_CURVE('',#404,#402,#246,.F.);
#513=EDGE_CURVE('',#405,#406,#274,.T.);
#514=EDGE_CURVE('',#403,#405,#247,.F.);
#515=EDGE_CURVE('',#406,#404,#248,.F.);
#516=EDGE_CURVE('',#407,#408,#275,.T.);
#517=EDGE_CURVE('',#405,#407,#249,.F.);
#518=EDGE_CURVE('',#408,#406,#250,.F.);
#519=EDGE_CURVE('',#409,#410,#276,.T.);
#520=EDGE_CURVE('',#407,#409,#251,.F.);
#521=EDGE_CURVE('',#410,#408,#252,.F.);
#522=EDGE_CURVE('',#411,#412,#277,.T.);
#523=EDGE_CURVE('',#409,#411,#253,.F.);
#524=EDGE_CURVE('',#412,#410,#254,.F.);
#525=EDGE_CURVE('',#413,#413,#204,.T.);
#526=EDGE_CURVE('',#413,#383,#278,.T.);
#527=EDGE_CURVE('',#414,#381,#205,.T.);
#528=EDGE_CURVE('',#415,#414,#255,.F.);
#529=EDGE_CURVE('',#415,#416,#279,.T.);
#530=EDGE_CURVE('',#384,#416,#256,.F.);
#531=EDGE_CURVE('',#417,#418,#280,.T.);
#532=EDGE_CURVE('',#419,#417,#28,.T.);
#533=EDGE_CURVE('',#418,#419,#206,.T.);
#534=EDGE_CURVE('',#420,#421,#281,.T.);
#535=EDGE_CURVE('',#417,#420,#29,.T.);
#536=EDGE_CURVE('',#422,#418,#207,.T.);
#537=EDGE_CURVE('',#422,#421,#30,.T.);
#538=EDGE_CURVE('',#423,#424,#282,.T.);
#539=EDGE_CURVE('',#420,#423,#31,.T.);
#540=EDGE_CURVE('',#421,#424,#32,.T.);
#541=EDGE_CURVE('',#425,#426,#283,.T.);
#542=EDGE_CURVE('',#423,#425,#33,.T.);
#543=EDGE_CURVE('',#424,#426,#34,.T.);
#544=EDGE_CURVE('',#427,#428,#284,.T.);
#545=EDGE_CURVE('',#425,#427,#35,.T.);
#546=EDGE_CURVE('',#426,#428,#36,.T.);
#547=EDGE_CURVE('',#429,#430,#285,.T.);
#548=EDGE_CURVE('',#427,#429,#37,.T.);
#549=EDGE_CURVE('',#428,#430,#38,.T.);
#550=EDGE_CURVE('',#431,#432,#286,.T.);
#551=EDGE_CURVE('',#429,#431,#39,.T.);
#552=EDGE_CURVE('',#430,#432,#40,.T.);
#553=EDGE_CURVE('',#433,#434,#287,.T.);
#554=EDGE_CURVE('',#431,#433,#41,.T.);
#555=EDGE_CURVE('',#432,#434,#42,.T.);
#556=EDGE_CURVE('',#435,#436,#288,.T.);
#557=EDGE_CURVE('',#433,#435,#43,.T.);
#558=EDGE_CURVE('',#434,#436,#44,.T.);
#559=EDGE_CURVE('',#437,#438,#289,.T.);
#560=EDGE_CURVE('',#435,#437,#45,.T.);
#561=EDGE_CURVE('',#436,#438,#46,.T.);
#562=EDGE_CURVE('',#439,#440,#290,.T.);
#563=EDGE_CURVE('',#437,#439,#47,.T.);
#564=EDGE_CURVE('',#438,#440,#48,.T.);
#565=EDGE_CURVE('',#441,#442,#291,.T.);
#566=EDGE_CURVE('',#439,#441,#49,.T.);
#567=EDGE_CURVE('',#440,#442,#50,.T.);
#568=EDGE_CURVE('',#443,#444,#292,.T.);
#569=EDGE_CURVE('',#441,#443,#51,.T.);
#570=EDGE_CURVE('',#442,#444,#52,.T.);
#571=EDGE_CURVE('',#445,#446,#293,.T.);
#572=EDGE_CURVE('',#443,#445,#53,.T.);
#573=EDGE_CURVE('',#444,#446,#54,.T.);
#574=EDGE_CURVE('',#447,#447,#208,.T.);
#575=EDGE_CURVE('',#447,#448,#294,.T.);
#576=EDGE_CURVE('',#448,#449,#209,.T.);
#577=EDGE_CURVE('',#449,#448,#210,.T.);
#578=EDGE_CURVE('',#450,#451,#211,.T.);
#579=EDGE_CURVE('',#452,#450,#295,.T.);
#580=EDGE_CURVE('',#453,#452,#212,.T.);
#581=EDGE_CURVE('',#451,#453,#296,.T.);
#582=EDGE_CURVE('',#454,#450,#297,.T.);
#583=EDGE_CURVE('',#454,#455,#298,.T.);
#584=EDGE_CURVE('',#455,#452,#299,.T.);
#585=EDGE_CURVE('',#456,#454,#213,.T.);
#586=EDGE_CURVE('',#457,#456,#300,.T.);
#587=EDGE_CURVE('',#455,#457,#214,.T.);
#588=EDGE_CURVE('',#458,#456,#301,.T.);
#589=EDGE_CURVE('',#458,#459,#302,.T.);
#590=EDGE_CURVE('',#459,#457,#303,.T.);
#591=EDGE_CURVE('',#460,#458,#215,.T.);
#592=EDGE_CURVE('',#461,#460,#304,.T.);
#593=EDGE_CURVE('',#459,#461,#216,.T.);
#594=EDGE_CURVE('',#462,#460,#305,.T.);
#595=EDGE_CURVE('',#462,#463,#306,.T.);
#596=EDGE_CURVE('',#463,#461,#307,.T.);
#597=EDGE_CURVE('',#464,#462,#217,.T.);
#598=EDGE_CURVE('',#465,#464,#308,.T.);
#599=EDGE_CURVE('',#463,#465,#218,.T.);
#600=EDGE_CURVE('',#466,#464,#309,.T.);
#601=EDGE_CURVE('',#466,#467,#310,.T.);
#602=EDGE_CURVE('',#467,#465,#311,.T.);
#603=EDGE_CURVE('',#468,#466,#219,.T.);
#604=EDGE_CURVE('',#469,#468,#312,.T.);
#605=EDGE_CURVE('',#467,#469,#220,.T.);
#606=EDGE_CURVE('',#470,#468,#313,.T.);
#607=EDGE_CURVE('',#470,#471,#314,.T.);
#608=EDGE_CURVE('',#471,#469,#315,.T.);
#609=EDGE_CURVE('',#472,#470,#221,.T.);
#610=EDGE_CURVE('',#473,#472,#316,.T.);
#611=EDGE_CURVE('',#471,#473,#222,.T.);
#612=EDGE_CURVE('',#451,#472,#317,.T.);
#613=EDGE_CURVE('',#453,#473,#318,.T.);
#614=EDGE_CURVE('',#474,#474,#223,.T.);
#615=EDGE_CURVE('',#445,#379,#55,.T.);
#616=EDGE_CURVE('',#416,#412,#257,.F.);
#617=EDGE_CURVE('',#419,#388,#258,.T.);
#618=EDGE_CURVE('',#411,#415,#259,.F.);
#619=EDGE_CURVE('',#414,#382,#260,.F.);
#620=EDGE_CURVE('',#446,#380,#56,.T.);
#621=EDGE_CURVE('',#475,#422,#261,.T.);
#622=EDGE_CURVE('',#387,#475,#262,.T.);
#623=EDGE_CURVE('',#475,#474,#319,.T.);
#624=EDGE_CURVE('',#449,#413,#224,.T.);
#625=ORIENTED_EDGE('',*,*,#476,.F.);
#626=ORIENTED_EDGE('',*,*,#477,.F.);
#627=ORIENTED_EDGE('',*,*,#478,.F.);
#628=ORIENTED_EDGE('',*,*,#479,.F.);
#629=ORIENTED_EDGE('',*,*,#480,.F.);
#630=ORIENTED_EDGE('',*,*,#481,.T.);
#631=ORIENTED_EDGE('',*,*,#482,.T.);
#632=ORIENTED_EDGE('',*,*,#483,.F.);
#633=ORIENTED_EDGE('',*,*,#476,.T.);
#634=ORIENTED_EDGE('',*,*,#484,.F.);
#635=ORIENTED_EDGE('',*,*,#485,.F.);
#636=ORIENTED_EDGE('',*,*,#486,.F.);
#637=ORIENTED_EDGE('',*,*,#487,.T.);
#638=ORIENTED_EDGE('',*,*,#488,.F.);
#639=ORIENTED_EDGE('',*,*,#489,.F.);
#640=ORIENTED_EDGE('',*,*,#490,.F.);
#641=ORIENTED_EDGE('',*,*,#485,.T.);
#642=ORIENTED_EDGE('',*,*,#491,.F.);
#643=ORIENTED_EDGE('',*,*,#492,.F.);
#644=ORIENTED_EDGE('',*,*,#493,.F.);
#645=ORIENTED_EDGE('',*,*,#489,.T.);
#646=ORIENTED_EDGE('',*,*,#494,.F.);
#647=ORIENTED_EDGE('',*,*,#495,.F.);
#648=ORIENTED_EDGE('',*,*,#496,.F.);
#649=ORIENTED_EDGE('',*,*,#492,.T.);
#650=ORIENTED_EDGE('',*,*,#497,.F.);
#651=ORIENTED_EDGE('',*,*,#498,.F.);
#652=ORIENTED_EDGE('',*,*,#499,.F.);
#653=ORIENTED_EDGE('',*,*,#495,.T.);
#654=ORIENTED_EDGE('',*,*,#500,.F.);
#655=ORIENTED_EDGE('',*,*,#501,.F.);
#656=ORIENTED_EDGE('',*,*,#502,.F.);
#657=ORIENTED_EDGE('',*,*,#498,.T.);
#658=ORIENTED_EDGE('',*,*,#503,.F.);
#659=ORIENTED_EDGE('',*,*,#504,.F.);
#660=ORIENTED_EDGE('',*,*,#505,.F.);
#661=ORIENTED_EDGE('',*,*,#501,.T.);
#662=ORIENTED_EDGE('',*,*,#506,.F.);
#663=ORIENTED_EDGE('',*,*,#507,.F.);
#664=ORIENTED_EDGE('',*,*,#508,.F.);
#665=ORIENTED_EDGE('',*,*,#504,.T.);
#666=ORIENTED_EDGE('',*,*,#509,.F.);
#667=ORIENTED_EDGE('',*,*,#510,.F.);
#668=ORIENTED_EDGE('',*,*,#511,.F.);
#669=ORIENTED_EDGE('',*,*,#507,.T.);
#670=ORIENTED_EDGE('',*,*,#512,.F.);
#671=ORIENTED_EDGE('',*,*,#513,.F.);
#672=ORIENTED_EDGE('',*,*,#514,.F.);
#673=ORIENTED_EDGE('',*,*,#510,.T.);
#674=ORIENTED_EDGE('',*,*,#515,.F.);
#675=ORIENTED_EDGE('',*,*,#516,.F.);
#676=ORIENTED_EDGE('',*,*,#517,.F.);
#677=ORIENTED_EDGE('',*,*,#513,.T.);
#678=ORIENTED_EDGE('',*,*,#518,.F.);
#679=ORIENTED_EDGE('',*,*,#519,.F.);
#680=ORIENTED_EDGE('',*,*,#520,.F.);
#681=ORIENTED_EDGE('',*,*,#516,.T.);
#682=ORIENTED_EDGE('',*,*,#521,.F.);
#683=ORIENTED_EDGE('',*,*,#522,.F.);
#684=ORIENTED_EDGE('',*,*,#523,.F.);
#685=ORIENTED_EDGE('',*,*,#519,.T.);
#686=ORIENTED_EDGE('',*,*,#524,.F.);
#687=ORIENTED_EDGE('',*,*,#525,.T.);
#688=ORIENTED_EDGE('',*,*,#526,.T.);
#689=ORIENTED_EDGE('',*,*,#481,.F.);
#690=ORIENTED_EDGE('',*,*,#527,.F.);
#691=ORIENTED_EDGE('',*,*,#528,.F.);
#692=ORIENTED_EDGE('',*,*,#529,.T.);
#693=ORIENTED_EDGE('',*,*,#530,.F.);
#694=ORIENTED_EDGE('',*,*,#482,.F.);
#695=ORIENTED_EDGE('',*,*,#526,.F.);
#696=ORIENTED_EDGE('',*,*,#531,.F.);
#697=ORIENTED_EDGE('',*,*,#532,.F.);
#698=ORIENTED_EDGE('',*,*,#533,.F.);
#699=ORIENTED_EDGE('',*,*,#534,.F.);
#700=ORIENTED_EDGE('',*,*,#535,.F.);
#701=ORIENTED_EDGE('',*,*,#531,.T.);
#702=ORIENTED_EDGE('',*,*,#536,.F.);
#703=ORIENTED_EDGE('',*,*,#537,.T.);
#704=ORIENTED_EDGE('',*,*,#538,.F.);
#705=ORIENTED_EDGE('',*,*,#539,.F.);
#706=ORIENTED_EDGE('',*,*,#534,.T.);
#707=ORIENTED_EDGE('',*,*,#540,.T.);
#708=ORIENTED_EDGE('',*,*,#541,.F.);
#709=ORIENTED_EDGE('',*,*,#542,.F.);
#710=ORIENTED_EDGE('',*,*,#538,.T.);
#711=ORIENTED_EDGE('',*,*,#543,.T.);
#712=ORIENTED_EDGE('',*,*,#544,.F.);
#713=ORIENTED_EDGE('',*,*,#545,.F.);
#714=ORIENTED_EDGE('',*,*,#541,.T.);
#715=ORIENTED_EDGE('',*,*,#546,.T.);
#716=ORIENTED_EDGE('',*,*,#547,.F.);
#717=ORIENTED_EDGE('',*,*,#548,.F.);
#718=ORIENTED_EDGE('',*,*,#544,.T.);
#719=ORIENTED_EDGE('',*,*,#549,.T.);
#720=ORIENTED_EDGE('',*,*,#550,.F.);
#721=ORIENTED_EDGE('',*,*,#551,.F.);
#722=ORIENTED_EDGE('',*,*,#547,.T.);
#723=ORIENTED_EDGE('',*,*,#552,.T.);
#724=ORIENTED_EDGE('',*,*,#553,.F.);
#725=ORIENTED_EDGE('',*,*,#554,.F.);
#726=ORIENTED_EDGE('',*,*,#550,.T.);
#727=ORIENTED_EDGE('',*,*,#555,.T.);
#728=ORIENTED_EDGE('',*,*,#556,.F.);
#729=ORIENTED_EDGE('',*,*,#557,.F.);
#730=ORIENTED_EDGE('',*,*,#553,.T.);
#731=ORIENTED_EDGE('',*,*,#558,.T.);
#732=ORIENTED_EDGE('',*,*,#559,.F.);
#733=ORIENTED_EDGE('',*,*,#560,.F.);
#734=ORIENTED_EDGE('',*,*,#556,.T.);
#735=ORIENTED_EDGE('',*,*,#561,.T.);
#736=ORIENTED_EDGE('',*,*,#562,.F.);
#737=ORIENTED_EDGE('',*,*,#563,.F.);
#738=ORIENTED_EDGE('',*,*,#559,.T.);
#739=ORIENTED_EDGE('',*,*,#564,.T.);
#740=ORIENTED_EDGE('',*,*,#565,.F.);
#741=ORIENTED_EDGE('',*,*,#566,.F.);
#742=ORIENTED_EDGE('',*,*,#562,.T.);
#743=ORIENTED_EDGE('',*,*,#567,.T.);
#744=ORIENTED_EDGE('',*,*,#568,.F.);
#745=ORIENTED_EDGE('',*,*,#569,.F.);
#746=ORIENTED_EDGE('',*,*,#565,.T.);
#747=ORIENTED_EDGE('',*,*,#570,.T.);
#748=ORIENTED_EDGE('',*,*,#571,.F.);
#749=ORIENTED_EDGE('',*,*,#572,.F.);
#750=ORIENTED_EDGE('',*,*,#568,.T.);
#751=ORIENTED_EDGE('',*,*,#573,.T.);
#752=ORIENTED_EDGE('',*,*,#574,.T.);
#753=ORIENTED_EDGE('',*,*,#575,.T.);
#754=ORIENTED_EDGE('',*,*,#576,.T.);
#755=ORIENTED_EDGE('',*,*,#577,.T.);
#756=ORIENTED_EDGE('',*,*,#575,.F.);
#757=ORIENTED_EDGE('',*,*,#578,.F.);
#758=ORIENTED_EDGE('',*,*,#579,.F.);
#759=ORIENTED_EDGE('',*,*,#580,.F.);
#760=ORIENTED_EDGE('',*,*,#581,.F.);
#761=ORIENTED_EDGE('',*,*,#582,.F.);
#762=ORIENTED_EDGE('',*,*,#583,.T.);
#763=ORIENTED_EDGE('',*,*,#584,.T.);
#764=ORIENTED_EDGE('',*,*,#579,.T.);
#765=ORIENTED_EDGE('',*,*,#585,.F.);
#766=ORIENTED_EDGE('',*,*,#586,.F.);
#767=ORIENTED_EDGE('',*,*,#587,.F.);
#768=ORIENTED_EDGE('',*,*,#583,.F.);
#769=ORIENTED_EDGE('',*,*,#588,.F.);
#770=ORIENTED_EDGE('',*,*,#589,.T.);
#771=ORIENTED_EDGE('',*,*,#590,.T.);
#772=ORIENTED_EDGE('',*,*,#586,.T.);
#773=ORIENTED_EDGE('',*,*,#591,.F.);
#774=ORIENTED_EDGE('',*,*,#592,.F.);
#775=ORIENTED_EDGE('',*,*,#593,.F.);
#776=ORIENTED_EDGE('',*,*,#589,.F.);
#777=ORIENTED_EDGE('',*,*,#594,.F.);
#778=ORIENTED_EDGE('',*,*,#595,.T.);
#779=ORIENTED_EDGE('',*,*,#596,.T.);
#780=ORIENTED_EDGE('',*,*,#592,.T.);
#781=ORIENTED_EDGE('',*,*,#597,.F.);
#782=ORIENTED_EDGE('',*,*,#598,.F.);
#783=ORIENTED_EDGE('',*,*,#599,.F.);
#784=ORIENTED_EDGE('',*,*,#595,.F.);
#785=ORIENTED_EDGE('',*,*,#600,.F.);
#786=ORIENTED_EDGE('',*,*,#601,.T.);
#787=ORIENTED_EDGE('',*,*,#602,.T.);
#788=ORIENTED_EDGE('',*,*,#598,.T.);
#789=ORIENTED_EDGE('',*,*,#603,.F.);
#790=ORIENTED_EDGE('',*,*,#604,.F.);
#791=ORIENTED_EDGE('',*,*,#605,.F.);
#792=ORIENTED_EDGE('',*,*,#601,.F.);
#793=ORIENTED_EDGE('',*,*,#606,.F.);
#794=ORIENTED_EDGE('',*,*,#607,.T.);
#795=ORIENTED_EDGE('',*,*,#608,.T.);
#796=ORIENTED_EDGE('',*,*,#604,.T.);
#797=ORIENTED_EDGE('',*,*,#609,.F.);
#798=ORIENTED_EDGE('',*,*,#610,.F.);
#799=ORIENTED_EDGE('',*,*,#611,.F.);
#800=ORIENTED_EDGE('',*,*,#607,.F.);
#801=ORIENTED_EDGE('',*,*,#612,.F.);
#802=ORIENTED_EDGE('',*,*,#581,.T.);
#803=ORIENTED_EDGE('',*,*,#613,.T.);
#804=ORIENTED_EDGE('',*,*,#610,.T.);
#805=ORIENTED_EDGE('',*,*,#613,.F.);
#806=ORIENTED_EDGE('',*,*,#580,.T.);
#807=ORIENTED_EDGE('',*,*,#584,.F.);
#808=ORIENTED_EDGE('',*,*,#587,.T.);
#809=ORIENTED_EDGE('',*,*,#590,.F.);
#810=ORIENTED_EDGE('',*,*,#593,.T.);
#811=ORIENTED_EDGE('',*,*,#596,.F.);
#812=ORIENTED_EDGE('',*,*,#599,.T.);
#813=ORIENTED_EDGE('',*,*,#602,.F.);
#814=ORIENTED_EDGE('',*,*,#605,.T.);
#815=ORIENTED_EDGE('',*,*,#608,.F.);
#816=ORIENTED_EDGE('',*,*,#611,.T.);
#817=ORIENTED_EDGE('',*,*,#574,.F.);
#818=ORIENTED_EDGE('',*,*,#578,.T.);
#819=ORIENTED_EDGE('',*,*,#612,.T.);
#820=ORIENTED_EDGE('',*,*,#609,.T.);
#821=ORIENTED_EDGE('',*,*,#606,.T.);
#822=ORIENTED_EDGE('',*,*,#603,.T.);
#823=ORIENTED_EDGE('',*,*,#600,.T.);
#824=ORIENTED_EDGE('',*,*,#597,.T.);
#825=ORIENTED_EDGE('',*,*,#594,.T.);
#826=ORIENTED_EDGE('',*,*,#591,.T.);
#827=ORIENTED_EDGE('',*,*,#588,.T.);
#828=ORIENTED_EDGE('',*,*,#585,.T.);
#829=ORIENTED_EDGE('',*,*,#582,.T.);
#830=ORIENTED_EDGE('',*,*,#614,.T.);
#831=ORIENTED_EDGE('',*,*,#532,.T.);
#832=ORIENTED_EDGE('',*,*,#535,.T.);
#833=ORIENTED_EDGE('',*,*,#539,.T.);
#834=ORIENTED_EDGE('',*,*,#542,.T.);
#835=ORIENTED_EDGE('',*,*,#545,.T.);
#836=ORIENTED_EDGE('',*,*,#548,.T.);
#837=ORIENTED_EDGE('',*,*,#551,.T.);
#838=ORIENTED_EDGE('',*,*,#554,.T.);
#839=ORIENTED_EDGE('',*,*,#557,.T.);
#840=ORIENTED_EDGE('',*,*,#560,.T.);
#841=ORIENTED_EDGE('',*,*,#563,.T.);
#842=ORIENTED_EDGE('',*,*,#566,.T.);
#843=ORIENTED_EDGE('',*,*,#569,.T.);
#844=ORIENTED_EDGE('',*,*,#572,.T.);
#845=ORIENTED_EDGE('',*,*,#615,.T.);
#846=ORIENTED_EDGE('',*,*,#477,.T.);
#847=ORIENTED_EDGE('',*,*,#483,.T.);
#848=ORIENTED_EDGE('',*,*,#530,.T.);
#849=ORIENTED_EDGE('',*,*,#616,.T.);
#850=ORIENTED_EDGE('',*,*,#524,.T.);
#851=ORIENTED_EDGE('',*,*,#521,.T.);
#852=ORIENTED_EDGE('',*,*,#518,.T.);
#853=ORIENTED_EDGE('',*,*,#515,.T.);
#854=ORIENTED_EDGE('',*,*,#512,.T.);
#855=ORIENTED_EDGE('',*,*,#509,.T.);
#856=ORIENTED_EDGE('',*,*,#506,.T.);
#857=ORIENTED_EDGE('',*,*,#503,.T.);
#858=ORIENTED_EDGE('',*,*,#500,.T.);
#859=ORIENTED_EDGE('',*,*,#497,.T.);
#860=ORIENTED_EDGE('',*,*,#494,.T.);
#861=ORIENTED_EDGE('',*,*,#491,.T.);
#862=ORIENTED_EDGE('',*,*,#488,.T.);
#863=ORIENTED_EDGE('',*,*,#617,.F.);
#864=ORIENTED_EDGE('',*,*,#486,.T.);
#865=ORIENTED_EDGE('',*,*,#490,.T.);
#866=ORIENTED_EDGE('',*,*,#493,.T.);
#867=ORIENTED_EDGE('',*,*,#496,.T.);
#868=ORIENTED_EDGE('',*,*,#499,.T.);
#869=ORIENTED_EDGE('',*,*,#502,.T.);
#870=ORIENTED_EDGE('',*,*,#505,.T.);
#871=ORIENTED_EDGE('',*,*,#508,.T.);
#872=ORIENTED_EDGE('',*,*,#511,.T.);
#873=ORIENTED_EDGE('',*,*,#514,.T.);
#874=ORIENTED_EDGE('',*,*,#517,.T.);
#875=ORIENTED_EDGE('',*,*,#520,.T.);
#876=ORIENTED_EDGE('',*,*,#523,.T.);
#877=ORIENTED_EDGE('',*,*,#618,.T.);
#878=ORIENTED_EDGE('',*,*,#528,.T.);
#879=ORIENTED_EDGE('',*,*,#619,.T.);
#880=ORIENTED_EDGE('',*,*,#484,.T.);
#881=ORIENTED_EDGE('',*,*,#479,.T.);
#882=ORIENTED_EDGE('',*,*,#620,.F.);
#883=ORIENTED_EDGE('',*,*,#573,.F.);
#884=ORIENTED_EDGE('',*,*,#570,.F.);
#885=ORIENTED_EDGE('',*,*,#567,.F.);
#886=ORIENTED_EDGE('',*,*,#564,.F.);
#887=ORIENTED_EDGE('',*,*,#561,.F.);
#888=ORIENTED_EDGE('',*,*,#558,.F.);
#889=ORIENTED_EDGE('',*,*,#555,.F.);
#890=ORIENTED_EDGE('',*,*,#552,.F.);
#891=ORIENTED_EDGE('',*,*,#549,.F.);
#892=ORIENTED_EDGE('',*,*,#546,.F.);
#893=ORIENTED_EDGE('',*,*,#543,.F.);
#894=ORIENTED_EDGE('',*,*,#540,.F.);
#895=ORIENTED_EDGE('',*,*,#537,.F.);
#896=ORIENTED_EDGE('',*,*,#621,.F.);
#897=ORIENTED_EDGE('',*,*,#622,.F.);
#898=ORIENTED_EDGE('',*,*,#571,.T.);
#899=ORIENTED_EDGE('',*,*,#620,.T.);
#900=ORIENTED_EDGE('',*,*,#478,.T.);
#901=ORIENTED_EDGE('',*,*,#615,.F.);
#902=ORIENTED_EDGE('',*,*,#622,.T.);
#903=ORIENTED_EDGE('',*,*,#623,.T.);
#904=ORIENTED_EDGE('',*,*,#614,.F.);
#905=ORIENTED_EDGE('',*,*,#623,.F.);
#906=ORIENTED_EDGE('',*,*,#621,.T.);
#907=ORIENTED_EDGE('',*,*,#536,.T.);
#908=ORIENTED_EDGE('',*,*,#533,.T.);
#909=ORIENTED_EDGE('',*,*,#617,.T.);
#910=ORIENTED_EDGE('',*,*,#487,.F.);
#911=ORIENTED_EDGE('',*,*,#529,.F.);
#912=ORIENTED_EDGE('',*,*,#618,.F.);
#913=ORIENTED_EDGE('',*,*,#522,.T.);
#914=ORIENTED_EDGE('',*,*,#616,.F.);
#915=ORIENTED_EDGE('',*,*,#480,.T.);
#916=ORIENTED_EDGE('',*,*,#619,.F.);
#917=ORIENTED_EDGE('',*,*,#527,.T.);
#918=ORIENTED_EDGE('',*,*,#576,.F.);
#919=ORIENTED_EDGE('',*,*,#577,.F.);
#920=ORIENTED_EDGE('',*,*,#624,.T.);
#921=ORIENTED_EDGE('',*,*,#525,.F.);
#922=ORIENTED_EDGE('',*,*,#624,.F.);
#923=CONICAL_SURFACE('',#995,0.1875,0.555014702134198);
#924=CONICAL_SURFACE('',#997,0.1875,0.555014702134198);
#925=CONICAL_SURFACE('',#1033,0.203772321875453,0.718532368691546);
#926=CONICAL_SURFACE('',#1066,0.140625,0.785398163397446);
#927=CONICAL_SURFACE('',#1068,0.1875,0.555014702134198);
#928=ADVANCED_FACE('',(#93),#923,.T.);
#929=ADVANCED_FACE('',(#94),#924,.T.);
#930=ADVANCED_FACE('',(#95),#57,.T.);
#931=ADVANCED_FACE('',(#96),#58,.T.);
#932=ADVANCED_FACE('',(#97),#59,.T.);
#933=ADVANCED_FACE('',(#98),#60,.T.);
#934=ADVANCED_FACE('',(#99),#61,.T.);
#935=ADVANCED_FACE('',(#100),#62,.T.);
#936=ADVANCED_FACE('',(#101),#63,.T.);
#937=ADVANCED_FACE('',(#102),#64,.T.);
#938=ADVANCED_FACE('',(#103),#65,.T.);
#939=ADVANCED_FACE('',(#104),#66,.T.);
#940=ADVANCED_FACE('',(#105),#67,.T.);
#941=ADVANCED_FACE('',(#106),#68,.T.);
#942=ADVANCED_FACE('',(#107),#69,.T.);
#943=ADVANCED_FACE('',(#108),#70,.T.);
#944=ADVANCED_FACE('',(#109),#71,.T.);
#945=ADVANCED_FACE('',(#110),#72,.T.);
#946=ADVANCED_FACE('',(#111),#73,.T.);
#947=ADVANCED_FACE('',(#112),#74,.T.);
#948=ADVANCED_FACE('',(#113),#75,.T.);
#949=ADVANCED_FACE('',(#114),#76,.T.);
#950=ADVANCED_FACE('',(#115),#77,.T.);
#951=ADVANCED_FACE('',(#116),#78,.T.);
#952=ADVANCED_FACE('',(#117),#79,.T.);
#953=ADVANCED_FACE('',(#118),#80,.T.);
#954=ADVANCED_FACE('',(#119),#81,.T.);
#955=ADVANCED_FACE('',(#120),#82,.T.);
#956=ADVANCED_FACE('',(#121),#83,.T.);
#957=ADVANCED_FACE('',(#122),#84,.T.);
#958=ADVANCED_FACE('',(#123),#925,.T.);
#959=ADVANCED_FACE('',(#124),#85,.T.);
#960=ADVANCED_FACE('',(#125),#19,.F.);
#961=ADVANCED_FACE('',(#126),#86,.T.);
#962=ADVANCED_FACE('',(#127),#20,.F.);
#963=ADVANCED_FACE('',(#128),#87,.T.);
#964=ADVANCED_FACE('',(#129),#21,.F.);
#965=ADVANCED_FACE('',(#130),#88,.T.);
#966=ADVANCED_FACE('',(#131),#22,.F.);
#967=ADVANCED_FACE('',(#132),#89,.T.);
#968=ADVANCED_FACE('',(#133),#23,.F.);
#969=ADVANCED_FACE('',(#134),#90,.T.);
#970=ADVANCED_FACE('',(#135),#24,.F.);
#971=ADVANCED_FACE('',(#136,#18),#25,.T.);
#972=ADVANCED_FACE('',(#137),#26,.T.);
#973=ADVANCED_FACE('',(#138),#27,.T.);
#974=ADVANCED_FACE('',(#139),#16,.T.);
#975=ADVANCED_FACE('',(#140),#17,.T.);
#976=ADVANCED_FACE('',(#141),#91,.T.);
#977=ADVANCED_FACE('',(#142),#926,.T.);
#978=ADVANCED_FACE('',(#143),#92,.T.);
#979=ADVANCED_FACE('',(#144),#927,.T.);
#980=ADVANCED_FACE('',(#145),#15,.F.);
#981=CLOSED_SHELL('',(#928,#929,#930,#931,#932,#933,#934,#935,#936,#937,
#938,#939,#940,#941,#942,#943,#944,#945,#946,#947,#948,#949,#950,#951,#952,
#953,#954,#955,#956,#957,#958,#959,#960,#961,#962,#963,#964,#965,#966,#967,
#968,#969,#970,#971,#972,#973,#974,#975,#976,#977,#978,#979,#980));
#982=DERIVED_UNIT_ELEMENT(#984,1.);
#983=DERIVED_UNIT_ELEMENT(#4283,-3.);
#984=(
MASS_UNIT()
NAMED_UNIT(*)
SI_UNIT(.KILO.,.GRAM.)
);
#985=DERIVED_UNIT((#982,#983));
#986=MEASURE_REPRESENTATION_ITEM('density measure',
POSITIVE_RATIO_MEASURE(7850.),#985);
#987=PROPERTY_DEFINITION_REPRESENTATION(#992,#989);
#988=PROPERTY_DEFINITION_REPRESENTATION(#993,#990);
#989=REPRESENTATION('material name',(#991),#4278);
#990=REPRESENTATION('density',(#986),#4278);
#991=DESCRIPTIVE_REPRESENTATION_ITEM('Steel','Steel');
#992=PROPERTY_DEFINITION('material property','material name',#4291);
#993=PROPERTY_DEFINITION('material property','density of part',#4291);
#994=AXIS2_PLACEMENT_3D('',#1282,#1071,#1072);
#995=AXIS2_PLACEMENT_3D('',#1283,#1073,#1074);
#996=AXIS2_PLACEMENT_3D('',#1307,#1076,#1077);
#997=AXIS2_PLACEMENT_3D('',#1326,#1078,#1079);
#998=AXIS2_PLACEMENT_3D('',#1331,#1081,#1082);
#999=AXIS2_PLACEMENT_3D('',#1333,#1083,#1084);
#1000=AXIS2_PLACEMENT_3D('',#1386,#1085,#1086);
#1001=AXIS2_PLACEMENT_3D('',#1414,#1088,#1089);
#1002=AXIS2_PLACEMENT_3D('',#1435,#1090,#1091);
#1003=AXIS2_PLACEMENT_3D('',#1513,#1093,#1094);
#1004=AXIS2_PLACEMENT_3D('',#1589,#1096,#1097);
#1005=AXIS2_PLACEMENT_3D('',#1665,#1099,#1100);
#1006=AXIS2_PLACEMENT_3D('',#1741,#1102,#1103);
#1007=AXIS2_PLACEMENT_3D('',#1817,#1105,#1106);
#1008=AXIS2_PLACEMENT_3D('',#1893,#1108,#1109);
#1009=AXIS2_PLACEMENT_3D('',#1969,#1111,#1112);
#1010=AXIS2_PLACEMENT_3D('',#2045,#1114,#1115);
#1011=AXIS2_PLACEMENT_3D('',#2121,#1117,#1118);
#1012=AXIS2_PLACEMENT_3D('',#2197,#1120,#1121);
#1013=AXIS2_PLACEMENT_3D('',#2273,#1123,#1124);
#1014=AXIS2_PLACEMENT_3D('',#2349,#1126,#1127);
#1015=AXIS2_PLACEMENT_3D('',#2351,#1128,#1129);
#1016=AXIS2_PLACEMENT_3D('',#2354,#1131,#1132);
#1017=AXIS2_PLACEMENT_3D('',#2408,#1134,#1135);
#1018=AXIS2_PLACEMENT_3D('',#2416,#1137,#1138);
#1019=AXIS2_PLACEMENT_3D('',#2417,#1139,#1140);
#1020=AXIS2_PLACEMENT_3D('',#2439,#1142,#1143);
#1021=AXIS2_PLACEMENT_3D('',#2457,#1144,#1145);
#1022=AXIS2_PLACEMENT_3D('',#2495,#1147,#1148);
#1023=AXIS2_PLACEMENT_3D('',#2533,#1150,#1151);
#1024=AXIS2_PLACEMENT_3D('',#2571,#1153,#1154);
#1025=AXIS2_PLACEMENT_3D('',#2609,#1156,#1157);
#1026=AXIS2_PLACEMENT_3D('',#2647,#1159,#1160);
#1027=AXIS2_PLACEMENT_3D('',#2685,#1162,#1163);
#1028=AXIS2_PLACEMENT_3D('',#2723,#1165,#1166);
#1029=AXIS2_PLACEMENT_3D('',#2761,#1168,#1169);
#1030=AXIS2_PLACEMENT_3D('',#2799,#1171,#1172);
#1031=AXIS2_PLACEMENT_3D('',#2837,#1174,#1175);
#1032=AXIS2_PLACEMENT_3D('',#2875,#1177,#1178);
#1033=AXIS2_PLACEMENT_3D('',#2913,#1180,#1181);
#1034=AXIS2_PLACEMENT_3D('',#2915,#1182,#1183);
#1035=AXIS2_PLACEMENT_3D('',#2919,#1185,#1186);
#1036=AXIS2_PLACEMENT_3D('',#2920,#1187,#1188);
#1037=AXIS2_PLACEMENT_3D('',#2921,#1189,#1190);
#1038=AXIS2_PLACEMENT_3D('',#2924,#1191,#1192);
#1039=AXIS2_PLACEMENT_3D('',#2928,#1194,#1195);
#1040=AXIS2_PLACEMENT_3D('',#2930,#1197,#1198);
#1041=AXIS2_PLACEMENT_3D('',#2936,#1202,#1203);
#1042=AXIS2_PLACEMENT_3D('',#2938,#1204,#1205);
#1043=AXIS2_PLACEMENT_3D('',#2941,#1207,#1208);
#1044=AXIS2_PLACEMENT_3D('',#2942,#1209,#1210);
#1045=AXIS2_PLACEMENT_3D('',#2948,#1214,#1215);
#1046=AXIS2_PLACEMENT_3D('',#2950,#1216,#1217);
#1047=AXIS2_PLACEMENT_3D('',#2953,#1219,#1220);
#1048=AXIS2_PLACEMENT_3D('',#2954,#1221,#1222);
#1049=AXIS2_PLACEMENT_3D('',#2960,#1226,#1227);
#1050=AXIS2_PLACEMENT_3D('',#2962,#1228,#1229);
#1051=AXIS2_PLACEMENT_3D('',#2965,#1231,#1232);
#1052=AXIS2_PLACEMENT_3D('',#2966,#1233,#1234);
#1053=AXIS2_PLACEMENT_3D('',#2972,#1238,#1239);
#1054=AXIS2_PLACEMENT_3D('',#2974,#1240,#1241);
#1055=AXIS2_PLACEMENT_3D('',#2977,#1243,#1244);
#1056=AXIS2_PLACEMENT_3D('',#2978,#1245,#1246);
#1057=AXIS2_PLACEMENT_3D('',#2984,#1250,#1251);
#1058=AXIS2_PLACEMENT_3D('',#2986,#1252,#1253);
#1059=AXIS2_PLACEMENT_3D('',#2989,#1255,#1256);
#1060=AXIS2_PLACEMENT_3D('',#2990,#1257,#1258);
#1061=AXIS2_PLACEMENT_3D('',#2993,#1261,#1262);
#1062=AXIS2_PLACEMENT_3D('',#2994,#1263,#1264);
#1063=AXIS2_PLACEMENT_3D('',#2995,#1265,#1266);
#1064=AXIS2_PLACEMENT_3D('',#2997,#1267,#1268);
#1065=AXIS2_PLACEMENT_3D('',#4269,#1269,#1270);
#1066=AXIS2_PLACEMENT_3D('',#4270,#1271,#1272);
#1067=AXIS2_PLACEMENT_3D('',#4272,#1274,#1275);
#1068=AXIS2_PLACEMENT_3D('',#4273,#1276,#1277);
#1069=AXIS2_PLACEMENT_3D('',#4274,#1278,#1279);
#1070=AXIS2_PLACEMENT_3D('',#4275,#1280,#1281);
#1071=DIRECTION('axis',(0.,0.,1.));
#1072=DIRECTION('refdir',(1.,0.,0.));
#1073=DIRECTION('center_axis',(-1.,0.,0.));
#1074=DIRECTION('ref_axis',(0.,0.,-1.));
#1075=DIRECTION('',(0.849892692986863,-6.45334728247155E-17,-0.526955795496678));
#1076=DIRECTION('center_axis',(1.,-3.30555699143213E-14,-2.74958334820525E-14));
#1077=DIRECTION('ref_axis',(-3.97210779964889E-14,-0.46555428663976,-0.885019325320834));
#1078=DIRECTION('center_axis',(-1.,0.,0.));
#1079=DIRECTION('ref_axis',(0.,0.,-1.));
#1080=DIRECTION('',(0.849892692986863,-6.45334728247155E-17,-0.526955795496678));
#1081=DIRECTION('center_axis',(1.,0.,0.));
#1082=DIRECTION('ref_axis',(0.,0.,-1.));
#1083=DIRECTION('center_axis',(1.,0.,0.));
#1084=DIRECTION('ref_axis',(0.,0.,-1.));
#1085=DIRECTION('center_axis',(-1.,0.,0.));
#1086=DIRECTION('ref_axis',(0.,0.,1.));
#1087=DIRECTION('',(1.,0.,0.));
#1088=DIRECTION('center_axis',(-1.,0.,0.));
#1089=DIRECTION('ref_axis',(0.,0.,-1.));
#1090=DIRECTION('center_axis',(-1.,0.,0.));
#1091=DIRECTION('ref_axis',(0.,0.,1.));
#1092=DIRECTION('',(1.,0.,0.));
#1093=DIRECTION('center_axis',(-1.,0.,0.));
#1094=DIRECTION('ref_axis',(0.,0.,1.));
#1095=DIRECTION('',(1.,0.,0.));
#1096=DIRECTION('center_axis',(-1.,0.,0.));
#1097=DIRECTION('ref_axis',(0.,0.,1.));
#1098=DIRECTION('',(1.,0.,0.));
#1099=DIRECTION('center_axis',(-1.,0.,0.));
#1100=DIRECTION('ref_axis',(0.,0.,1.));
#1101=DIRECTION('',(1.,0.,0.));
#1102=DIRECTION('center_axis',(-1.,0.,0.));
#1103=DIRECTION('ref_axis',(0.,0.,1.));
#1104=DIRECTION('',(1.,0.,0.));
#1105=DIRECTION('center_axis',(-1.,0.,0.));
#1106=DIRECTION('ref_axis',(0.,0.,1.));
#1107=DIRECTION('',(1.,0.,0.));
#1108=DIRECTION('center_axis',(-1.,0.,0.));
#1109=DIRECTION('ref_axis',(0.,0.,1.));
#1110=DIRECTION('',(1.,0.,0.));
#1111=DIRECTION('center_axis',(-1.,0.,0.));
#1112=DIRECTION('ref_axis',(0.,0.,1.));
#1113=DIRECTION('',(1.,0.,0.));
#1114=DIRECTION('center_axis',(-1.,0.,0.));
#1115=DIRECTION('ref_axis',(0.,0.,1.));
#1116=DIRECTION('',(1.,0.,0.));
#1117=DIRECTION('center_axis',(-1.,0.,0.));
#1118=DIRECTION('ref_axis',(0.,0.,1.));
#1119=DIRECTION('',(1.,0.,0.));
#1120=DIRECTION('center_axis',(-1.,0.,0.));
#1121=DIRECTION('ref_axis',(0.,0.,1.));
#1122=DIRECTION('',(1.,0.,0.));
#1123=DIRECTION('center_axis',(-1.,0.,0.));
#1124=DIRECTION('ref_axis',(0.,0.,1.));
#1125=DIRECTION('',(1.,0.,0.));
#1126=DIRECTION('center_axis',(-1.,0.,0.));
#1127=DIRECTION('ref_axis',(0.,0.,1.));
#1128=DIRECTION('center_axis',(1.,0.,0.));
#1129=DIRECTION('ref_axis',(0.,0.,1.));
#1130=DIRECTION('',(1.,0.,0.));
#1131=DIRECTION('center_axis',(1.,0.,0.));
#1132=DIRECTION('ref_axis',(0.,0.,-1.));
#1133=DIRECTION('',(1.,0.,0.));
#1134=DIRECTION('center_axis',(-1.,0.,0.));
#1135=DIRECTION('ref_axis',(0.,1.,3.15859158547426E-16));
#1136=DIRECTION('',(1.,0.,0.));
#1137=DIRECTION('center_axis',(1.,-1.60388603643097E-13,6.71296049882556E-14));
#1138=DIRECTION('ref_axis',(-1.47577937724803E-13,-0.9875446795838,-0.157338824915306));
#1139=DIRECTION('center_axis',(-1.,0.,0.));
#1140=DIRECTION('ref_axis',(0.,1.,3.15859158547426E-16));
#1141=DIRECTION('',(1.,0.,0.));
#1142=DIRECTION('center_axis',(1.,-1.60388603643097E-13,6.71296049882556E-14));
#1143=DIRECTION('ref_axis',(-1.47577937724803E-13,-0.9875446795838,-0.157338824915306));
#1144=DIRECTION('center_axis',(-1.,0.,0.));
#1145=DIRECTION('ref_axis',(0.,1.,3.15859158547426E-16));
#1146=DIRECTION('',(1.,0.,0.));
#1147=DIRECTION('center_axis',(-1.,0.,0.));
#1148=DIRECTION('ref_axis',(0.,1.,3.15859158547426E-16));
#1149=DIRECTION('',(1.,0.,0.));
#1150=DIRECTION('center_axis',(-1.,0.,0.));
#1151=DIRECTION('ref_axis',(0.,1.,3.15859158547426E-16));
#1152=DIRECTION('',(1.,0.,0.));
#1153=DIRECTION('center_axis',(-1.,0.,0.));
#1154=DIRECTION('ref_axis',(0.,1.,3.15859158547426E-16));
#1155=DIRECTION('',(1.,0.,0.));
#1156=DIRECTION('center_axis',(-1.,0.,0.));
#1157=DIRECTION('ref_axis',(0.,1.,3.15859158547426E-16));
#1158=DIRECTION('',(1.,0.,0.));
#1159=DIRECTION('center_axis',(-1.,0.,0.));
#1160=DIRECTION('ref_axis',(0.,1.,3.15859158547426E-16));
#1161=DIRECTION('',(1.,0.,0.));
#1162=DIRECTION('center_axis',(-1.,0.,0.));
#1163=DIRECTION('ref_axis',(0.,1.,3.15859158547426E-16));
#1164=DIRECTION('',(1.,0.,0.));
#1165=DIRECTION('center_axis',(-1.,0.,0.));
#1166=DIRECTION('ref_axis',(0.,1.,3.15859158547426E-16));
#1167=DIRECTION('',(1.,0.,0.));
#1168=DIRECTION('center_axis',(-1.,0.,0.));
#1169=DIRECTION('ref_axis',(0.,1.,3.15859158547426E-16));
#1170=DIRECTION('',(1.,0.,0.));
#1171=DIRECTION('center_axis',(-1.,0.,0.));
#1172=DIRECTION('ref_axis',(0.,1.,3.15859158547426E-16));
#1173=DIRECTION('',(1.,0.,0.));
#1174=DIRECTION('center_axis',(-1.,0.,0.));
#1175=DIRECTION('ref_axis',(0.,1.,3.15859158547426E-16));
#1176=DIRECTION('',(1.,0.,0.));
#1177=DIRECTION('center_axis',(-1.,0.,0.));
#1178=DIRECTION('ref_axis',(0.,1.,3.15859158547426E-16));
#1179=DIRECTION('',(1.,0.,0.));
#1180=DIRECTION('center_axis',(-1.,0.,0.));
#1181=DIRECTION('ref_axis',(0.,0.,-1.));
#1182=DIRECTION('center_axis',(1.,1.22464679914735E-16,0.));
#1183=DIRECTION('ref_axis',(0.,0.,1.));
#1184=DIRECTION('',(0.752772652709694,-8.06161215774335E-17,-0.658280588603682));
#1185=DIRECTION('center_axis',(-1.,0.,0.));
#1186=DIRECTION('ref_axis',(0.,0.,-1.));
#1187=DIRECTION('center_axis',(-1.,0.,0.));
#1188=DIRECTION('ref_axis',(0.,0.,-1.));
#1189=DIRECTION('center_axis',(1.,0.,0.));
#1190=DIRECTION('ref_axis',(0.,0.,-1.));
#1191=DIRECTION('center_axis',(-1.,0.,0.));
#1192=DIRECTION('ref_axis',(0.,0.,-1.));
#1193=DIRECTION('',(-1.,0.,0.));
#1194=DIRECTION('center_axis',(1.,1.22464679914735E-16,0.));
#1195=DIRECTION('ref_axis',(1.22464679914735E-16,-1.,-1.21415466385078E-15));
#1196=DIRECTION('',(1.,0.,0.));
#1197=DIRECTION('center_axis',(0.,0.866025403784439,-0.5));
#1198=DIRECTION('ref_axis',(0.,0.5,0.866025403784439));
#1199=DIRECTION('',(0.,0.5,0.866025403784439));
#1200=DIRECTION('',(1.,0.,0.));
#1201=DIRECTION('',(-6.12323399573676E-17,0.5,0.866025403784439));
#1202=DIRECTION('center_axis',(1.,0.,0.));
#1203=DIRECTION('ref_axis',(0.,0.,-1.));
#1204=DIRECTION('center_axis',(-1.,0.,0.));
#1205=DIRECTION('ref_axis',(0.,0.,-1.));
#1206=DIRECTION('',(-1.,0.,0.));
#1207=DIRECTION('center_axis',(1.,1.22464679914735E-16,0.));
#1208=DIRECTION('ref_axis',(1.22464679914735E-16,-1.,-5.32907051820075E-15));
#1209=DIRECTION('center_axis',(0.,0.866025403784439,0.5));
#1210=DIRECTION('ref_axis',(0.,-0.5,0.866025403784439));
#1211=DIRECTION('',(0.,-0.5,0.866025403784439));
#1212=DIRECTION('',(1.,0.,0.));
#1213=DIRECTION('',(6.12323399573676E-17,-0.5,0.866025403784439));
#1214=DIRECTION('center_axis',(1.,0.,0.));
#1215=DIRECTION('ref_axis',(0.,0.,-1.));
#1216=DIRECTION('center_axis',(-1.,0.,0.));
#1217=DIRECTION('ref_axis',(0.,0.,-1.));
#1218=DIRECTION('',(-1.,0.,0.));
#1219=DIRECTION('center_axis',(1.,1.22464679914735E-16,0.));
#1220=DIRECTION('ref_axis',(1.22464679914735E-16,-1.,1.21415466385078E-15));
#1221=DIRECTION('center_axis',(0.,0.,1.));
#1222=DIRECTION('ref_axis',(1.,0.,0.));
#1223=DIRECTION('',(0.,-1.,0.));
#1224=DIRECTION('',(1.,0.,0.));
#1225=DIRECTION('',(1.22464679914735E-16,-1.,0.));
#1226=DIRECTION('center_axis',(1.,0.,0.));
#1227=DIRECTION('ref_axis',(0.,0.,-1.));
#1228=DIRECTION('center_axis',(-1.,0.,0.));
#1229=DIRECTION('ref_axis',(0.,0.,-1.));
#1230=DIRECTION('',(-1.,0.,0.));
#1231=DIRECTION('center_axis',(1.,1.22464679914735E-16,0.));
#1232=DIRECTION('ref_axis',(1.22464679914735E-16,-1.,0.));
#1233=DIRECTION('center_axis',(0.,-0.866025403784439,0.5));
#1234=DIRECTION('ref_axis',(0.,-0.5,-0.866025403784439));
#1235=DIRECTION('',(0.,-0.5,-0.866025403784439));
#1236=DIRECTION('',(1.,0.,0.));
#1237=DIRECTION('',(6.12323399573676E-17,-0.5,-0.866025403784439));
#1238=DIRECTION('center_axis',(1.,0.,0.));
#1239=DIRECTION('ref_axis',(0.,0.,-1.));
#1240=DIRECTION('center_axis',(-1.,0.,0.));
#1241=DIRECTION('ref_axis',(0.,0.,-1.));
#1242=DIRECTION('',(-1.,0.,0.));
#1243=DIRECTION('center_axis',(1.,1.22464679914735E-16,0.));
#1244=DIRECTION('ref_axis',(1.22464679914735E-16,-1.,0.));
#1245=DIRECTION('center_axis',(0.,-0.866025403784439,-0.5));
#1246=DIRECTION('ref_axis',(0.,0.5,-0.866025403784439));
#1247=DIRECTION('',(0.,0.5,-0.866025403784439));
#1248=DIRECTION('',(1.,0.,0.));
#1249=DIRECTION('',(-6.12323399573676E-17,0.5,-0.866025403784439));
#1250=DIRECTION('center_axis',(1.,0.,0.));
#1251=DIRECTION('ref_axis',(0.,0.,-1.));
#1252=DIRECTION('center_axis',(-1.,0.,0.));
#1253=DIRECTION('ref_axis',(0.,0.,-1.));
#1254=DIRECTION('',(-1.,0.,0.));
#1255=DIRECTION('center_axis',(1.,1.22464679914735E-16,0.));
#1256=DIRECTION('ref_axis',(1.22464679914735E-16,-1.,-1.21415466385078E-15));
#1257=DIRECTION('center_axis',(0.,0.,-1.));
#1258=DIRECTION('ref_axis',(-1.,0.,0.));
#1259=DIRECTION('',(0.,1.,0.));
#1260=DIRECTION('',(-1.22464679914735E-16,1.,0.));
#1261=DIRECTION('center_axis',(1.,1.22464679914735E-16,0.));
#1262=DIRECTION('ref_axis',(0.,0.,-1.));
#1263=DIRECTION('center_axis',(-1.,0.,0.));
#1264=DIRECTION('ref_axis',(0.,0.,1.));
#1265=DIRECTION('center_axis',(1.,0.,0.));
#1266=DIRECTION('ref_axis',(0.,0.,-1.));
#1267=DIRECTION('center_axis',(1.,0.,0.));
#1268=DIRECTION('ref_axis',(0.,0.,-1.));
#1269=DIRECTION('center_axis',(-1.,0.,0.));
#1270=DIRECTION('ref_axis',(0.,1.,3.15859158547426E-16));
#1271=DIRECTION('center_axis',(-1.,0.,0.));
#1272=DIRECTION('ref_axis',(0.,0.,1.));
#1273=DIRECTION('',(0.707106781186549,8.65956056235491E-17,0.707106781186546));
#1274=DIRECTION('center_axis',(-1.,0.,0.));
#1275=DIRECTION('ref_axis',(0.,0.,1.));
#1276=DIRECTION('center_axis',(-1.,0.,0.));
#1277=DIRECTION('ref_axis',(0.,0.,-1.));
#1278=DIRECTION('center_axis',(-1.,0.,0.));
#1279=DIRECTION('ref_axis',(0.,0.,1.));
#1280=DIRECTION('center_axis',(0.,1.,-1.22464679914735E-16));
#1281=DIRECTION('ref_axis',(0.,-1.22464679914735E-16,-1.));
#1282=CARTESIAN_POINT('',(0.,0.,0.));
#1283=CARTESIAN_POINT('Origin',(0.0625,0.,0.));
#1284=CARTESIAN_POINT('',(0.0868369574411406,6.96405252720634E-15,0.172410447078566));
#1285=CARTESIAN_POINT('',(0.114277564442745,2.23050771322071E-15,0.155396549899825));
#1286=CARTESIAN_POINT('',(0.0625,2.29621274840129E-17,0.1875));
#1287=CARTESIAN_POINT('',(0.127972936923804,-0.0683922800385157,-0.130013816377284));
#1288=CARTESIAN_POINT('Ctrl Pts',(0.0868369574411407,1.38941788957764E-14,
0.172410447078566));
#1289=CARTESIAN_POINT('Ctrl Pts',(0.0877078808323869,-0.0102226044425138,
0.171870451697694));
#1290=CARTESIAN_POINT('Ctrl Pts',(0.0885932057938628,-0.0201516465772302,
0.170432756564515));
#1291=CARTESIAN_POINT('Ctrl Pts',(0.0914571057561736,-0.0508390377130546,
0.163150191723749));
#1292=CARTESIAN_POINT('Ctrl Pts',(0.0934845882173321,-0.0705305706154808,
0.154282205885308));
#1293=CARTESIAN_POINT('Ctrl Pts',(0.0971301120684783,-0.102325112088523,
0.131906928798612));
#1294=CARTESIAN_POINT('Ctrl Pts',(0.0990710324451143,-0.119264765552247,
0.116682507955487));
#1295=CARTESIAN_POINT('Ctrl Pts',(0.103463084706025,-0.14388366369844,0.0773916632658554));
#1296=CARTESIAN_POINT('Ctrl Pts',(0.10548350908778,-0.151327006557938,0.0581992977359963));
#1297=CARTESIAN_POINT('Ctrl Pts',(0.109189455373663,-0.158086692573687,
0.0211059548115299));
#1298=CARTESIAN_POINT('Ctrl Pts',(0.111129537057007,-0.159205067734346,
-0.000537783260939209));
#1299=CARTESIAN_POINT('Ctrl Pts',(0.115455347604486,-0.149766256132434,
-0.0432080683684501));
#1300=CARTESIAN_POINT('Ctrl Pts',(0.117467772420744,-0.142016073772753,
-0.0611837108391364));
#1301=CARTESIAN_POINT('Ctrl Pts',(0.121215289115601,-0.121630424565359,
-0.0912145624262435));
#1302=CARTESIAN_POINT('Ctrl Pts',(0.122642916110447,-0.111332737263865,
-0.101420854114708));
#1303=CARTESIAN_POINT('Ctrl Pts',(0.125075494935882,-0.0925213844398443,
-0.117209369355302));
#1304=CARTESIAN_POINT('Ctrl Pts',(0.12650451239611,-0.0808747669357259,
-0.124476294922704));
#1305=CARTESIAN_POINT('Ctrl Pts',(0.127972936923806,-0.068392280038499,
-0.130013816377291));
#1306=CARTESIAN_POINT('',(0.127972936923804,-0.140294296204365,-0.043573006212271));
#1307=CARTESIAN_POINT('Origin',(0.12797293692381,-3.21265324054917E-15,
-2.43680841034852E-15));
#1308=CARTESIAN_POINT('Ctrl Pts',(0.127972936923804,-0.140294296204365,
-0.0435730062122709));
#1309=CARTESIAN_POINT('Ctrl Pts',(0.127601612608493,-0.142675712554594,
-0.0366816511453612));
#1310=CARTESIAN_POINT('Ctrl Pts',(0.127234229107495,-0.144539002380736,
-0.029622173703986));
#1311=CARTESIAN_POINT('Ctrl Pts',(0.126498851869873,-0.147251040625636,
-0.0149999136558933));
#1312=CARTESIAN_POINT('Ctrl Pts',(0.126135952627315,-0.148053627409316,
-0.00751719576432606));
#1313=CARTESIAN_POINT('Ctrl Pts',(0.12507041690108,-0.14868563621261,0.0152211869366654));
#1314=CARTESIAN_POINT('Ctrl Pts',(0.124329026269623,-0.146839940308848,
0.030231857988556));
#1315=CARTESIAN_POINT('Ctrl Pts',(0.122633945627766,-0.137719059791502,
0.0628754783682842));
#1316=CARTESIAN_POINT('Ctrl Pts',(0.121689270086737,-0.129265027081351,
0.0799177272532642));
#1317=CARTESIAN_POINT('Ctrl Pts',(0.120308551066652,-0.111756170288371,
0.103019223682254));
#1318=CARTESIAN_POINT('Ctrl Pts',(0.119853841658983,-0.104832199278075,
0.110437739711745));
#1319=CARTESIAN_POINT('Ctrl Pts',(0.11891231253396,-0.0898512428737015,
0.123646598690749));
#1320=CARTESIAN_POINT('Ctrl Pts',(0.118432562967427,-0.0817848783132289,
0.129474962907076));
#1321=CARTESIAN_POINT('Ctrl Pts',(0.117003377104059,-0.0564948321625487,
0.144251799612517));
#1322=CARTESIAN_POINT('Ctrl Pts',(0.116053833192601,-0.0380785492278874,
0.150770371312173));
#1323=CARTESIAN_POINT('Ctrl Pts',(0.114851280351342,-0.0126560772290048,
0.154653834887231));
#1324=CARTESIAN_POINT('Ctrl Pts',(0.114560464453451,-0.00633037646630828,
0.155221144461682));
#1325=CARTESIAN_POINT('Ctrl Pts',(0.114277564442745,5.44730489936654E-15,
0.155396549899825));
#1326=CARTESIAN_POINT('Origin',(0.0625,0.,0.));
#1327=CARTESIAN_POINT('',(0.0624999999999822,2.29621274840142E-17,0.187500000000011));
#1328=CARTESIAN_POINT('',(0.0682530627158622,-3.91989516081401E-14,0.183932949988868));
#1329=CARTESIAN_POINT('',(0.0625,2.29621274840129E-17,0.1875));
#1330=CARTESIAN_POINT('',(0.0625,-2.29621274840129E-17,-0.1875));
#1331=CARTESIAN_POINT('Origin',(0.0625,0.,0.));
#1332=CARTESIAN_POINT('',(0.0625,0.1875,0.));
#1333=CARTESIAN_POINT('Origin',(0.0625,0.,0.));
#1334=CARTESIAN_POINT('Ctrl Pts',(0.0624999999999822,0.187500000000011,
-2.3232454892519E-13));
#1335=CARTESIAN_POINT('Ctrl Pts',(0.0632564852977475,0.187030959243284,
0.00965650094575466));
#1336=CARTESIAN_POINT('Ctrl Pts',(0.0640056678803901,0.185848472972505,
0.0188522682073697));
#1337=CARTESIAN_POINT('Ctrl Pts',(0.065532280144279,0.182138554187496,0.0369004090808803));
#1338=CARTESIAN_POINT('Ctrl Pts',(0.0662955863856919,0.179669959546587,
0.0455990645690812));
#1339=CARTESIAN_POINT('Ctrl Pts',(0.0685823036397938,0.170500477812026,
0.0706961552292881));
#1340=CARTESIAN_POINT('Ctrl Pts',(0.0701210548228729,0.1620583757321,0.0863467684583653));
#1341=CARTESIAN_POINT('Ctrl Pts',(0.0730333404514359,0.14178706076154,0.113626827656421));
#1342=CARTESIAN_POINT('Ctrl Pts',(0.0749901741276533,0.125134899965763,
0.132570776771692));
#1343=CARTESIAN_POINT('Ctrl Pts',(0.0786422416533637,0.08919582036155,0.153871011991591));
#1344=CARTESIAN_POINT('Ctrl Pts',(0.0796581889127334,0.078873182115815,
0.158706989197401));
#1345=CARTESIAN_POINT('Ctrl Pts',(0.0826754428788064,0.0473080894415043,
0.169916673760701));
#1346=CARTESIAN_POINT('Ctrl Pts',(0.0846748865464481,0.0252457520478909,
0.17332212148722));
#1347=CARTESIAN_POINT('Ctrl Pts',(0.0866594256089754,0.00208091146255487,
0.172511132185732));
#1348=CARTESIAN_POINT('Ctrl Pts',(0.0867484413362071,0.00103897212617733,
0.172465329388856));
#1349=CARTESIAN_POINT('Ctrl Pts',(0.0868369574411406,1.39069908641972E-14,
0.172410447078566));
#1350=CARTESIAN_POINT('Ctrl Pts',(0.114277564442745,5.42818196341089E-15,
0.155396549899825));
#1351=CARTESIAN_POINT('Ctrl Pts',(0.113639234696421,0.0142837308270027,
0.155792331110839));
#1352=CARTESIAN_POINT('Ctrl Pts',(0.112968443127639,0.0285869046548137,
0.154231802039893));
#1353=CARTESIAN_POINT('Ctrl Pts',(0.111342481904152,0.0617033347379957,
0.14595777890399));
#1354=CARTESIAN_POINT('Ctrl Pts',(0.110389396731441,0.0798831321500188,
0.137535117216547));
#1355=CARTESIAN_POINT('Ctrl Pts',(0.108458287768978,0.114079647452217,0.112972266318));
#1356=CARTESIAN_POINT('Ctrl Pts',(0.107551617259337,0.128294987532706,0.0969592589654415));
#1357=CARTESIAN_POINT('Ctrl Pts',(0.105674966447179,0.149429784801147,0.062600700583232));
#1358=CARTESIAN_POINT('Ctrl Pts',(0.104718712027872,0.15670312258193,0.0433966071934222));
#1359=CARTESIAN_POINT('Ctrl Pts',(0.102771971565888,0.164134623317869,0.000771890014072107));
#1360=CARTESIAN_POINT('Ctrl Pts',(0.10186898308091,0.162983803240296,-0.0210741472838833));
#1361=CARTESIAN_POINT('Ctrl Pts',(0.100001280978886,0.153863540285533,-0.0611363314798992));
#1362=CARTESIAN_POINT('Ctrl Pts',(0.0990421874036418,0.145409420429554,
-0.0803959506940255));
#1363=CARTESIAN_POINT('Ctrl Pts',(0.0970825952151033,0.120218449160118,
-0.116947488846941));
#1364=CARTESIAN_POINT('Ctrl Pts',(0.0961826066009078,0.103715423183348,
-0.132005623605087));
#1365=CARTESIAN_POINT('Ctrl Pts',(0.0943218545323577,0.0684808495532257,
-0.154634833808229));
#1366=CARTESIAN_POINT('Ctrl Pts',(0.0933602146967857,0.0484923335754327,
-0.162636193594376));
#1367=CARTESIAN_POINT('Ctrl Pts',(0.0913947709500527,0.00394082986813983,
-0.171232742878538));
#1368=CARTESIAN_POINT('Ctrl Pts',(0.0905000129576584,-0.0187675372841274,
-0.170356004969983));
#1369=CARTESIAN_POINT('Ctrl Pts',(0.0886336928286196,-0.0608422953611858,
-0.16167316704474));
#1370=CARTESIAN_POINT('Ctrl Pts',(0.0876480382462591,-0.0816058142342257,
-0.152938844058364));
#1371=CARTESIAN_POINT('Ctrl Pts',(0.0856586363145539,-0.12047350410751,
-0.126752915395741));
#1372=CARTESIAN_POINT('Ctrl Pts',(0.0847637178931627,-0.136277352276579,
-0.109744962884784));
#1373=CARTESIAN_POINT('Ctrl Pts',(0.0828973602688111,-0.160447386303113,
-0.0731309216153922));
#1374=CARTESIAN_POINT('Ctrl Pts',(0.0819120949037864,-0.169161206896499,
-0.0518656183244865));
#1375=CARTESIAN_POINT('Ctrl Pts',(0.0799217295594598,-0.178397264729461,
-0.00493667085432472));
#1376=CARTESIAN_POINT('Ctrl Pts',(0.0790266560380795,-0.177571842825643,
0.0187570599305351));
#1377=CARTESIAN_POINT('Ctrl Pts',(0.0771601275281027,-0.168654299275265,
0.0626469048154894));
#1378=CARTESIAN_POINT('Ctrl Pts',(0.0761752381802443,-0.159637395184794,
0.0842800704177744));
#1379=CARTESIAN_POINT('Ctrl Pts',(0.0741841116525245,-0.132518072197745,
0.124837961408788));
#1380=CARTESIAN_POINT('Ctrl Pts',(0.073288887151865,-0.114851640357375,
0.141374736231342));
#1381=CARTESIAN_POINT('Ctrl Pts',(0.0714220801716085,-0.0767818024879824,
0.166663674254256));
#1382=CARTESIAN_POINT('Ctrl Pts',(0.0704375544206191,-0.0547010277418502,
0.175791365632818));
#1383=CARTESIAN_POINT('Ctrl Pts',(0.0690531773016514,-0.0207967365768317,
0.182580078131162));
#1384=CARTESIAN_POINT('Ctrl Pts',(0.0686403482837128,-0.010257606896914,
0.18369282276319));
#1385=CARTESIAN_POINT('Ctrl Pts',(0.0682530627158622,-7.86417081936131E-14,
0.183932949988868));
#1386=CARTESIAN_POINT('Origin',(1.,0.,0.));
#1387=CARTESIAN_POINT('',(0.914062500019257,1.91455195412767E-10,-0.1875));
#1388=CARTESIAN_POINT('',(0.921874999937436,-6.21957216160837E-10,-0.1875));
#1389=CARTESIAN_POINT('',(1.,-2.29621274840129E-17,-0.1875));
#1390=CARTESIAN_POINT('',(0.953124999999998,-0.132582521472478,0.132582521472478));
#1391=CARTESIAN_POINT('Ctrl Pts',(0.914062500019257,3.82910424715053E-10,
-0.1875));
#1392=CARTESIAN_POINT('Ctrl Pts',(0.915319161586591,0.0249852610579152,
-0.187499999948975));
#1393=CARTESIAN_POINT('Ctrl Pts',(0.916667618615189,0.0497269475356173,
-0.182505777627064));
#1394=CARTESIAN_POINT('Ctrl Pts',(0.919342127120799,0.0950048751341795,
-0.163439956242346));
#1395=CARTESIAN_POINT('Ctrl Pts',(0.920642172905236,0.115231210927555,-0.149868452778829));
#1396=CARTESIAN_POINT('Ctrl Pts',(0.923119038613689,0.150091909332742,-0.115140069656705));
#1397=CARTESIAN_POINT('Ctrl Pts',(0.92446988873496,0.164129614945799,-0.0940575263129214));
#1398=CARTESIAN_POINT('Ctrl Pts',(0.927149063257195,0.182721822082751,-0.0484906503559283));
#1399=CARTESIAN_POINT('Ctrl Pts',(0.928449320431505,0.187440708064917,-0.0245932374327781));
#1400=CARTESIAN_POINT('Ctrl Pts',(0.930926594838727,0.187560445394766,0.0246109572864559));
#1401=CARTESIAN_POINT('Ctrl Pts',(0.93227652932598,0.182593775138927,0.049443506012125));
#1402=CARTESIAN_POINT('Ctrl Pts',(0.934955568018032,0.163547827210841,0.0948197357698343));
#1403=CARTESIAN_POINT('Ctrl Pts',(0.93625605254894,0.149997596317689,0.115063606217818));
#1404=CARTESIAN_POINT('Ctrl Pts',(0.938733766879257,0.115311659185224,0.149958758840499));
#1405=CARTESIAN_POINT('Ctrl Pts',(0.94008271755013,0.0942526155229663,0.164016385090723));
#1406=CARTESIAN_POINT('Ctrl Pts',(0.942761609301677,0.0487138270912295,
0.182662828519056));
#1407=CARTESIAN_POINT('Ctrl Pts',(0.944062338275036,0.0248192790755051,
0.187411277353925));
#1408=CARTESIAN_POINT('Ctrl Pts',(0.946523828734819,-0.0240473305082973,
0.187588387819131));
#1409=CARTESIAN_POINT('Ctrl Pts',(0.947852843435377,-0.0485549964047678,
0.182785645943511));
#1410=CARTESIAN_POINT('Ctrl Pts',(0.950546737641667,-0.0943075377703179,
0.163935129919328));
#1411=CARTESIAN_POINT('Ctrl Pts',(0.951880890417728,-0.115091740987314,
0.150073301957645));
#1412=CARTESIAN_POINT('Ctrl Pts',(0.953124999999999,-0.132582521472491,
0.132582521472464));
#1413=CARTESIAN_POINT('',(0.953125,-3.44431912260193E-17,0.1875));
#1414=CARTESIAN_POINT('Origin',(0.953125,0.,0.));
#1415=CARTESIAN_POINT('Ctrl Pts',(0.953125000000001,-2.04287592966214E-14,
0.1875));
#1416=CARTESIAN_POINT('Ctrl Pts',(0.951888436811958,0.0245856596744771,
0.187500000000003));
#1417=CARTESIAN_POINT('Ctrl Pts',(0.950562844756183,0.0489384197527534,
0.182664344985068));
#1418=CARTESIAN_POINT('Ctrl Pts',(0.947885079475167,0.0943909436187419,
0.163863711057631));
#1419=CARTESIAN_POINT('Ctrl Pts',(0.94655905883455,0.115047566609771,0.150084219685796));
#1420=CARTESIAN_POINT('Ctrl Pts',(0.944107806097137,0.149528644651137,0.115668774542684));
#1421=CARTESIAN_POINT('Ctrl Pts',(0.942809874359327,0.163157529120531,0.0954892731783363));
#1422=CARTESIAN_POINT('Ctrl Pts',(0.940130641638609,0.182391722716713,0.0501871596027961));
#1423=CARTESIAN_POINT('Ctrl Pts',(0.938776308350155,0.187463544873181,0.0253607827554827));
#1424=CARTESIAN_POINT('Ctrl Pts',(0.936299763058403,0.1875346620084,-0.0238490546510019));
#1425=CARTESIAN_POINT('Ctrl Pts',(0.935002518615292,0.182914884363166,-0.0477563346615227));
#1426=CARTESIAN_POINT('Ctrl Pts',(0.932323437077911,0.164506356902915,-0.09339744448353));
#1427=CARTESIAN_POINT('Ctrl Pts',(0.930969041596859,0.150549572657275,-0.114544786061168));
#1428=CARTESIAN_POINT('Ctrl Pts',(0.928492081748337,0.115823616767381,-0.149408361575347));
#1429=CARTESIAN_POINT('Ctrl Pts',(0.927195577980498,0.0956603976933132,
-0.163056886429223));
#1430=CARTESIAN_POINT('Ctrl Pts',(0.924516660203076,0.0503836337612051,
-0.182337162200216));
#1431=CARTESIAN_POINT('Ctrl Pts',(0.923162197925429,0.0255656104302791,
-0.187435343010489));
#1432=CARTESIAN_POINT('Ctrl Pts',(0.921891054242144,0.000319110116968742,
-0.1874997963493));
#1433=CARTESIAN_POINT('Ctrl Pts',(0.921883024756273,0.000159550218595727,
-0.187500000000531));
#1434=CARTESIAN_POINT('Ctrl Pts',(0.921874999968639,-6.23529074465908E-10,
-0.1875));
#1435=CARTESIAN_POINT('Origin',(1.,0.,0.));
#1436=CARTESIAN_POINT('',(0.851562499951316,-4.83955887729675E-10,-0.1875));
#1437=CARTESIAN_POINT('',(0.859375000000001,4.6659233514924E-16,-0.1875));
#1438=CARTESIAN_POINT('',(1.,-2.29621274840129E-17,-0.1875));
#1439=CARTESIAN_POINT('Ctrl Pts',(0.851562499975595,-4.85179312053541E-10,
-0.1875));
#1440=CARTESIAN_POINT('Ctrl Pts',(0.851569567548197,0.000140518767347921,
-0.187500000000364));
#1441=CARTESIAN_POINT('Ctrl Pts',(0.851576638765602,0.000281045055295946,
-0.187499842035458));
#1442=CARTESIAN_POINT('Ctrl Pts',(0.852846703971588,0.0255093044998537,
-0.187443118254206));
#1443=CARTESIAN_POINT('Ctrl Pts',(0.854201130947951,0.0503296269643236,
-0.182352182504957));
#1444=CARTESIAN_POINT('Ctrl Pts',(0.856880135451053,0.0956133617916384,
-0.163084573131095));
#1445=CARTESIAN_POINT('Ctrl Pts',(0.858177030983461,0.115781056998297,-0.149441447689383));
#1446=CARTESIAN_POINT('Ctrl Pts',(0.860653771446451,0.150517793565104,-0.114586699555986));
#1447=CARTESIAN_POINT('Ctrl Pts',(0.862008134053645,0.164480821621502,-0.0934425978557466));
#1448=CARTESIAN_POINT('Ctrl Pts',(0.864687295657192,0.182902198604616,-0.0478052185847844));
#1449=CARTESIAN_POINT('Ctrl Pts',(0.865984903668812,0.18752843819015,-0.0238985426170616));
#1450=CARTESIAN_POINT('Ctrl Pts',(0.868461245806072,0.18747015001191,0.0253125695487728));
#1451=CARTESIAN_POINT('Ctrl Pts',(0.869815548503353,0.182404533403393,0.0501409085968209));
#1452=CARTESIAN_POINT('Ctrl Pts',(0.872494855138491,0.16318118875954,0.0954489855406171));
#1453=CARTESIAN_POINT('Ctrl Pts',(0.873793124129586,0.149556926768652,0.115632319171612));
#1454=CARTESIAN_POINT('Ctrl Pts',(0.876269097486616,0.114733025121594,0.150406704658012));
#1455=CARTESIAN_POINT('Ctrl Pts',(0.877623344462235,0.0936002534853068,
0.164391535592868));
#1456=CARTESIAN_POINT('Ctrl Pts',(0.880302784981242,0.0479759188692916,
0.182857793100986));
#1457=CARTESIAN_POINT('Ctrl Pts',(0.881601666920412,0.0240713523076804,
0.187506602614584));
#1458=CARTESIAN_POINT('Ctrl Pts',(0.884077298938214,-0.0251441991219355,
0.187493117501128));
#1459=CARTESIAN_POINT('Ctrl Pts',(0.885431494120031,-0.0499793783697946,
0.182449175338069));
#1460=CARTESIAN_POINT('Ctrl Pts',(0.88811064104579,-0.0953012128006988,
0.163266710256351));
#1461=CARTESIAN_POINT('Ctrl Pts',(0.889409980704336,-0.115499412411244,
0.149661174081397));
#1462=CARTESIAN_POINT('Ctrl Pts',(0.891885483472897,-0.15030485588443,0.114864814867857));
#1463=CARTESIAN_POINT('Ctrl Pts',(0.893239398470933,-0.164310602188172,
0.0937445962158999));
#1464=CARTESIAN_POINT('Ctrl Pts',(0.895919021236946,-0.182815813721248,
0.0481327734046223));
#1465=CARTESIAN_POINT('Ctrl Pts',(0.897218518387931,-0.187487313875996,
0.0242308436035793));
#1466=CARTESIAN_POINT('Ctrl Pts',(0.899694324841749,-0.187513132358242,
-0.0249830673580771));
#1467=CARTESIAN_POINT('Ctrl Pts',(0.901047555422626,-0.182493404395317,
-0.0498199772197961));
#1468=CARTESIAN_POINT('Ctrl Pts',(0.903727078941004,-0.163346903265476,
-0.0951641959162928));
#1469=CARTESIAN_POINT('Ctrl Pts',(0.905026745680376,-0.149757100168981,
-0.115375415484384));
#1470=CARTESIAN_POINT('Ctrl Pts',(0.907502879336145,-0.114992176446962,
-0.150206423422336));
#1471=CARTESIAN_POINT('Ctrl Pts',(0.908855373469052,-0.0938893870206617,
-0.164226958022472));
#1472=CARTESIAN_POINT('Ctrl Pts',(0.911534789651436,-0.04829834453949,-0.182772421696133));
#1473=CARTESIAN_POINT('Ctrl Pts',(0.912834638956185,-0.024398492656311,
-0.187465841769013));
#1474=CARTESIAN_POINT('Ctrl Pts',(0.91405364909421,-0.000175950284538962,
-0.18749993808513));
#1475=CARTESIAN_POINT('Ctrl Pts',(0.914058075274371,-8.79735055801266E-5,
-0.18750000000018));
#1476=CARTESIAN_POINT('Ctrl Pts',(0.914062500019257,3.82910416514785E-10,
-0.1875));
#1477=CARTESIAN_POINT('Ctrl Pts',(0.921874999968639,-6.23529110015327E-10,
-0.1875));
#1478=CARTESIAN_POINT('Ctrl Pts',(0.920670144345034,-0.0239552425104712,
-0.187499999920337));
#1479=CARTESIAN_POINT('Ctrl Pts',(0.919380394442426,-0.0476967557941433,
-0.182909087955911));
#1480=CARTESIAN_POINT('Ctrl Pts',(0.91671034415501,-0.0932055746300689,
-0.16461468180121));
#1481=CARTESIAN_POINT('Ctrl Pts',(0.915355810191383,-0.114366658050214,
-0.150684426134578));
#1482=CARTESIAN_POINT('Ctrl Pts',(0.912877919683444,-0.149267707963113,
-0.116004269794233));
#1483=CARTESIAN_POINT('Ctrl Pts',(0.911583072700595,-0.16293916079631,-0.0958600573005827));
#1484=CARTESIAN_POINT('Ctrl Pts',(0.90890452440386,-0.182273204095226,-0.0506129107155128));
#1485=CARTESIAN_POINT('Ctrl Pts',(0.907549913571686,-0.187402139215723,
-0.0258046726385997));
#1486=CARTESIAN_POINT('Ctrl Pts',(0.90507150183869,-0.187591360182272,0.023393353612442));
#1487=CARTESIAN_POINT('Ctrl Pts',(0.903777579117081,-0.183031055707111,
0.0473061952211405));
#1488=CARTESIAN_POINT('Ctrl Pts',(0.901099238871693,-0.16474078763739,0.0929815511331341));
#1489=CARTESIAN_POINT('Ctrl Pts',(0.899744545689212,-0.150841499688221,
0.114158627431062));
#1490=CARTESIAN_POINT('Ctrl Pts',(0.897265571778241,-0.11621479624113,0.149103358748295));
#1491=CARTESIAN_POINT('Ctrl Pts',(0.895972642997371,-0.0960927472804532,
0.162801549856298));
#1492=CARTESIAN_POINT('Ctrl Pts',(0.893294528054207,-0.0508801731049874,
0.182198257363962));
#1493=CARTESIAN_POINT('Ctrl Pts',(0.891939746736763,-0.0260833918787297,
0.187363035061634));
#1494=CARTESIAN_POINT('Ctrl Pts',(0.889460166713524,0.0231071491963235,
0.187626404773293));
#1495=CARTESIAN_POINT('Ctrl Pts',(0.888168306119446,0.0470234832928135,
0.183103424848983));
#1496=CARTESIAN_POINT('Ctrl Pts',(0.885490435139836,0.092720250114526,0.164887372045259));
#1497=CARTESIAN_POINT('Ctrl Pts',(0.884135559599013,0.113915910135804,0.151024195972616));
#1498=CARTESIAN_POINT('Ctrl Pts',(0.881655326370537,0.148911492524002,0.116459810630462));
#1499=CARTESIAN_POINT('Ctrl Pts',(0.880364612957348,0.162640827967171,0.0963635750978228));
#1500=CARTESIAN_POINT('Ctrl Pts',(0.877687006124195,0.182110473002445,0.0511913150062599));
#1501=CARTESIAN_POINT('Ctrl Pts',(0.876332029970478,0.187316968538531,0.0264079400907878));
#1502=CARTESIAN_POINT('Ctrl Pts',(0.873851093104102,0.187666670857987,-0.022773817943022));
#1503=CARTESIAN_POINT('Ctrl Pts',(0.872561610780765,0.183187134839693,-0.0466942192355854));
#1504=CARTESIAN_POINT('Ctrl Pts',(0.869884289917518,0.165057461812968,-0.0924158281808228));
#1505=CARTESIAN_POINT('Ctrl Pts',(0.868529206467203,0.151236344928494,-0.113633043396984));
#1506=CARTESIAN_POINT('Ctrl Pts',(0.866047512007098,0.116744522240897,-0.148687734794806));
#1507=CARTESIAN_POINT('Ctrl Pts',(0.864759349744432,0.0966783085791701,
-0.162453296026355));
#1508=CARTESIAN_POINT('Ctrl Pts',(0.862082338442259,0.0515530002166018,
-0.182007707075503));
#1509=CARTESIAN_POINT('Ctrl Pts',(0.860727140729477,0.0267853020834552,
-0.187262684547214));
#1510=CARTESIAN_POINT('Ctrl Pts',(0.859432592978524,0.00114399408692288,
-0.187497383070753));
#1511=CARTESIAN_POINT('Ctrl Pts',(0.859403766401024,0.000571940805335159,
-0.1875));
#1512=CARTESIAN_POINT('Ctrl Pts',(0.859375000000001,1.09488415601549E-15,
-0.1875));
#1513=CARTESIAN_POINT('Origin',(1.,0.,0.));
#1514=CARTESIAN_POINT('',(0.789062499999998,-5.74053187100321E-18,-0.1875));
#1515=CARTESIAN_POINT('',(0.796875,2.94966561629575E-17,-0.1875));
#1516=CARTESIAN_POINT('',(1.,-2.29621274840129E-17,-0.1875));
#1517=CARTESIAN_POINT('Ctrl Pts',(0.789062499999998,1.14810637420064E-17,
-0.1875));
#1518=CARTESIAN_POINT('Ctrl Pts',(0.789089505058821,0.00053692135763676,
-0.1875));
#1519=CARTESIAN_POINT('Ctrl Pts',(0.789116563165334,0.0010739421320379,
-0.187497693724451));
#1520=CARTESIAN_POINT('Ctrl Pts',(0.790409120934858,0.0266817578246651,
-0.187277656735172));
#1521=CARTESIAN_POINT('Ctrl Pts',(0.791764258387653,0.0514537670212151,
-0.182035979570571));
#1522=CARTESIAN_POINT('Ctrl Pts',(0.794441433604334,0.0965919667446562,
-0.162504823123342));
#1523=CARTESIAN_POINT('Ctrl Pts',(0.795730293226733,0.116666418951726,-0.148749203328833));
#1524=CARTESIAN_POINT('Ctrl Pts',(0.798211587062781,0.151178163203266,-0.113710729021036));
#1525=CARTESIAN_POINT('Ctrl Pts',(0.799566613907016,0.165010828288616,-0.0924994226825855));
#1526=CARTESIAN_POINT('Ctrl Pts',(0.802244086197391,0.183164212431932,-0.0467846244912328));
#1527=CARTESIAN_POINT('Ctrl Pts',(0.803534219008946,0.187655673912958,-0.02286533988464));
#1528=CARTESIAN_POINT('Ctrl Pts',(0.806014783739227,0.187329673005663,0.0263188366923075));
#1529=CARTESIAN_POINT('Ctrl Pts',(0.807369706796002,0.182134628980534,0.0511058992921954));
#1530=CARTESIAN_POINT('Ctrl Pts',(0.810047453503848,0.162685005412367,0.0962892335707178));
#1531=CARTESIAN_POINT('Ctrl Pts',(0.811338773180921,0.148964221561554,0.116392556686311));
#1532=CARTESIAN_POINT('Ctrl Pts',(0.813818660907539,0.113982598771372,0.150974059390131));
#1533=CARTESIAN_POINT('Ctrl Pts',(0.815173486708845,0.0927920366708766,
0.164847155435499));
#1534=CARTESIAN_POINT('Ctrl Pts',(0.817851486878529,0.0471011439300002,
0.183083590648372));
#1535=CARTESIAN_POINT('Ctrl Pts',(0.819143912085783,0.0231857691829752,
0.187616821466938));
#1536=CARTESIAN_POINT('Ctrl Pts',(0.821623171483231,-0.0260068332231511,
0.187373818286756));
#1537=CARTESIAN_POINT('Ctrl Pts',(0.822977906262699,-0.0508067666073224,
0.182218884394281));
#1538=CARTESIAN_POINT('Ctrl Pts',(0.825656140516313,-0.0960288416438194,
0.162839387092603));
#1539=CARTESIAN_POINT('Ctrl Pts',(0.826949594748722,-0.11615697892625,0.149148541206034));
#1540=CARTESIAN_POINT('Ctrl Pts',(0.82942827124625,-0.150798370828199,0.114215807294738));
#1541=CARTESIAN_POINT('Ctrl Pts',(0.830782920934548,-0.164706169120999,
0.0930431208587943));
#1542=CARTESIAN_POINT('Ctrl Pts',(0.833461371357058,-0.183013933959224,
0.0473728217764525));
#1543=CARTESIAN_POINT('Ctrl Pts',(0.834755782764865,-0.187583037795994,
0.0234608032915586));
#1544=CARTESIAN_POINT('Ctrl Pts',(0.837233918725715,-0.187411294419144,
-0.0257389794431581));
#1545=CARTESIAN_POINT('Ctrl Pts',(0.838588488949805,-0.182290809381141,
-0.0505499102787181));
#1546=CARTESIAN_POINT('Ctrl Pts',(0.841267138981857,-0.162971539362271,
-0.0958051988838635));
#1547=CARTESIAN_POINT('Ctrl Pts',(0.842562440183256,-0.149306387568544,
-0.115954634613062));
#1548=CARTESIAN_POINT('Ctrl Pts',(0.845040075079619,-0.114415634698509,
-0.150647380858219));
#1549=CARTESIAN_POINT('Ctrl Pts',(0.846394571165171,-0.0932583252232533,
-0.164584929486242));
#1550=CARTESIAN_POINT('Ctrl Pts',(0.849065752026445,-0.0477361670554881,
-0.182901399190241));
#1551=CARTESIAN_POINT('Ctrl Pts',(0.850356636260815,-0.023975285501194,
-0.187499999937961));
#1552=CARTESIAN_POINT('Ctrl Pts',(0.851562499975595,-4.8517925788083E-10,
-0.1875));
#1553=CARTESIAN_POINT('Ctrl Pts',(0.859375,1.15830354931365E-15,-0.1875));
#1554=CARTESIAN_POINT('Ctrl Pts',(0.858191953750963,-0.0235216224607654,
-0.1875));
#1555=CARTESIAN_POINT('Ctrl Pts',(0.85692672686179,-0.0468438111864423,
-0.183073853645479));
#1556=CARTESIAN_POINT('Ctrl Pts',(0.854281206717612,-0.0920616571089884,
-0.165254423612454));
#1557=CARTESIAN_POINT('Ctrl Pts',(0.852925887512423,-0.113303821481452,
-0.151482223085568));
#1558=CARTESIAN_POINT('Ctrl Pts',(0.850442500983758,-0.148427101481943,
-0.117074768641817));
#1559=CARTESIAN_POINT('Ctrl Pts',(0.84915726657566,-0.162234730734102,-0.0970434140613011));
#1560=CARTESIAN_POINT('Ctrl Pts',(0.846480952927191,-0.181887480624649,
-0.0519727099066099));
#1561=CARTESIAN_POINT('Ctrl Pts',(0.845125504760817,-0.187198700735271,
-0.0272233286561174));
#1562=CARTESIAN_POINT('Ctrl Pts',(0.842641175795187,-0.187765267193298,
0.0219360438790912));
#1563=CARTESIAN_POINT('Ctrl Pts',(0.841357559772228,-0.183394796981409,
0.0458666663298791));
#1564=CARTESIAN_POINT('Ctrl Pts',(0.838681638465566,-0.165481962788447,
0.091650266525629));
#1565=CARTESIAN_POINT('Ctrl Pts',(0.837326053663961,-0.151766559690124,
0.112921237817918));
#1566=CARTESIAN_POINT('Ctrl Pts',(0.834840712390326,-0.117457033815203,
0.148123945889869));
#1567=CARTESIAN_POINT('Ctrl Pts',(0.833558824816065,-0.0974660778502444,
0.161980335846254));
#1568=CARTESIAN_POINT('Ctrl Pts',(0.8308833279588,-0.0524587721868851,0.181746937256585));
#1569=CARTESIAN_POINT('Ctrl Pts',(0.829527598685858,-0.0277307718045022,
0.187123268464298));
#1570=CARTESIAN_POINT('Ctrl Pts',(0.827041170822223,0.0214144384831895,
0.187824772716606));
#1571=CARTESIAN_POINT('Ctrl Pts',(0.825761127018312,0.0453514244916517,
0.183522120959693));
#1572=CARTESIAN_POINT('Ctrl Pts',(0.823086089253523,0.0911733014046518,
0.165744104946547));
#1573=CARTESIAN_POINT('Ctrl Pts',(0.821730207565352,0.1124774396617,0.152094523429206));
#1574=CARTESIAN_POINT('Ctrl Pts',(0.81924261426581,0.147771913712178,0.117898442980653));
#1575=CARTESIAN_POINT('Ctrl Pts',(0.81796453468165,0.161684699120329,0.0979542023643814));
#1576=CARTESIAN_POINT('Ctrl Pts',(0.815289993368466,0.181582799877209,0.0530203638810445));
#1577=CARTESIAN_POINT('Ctrl Pts',(0.813933951280263,0.187034329052126,0.0283172920450207));
#1578=CARTESIAN_POINT('Ctrl Pts',(0.811445108998577,0.187891778699927,-0.0208113276105412));
#1579=CARTESIAN_POINT('Ctrl Pts',(0.810169118999029,0.183667462109782,-0.0447556719257934));
#1580=CARTESIAN_POINT('Ctrl Pts',(0.807495114401813,0.166045153952651,-0.0906215034475112));
#1581=CARTESIAN_POINT('Ctrl Pts',(0.806138903968945,0.152471682088788,-0.11196370353984));
#1582=CARTESIAN_POINT('Ctrl Pts',(0.803648724343229,0.118406724302193,-0.147363912361379));
#1583=CARTESIAN_POINT('Ctrl Pts',(0.802374953901541,0.098516366205418,-0.161341760134853));
#1584=CARTESIAN_POINT('Ctrl Pts',(0.799701529387109,0.0536674723269705,
-0.181391328968815));
#1585=CARTESIAN_POINT('Ctrl Pts',(0.798345142802104,0.0289934252848055,
-0.186929466041244));
#1586=CARTESIAN_POINT('Ctrl Pts',(0.797008022734615,0.00263902432179234,
-0.187486077047583));
#1587=CARTESIAN_POINT('Ctrl Pts',(0.796941352240872,0.00131923190702537,
-0.1875));
#1588=CARTESIAN_POINT('Ctrl Pts',(0.796875,1.14810637420064E-17,-0.1875));
#1589=CARTESIAN_POINT('Origin',(1.,0.,0.));
#1590=CARTESIAN_POINT('',(0.726562499999998,5.35961014265739E-16,-0.1875));
#1591=CARTESIAN_POINT('',(0.734375000000001,2.16106565267596E-15,-0.1875));
#1592=CARTESIAN_POINT('',(1.,-2.29621274840129E-17,-0.1875));
#1593=CARTESIAN_POINT('Ctrl Pts',(0.726562499999998,1.09488415601549E-15,
-0.1875));
#1594=CARTESIAN_POINT('Ctrl Pts',(0.72662570297904,0.001256617492871,-0.1875));
#1595=CARTESIAN_POINT('Ctrl Pts',(0.726689194863293,0.00251374644612719,
-0.187487367324603));
#1596=CARTESIAN_POINT('Ctrl Pts',(0.728022740219308,0.0288085211170155,
-0.186958391865873));
#1597=CARTESIAN_POINT('Ctrl Pts',(0.729379034309134,0.0534905362636704,
-0.181443931268004));
#1598=CARTESIAN_POINT('Ctrl Pts',(0.732052765861382,0.0983626871348856,
-0.161435771966194));
#1599=CARTESIAN_POINT('Ctrl Pts',(0.733327706135568,0.118267783889339,-0.147475722500779));
#1600=CARTESIAN_POINT('Ctrl Pts',(0.735817179513047,0.152368637012671,-0.11210442381926));
#1601=CARTESIAN_POINT('Ctrl Pts',(0.737173301483961,0.165962947486441,-0.0907726141845363));
#1602=CARTESIAN_POINT('Ctrl Pts',(0.739847590184794,0.183627868696622,-0.0449187849479003));
#1603=CARTESIAN_POINT('Ctrl Pts',(0.741124681926998,0.187873624483321,-0.0209764553600722));
#1604=CARTESIAN_POINT('Ctrl Pts',(0.743612864482838,0.187058863498916,0.0281567296839546));
#1605=CARTESIAN_POINT('Ctrl Pts',(0.744968822226735,0.181627913720742,0.0528666488305764));
#1606=CARTESIAN_POINT('Ctrl Pts',(0.747643626346537,0.161765801529467,0.0978206194530196));
#1607=CARTESIAN_POINT('Ctrl Pts',(0.748922741933474,0.147868458561471,0.117777650912986));
#1608=CARTESIAN_POINT('Ctrl Pts',(0.751409719514315,0.112599101636383,0.152004814968664));
#1609=CARTESIAN_POINT('Ctrl Pts',(0.752765521007763,0.0913040291790584,
0.16567243391596));
#1610=CARTESIAN_POINT('Ctrl Pts',(0.755440801815929,0.0454926170280862,
0.183487380181599));
#1611=CARTESIAN_POINT('Ctrl Pts',(0.756721818404921,0.0215573748484431,
0.187808609835592));
#1612=CARTESIAN_POINT('Ctrl Pts',(0.759207672098744,-0.0275917335209184,
0.187144076535928));
#1613=CARTESIAN_POINT('Ctrl Pts',(0.760563325314468,-0.052325609432913,
0.181785580857958));
#1614=CARTESIAN_POINT('Ctrl Pts',(0.763239046886279,-0.0973503012052236,
0.162050166929404));
#1615=CARTESIAN_POINT('Ctrl Pts',(0.764521846671417,-0.11735232796195,0.148207140126536));
#1616=CARTESIAN_POINT('Ctrl Pts',(0.767006652934426,-0.151688706419204,
0.113026191973922));
#1617=CARTESIAN_POINT('Ctrl Pts',(0.768362165767822,-0.165419685685648,
0.0917631034316977));
#1618=CARTESIAN_POINT('Ctrl Pts',(0.771038294799684,-0.183364445237403,
0.045988597107995));
#1619=CARTESIAN_POINT('Ctrl Pts',(0.772322765179984,-0.187750974172029,
0.0220594805773735));
#1620=CARTESIAN_POINT('Ctrl Pts',(0.774806595982158,-0.187216349721831,
-0.0271032181597872));
#1621=CARTESIAN_POINT('Ctrl Pts',(0.776161976191162,-0.1819205482535,-0.0518576348755676));
#1622=CARTESIAN_POINT('Ctrl Pts',(0.778838481824651,-0.162294757941591,
-0.096943323147728));
#1623=CARTESIAN_POINT('Ctrl Pts',(0.780124515496607,-0.148498666114564,
-0.116984237565157));
#1624=CARTESIAN_POINT('Ctrl Pts',(0.782607438481606,-0.11339419125874,-0.151414841548183));
#1625=CARTESIAN_POINT('Ctrl Pts',(0.783962693638353,-0.0921588605182407,
-0.165200465596847));
#1626=CARTESIAN_POINT('Ctrl Pts',(0.786610299168575,-0.046916163553774,
-0.183059998437547));
#1627=CARTESIAN_POINT('Ctrl Pts',(0.787877604311103,-0.0235583934882144,
-0.1875));
#1628=CARTESIAN_POINT('Ctrl Pts',(0.789062499999998,-3.27821759239712E-17,
-0.1875));
#1629=CARTESIAN_POINT('Ctrl Pts',(0.796875,-1.09273919746571E-17,-0.1875));
#1630=CARTESIAN_POINT('Ctrl Pts',(0.795731305721111,-0.0227392167131729,
-0.1875));
#1631=CARTESIAN_POINT('Ctrl Pts',(0.794510241354153,-0.0453033406585816,
-0.183363524438104));
#1632=CARTESIAN_POINT('Ctrl Pts',(0.79190931808998,-0.0899847279570507,
-0.166389618959404));
#1633=CARTESIAN_POINT('Ctrl Pts',(0.790552747797142,-0.111370442147417,
-0.15290392614261));
#1634=CARTESIAN_POINT('Ctrl Pts',(0.788059608721419,-0.146892102944775,
-0.118990125762904));
#1635=CARTESIAN_POINT('Ctrl Pts',(0.786790683547828,-0.160944795964172,
-0.0991617353125078));
#1636=CARTESIAN_POINT('Ctrl Pts',(0.784118562737482,-0.181168286083907,
-0.0544108025612892));
#1637=CARTESIAN_POINT('Ctrl Pts',(0.78276180156686,-0.186805855201436,-0.0297704940154763));
#1638=CARTESIAN_POINT('Ctrl Pts',(0.780267030441883,-0.188049607032932,
0.0193159927868552));
#1639=CARTESIAN_POINT('Ctrl Pts',(0.779000737610862,-0.184019155614386,
0.0432785864189627));
#1640=CARTESIAN_POINT('Ctrl Pts',(0.776329347671614,-0.166782102465165,
0.0892520105039547));
#1641=CARTESIAN_POINT('Ctrl Pts',(0.774972388993961,-0.153397346302639,
0.11068725598984));
#1642=CARTESIAN_POINT('Ctrl Pts',(0.772475877653911,-0.11965727397456,0.146347925508105));
#1643=CARTESIAN_POINT('Ctrl Pts',(0.771212360113105,-0.0998999106662088,
0.16048643378118));
#1644=CARTESIAN_POINT('Ctrl Pts',(0.7685417589184,-0.0552616131663009,0.180908907901515));
#1645=CARTESIAN_POINT('Ctrl Pts',(0.767184596822663,-0.0306604453024368,
0.186660215389701));
#1646=CARTESIAN_POINT('Ctrl Pts',(0.76468623222285,0.0183995133655963,0.188140498594929));
#1647=CARTESIAN_POINT('Ctrl Pts',(0.763425634073339,0.0423732984068001,
0.184228627216459));
#1648=CARTESIAN_POINT('Ctrl Pts',(0.760755883664128,0.0884117001941135,
0.16722714155923));
#1649=CARTESIAN_POINT('Ctrl Pts',(0.759398513158754,0.109903045615444,0.153958054891084));
#1650=CARTESIAN_POINT('Ctrl Pts',(0.756898177511598,0.145722170554264,0.120416961047256));
#1651=CARTESIAN_POINT('Ctrl Pts',(0.755640642831488,0.159958701711405,0.100740697266133));
#1652=CARTESIAN_POINT('Ctrl Pts',(0.752971809630718,0.180607898272015,0.0562314629750646));
#1653=CARTESIAN_POINT('Ctrl Pts',(0.75161422686975,0.186488765358157,0.0316755966820941));
#1654=CARTESIAN_POINT('Ctrl Pts',(0.74911179784724,0.188238829143007,-0.0173534250831912));
#1655=CARTESIAN_POINT('Ctrl Pts',(0.747857469322756,0.184462099515817,-0.0413399931054358));
#1656=CARTESIAN_POINT('Ctrl Pts',(0.745189624343058,0.167728995903677,-0.0874516781478796));
#1657=CARTESIAN_POINT('Ctrl Pts',(0.743831826877571,0.154591942083753,-0.109006202293746));
#1658=CARTESIAN_POINT('Ctrl Pts',(0.741327177887645,0.121277846572166,-0.145005111984004));
#1659=CARTESIAN_POINT('Ctrl Pts',(0.74007619524227,0.101693780063074,-0.159353131408291));
#1660=CARTESIAN_POINT('Ctrl Pts',(0.737409414282389,0.0573318515797252,
-0.180259448085074));
#1661=CARTESIAN_POINT('Ctrl Pts',(0.736051401337201,0.0328282715238585,
-0.186287194156505));
#1662=CARTESIAN_POINT('Ctrl Pts',(0.734639754245166,0.00524117066632147,
-0.187445101537401));
#1663=CARTESIAN_POINT('Ctrl Pts',(0.734506756322138,0.00261961226676774,
-0.1875));
#1664=CARTESIAN_POINT('Ctrl Pts',(0.734375000000001,4.34509343283594E-15,
-0.1875));
#1665=CARTESIAN_POINT('Origin',(1.,0.,0.));
#1666=CARTESIAN_POINT('',(0.664062499999998,2.16106565267596E-15,-0.1875));
#1667=CARTESIAN_POINT('',(0.671875000000001,7.56461638468741E-15,-0.1875));
#1668=CARTESIAN_POINT('',(1.,-2.29621274840129E-17,-0.1875));
#1669=CARTESIAN_POINT('Ctrl Pts',(0.664062499999998,4.34509343283594E-15,
-0.1875));
#1670=CARTESIAN_POINT('Ctrl Pts',(0.664188904670155,0.00251320937886867,
-0.1875));
#1671=CARTESIAN_POINT('Ctrl Pts',(0.664316453136343,0.00502823005085207,
-0.187449470639013));
#1672=CARTESIAN_POINT('Ctrl Pts',(0.665721982788966,0.0325148932496632,
-0.186342722392089));
#1673=CARTESIAN_POINT('Ctrl Pts',(0.667079883782704,0.0570327777383244,
-0.18035488394588));
#1674=CARTESIAN_POINT('Ctrl Pts',(0.669747227397823,0.101434834535858,-0.159518438138017));
#1675=CARTESIAN_POINT('Ctrl Pts',(0.670999965841949,0.121043978949549,-0.145200749428077));
#1676=CARTESIAN_POINT('Ctrl Pts',(0.673503445227915,0.154419901735682,-0.109250703792953));
#1677=CARTESIAN_POINT('Ctrl Pts',(0.674861130917869,0.167592924708911,-0.0877133009074126));
#1678=CARTESIAN_POINT('Ctrl Pts',(0.677529498556875,0.184399089416153,-0.0416214871178903));
#1679=CARTESIAN_POINT('Ctrl Pts',(0.678785510750474,0.188212613354516,-0.0176384025367213));
#1680=CARTESIAN_POINT('Ctrl Pts',(0.681286836461786,0.186536023132308,0.0313991166645206));
#1681=CARTESIAN_POINT('Ctrl Pts',(0.682644308528933,0.180690423078552,0.0559673901982829));
#1682=CARTESIAN_POINT('Ctrl Pts',(0.685313626903706,0.16010294879555,0.100511837045158));
#1683=CARTESIAN_POINT('Ctrl Pts',(0.686572771375002,0.145893129276035,0.120210197355338));
#1684=CARTESIAN_POINT('Ctrl Pts',(0.689072067827337,0.110117148875647,0.153805569977625));
#1685=CARTESIAN_POINT('Ctrl Pts',(0.690429329479483,0.0886410400655874,
0.167106216124381));
#1686=CARTESIAN_POINT('Ctrl Pts',(0.693099529987656,0.0426202945489974,
0.184171932540018));
#1687=CARTESIAN_POINT('Ctrl Pts',(0.694361663144066,0.0186495635848352,
0.188116139746012));
#1688=CARTESIAN_POINT('Ctrl Pts',(0.696859050335753,-0.0304176862330898,
0.186700374523795));
#1689=CARTESIAN_POINT('Ctrl Pts',(0.69821610604391,-0.0550295839319002,
0.180980077752474));
#1690=CARTESIAN_POINT('Ctrl Pts',(0.700887124565984,-0.0996986529874365,
0.16061186102537));
#1691=CARTESIAN_POINT('Ctrl Pts',(0.702152102159038,-0.119475397250729,
0.146496771921569));
#1692=CARTESIAN_POINT('Ctrl Pts',(0.704647695434015,-0.153262924115457,
0.110874011916183));
#1693=CARTESIAN_POINT('Ctrl Pts',(0.706004550694166,-0.166675256730659,
0.0894522451437218));
#1694=CARTESIAN_POINT('Ctrl Pts',(0.708676327381781,-0.183968533761226,
0.0434944203248293));
#1695=CARTESIAN_POINT('Ctrl Pts',(0.709944005774648,-0.188027282431016,
0.0195344940153386));
#1696=CARTESIAN_POINT('Ctrl Pts',(0.712437915655483,-0.18683994818273,-0.029558238242904));
#1697=CARTESIAN_POINT('Ctrl Pts',(0.713794576775465,-0.181229527714509,
-0.0542078028955191));
#1698=CARTESIAN_POINT('Ctrl Pts',(0.716467055834887,-0.16105352749772,-0.0989855294066629));
#1699=CARTESIAN_POINT('Ctrl Pts',(0.717737293083348,-0.147021286077587,
-0.118830850806709));
#1700=CARTESIAN_POINT('Ctrl Pts',(0.720229625166822,-0.11153279275293,-0.152785988920902));
#1701=CARTESIAN_POINT('Ctrl Pts',(0.721586099077541,-0.0901589399262628,
-0.166295691261105));
#1702=CARTESIAN_POINT('Ctrl Pts',(0.724190765790041,-0.0454321582742309,
-0.183339690595496));
#1703=CARTESIAN_POINT('Ctrl Pts',(0.725415516820599,-0.0228046074586081,
-0.1875));
#1704=CARTESIAN_POINT('Ctrl Pts',(0.726562499999998,1.08181180549105E-15,
-0.1875));
#1705=CARTESIAN_POINT('Ctrl Pts',(0.734375,4.25075547814159E-15,-0.1875));
#1706=CARTESIAN_POINT('Ctrl Pts',(0.733299265257698,-0.0213880281493351,
-0.1875));
#1707=CARTESIAN_POINT('Ctrl Pts',(0.732154200502177,-0.0426387471726173,
-0.183840665811221));
#1708=CARTESIAN_POINT('Ctrl Pts',(0.729631263921619,-0.0863596801173206,
-0.168291379219144));
#1709=CARTESIAN_POINT('Ctrl Pts',(0.728273036696525,-0.107984895759476,
-0.155304361307143));
#1710=CARTESIAN_POINT('Ctrl Pts',(0.725763552815168,-0.144186717954572,
-0.122248065128047));
#1711=CARTESIAN_POINT('Ctrl Pts',(0.724519660143045,-0.158660927400863,
-0.102768296116734));
#1712=CARTESIAN_POINT('Ctrl Pts',(0.721855254640815,-0.179857295297168,
-0.058573740227549));
#1713=CARTESIAN_POINT('Ctrl Pts',(0.720496816634676,-0.186050655826106,
-0.0341303087575852));
#1714=CARTESIAN_POINT('Ctrl Pts',(0.717984711446721,-0.188453028408341,
0.0148209018070001));
#1715=CARTESIAN_POINT('Ctrl Pts',(0.716744547213213,-0.185002629176376,
0.0388384707979157));
#1716=CARTESIAN_POINT('Ctrl Pts',(0.71408146352413,-0.168917136634527,0.0851237399537598));
#1717=CARTESIAN_POINT('Ctrl Pts',(0.712722820879146,-0.156099744045917,
0.106827476187899));
#1718=CARTESIAN_POINT('Ctrl Pts',(0.710207955219894,-0.123334736427368,
0.143256955914256));
#1719=CARTESIAN_POINT('Ctrl Pts',(0.708971627435886,-0.103972299473127,
0.157873218576638));
#1720=CARTESIAN_POINT('Ctrl Pts',(0.706309962043122,-0.0599669473754442,
0.179394839578089));
#1721=CARTESIAN_POINT('Ctrl Pts',(0.70495112390538,-0.0355924393368816,
0.185773802306832));
#1722=CARTESIAN_POINT('Ctrl Pts',(0.702433357066483,0.0133103853601736,
0.188564747951908));
#1723=CARTESIAN_POINT('Ctrl Pts',(0.701200959859925,0.0373464916417835,
0.185308479905021));
#1724=CARTESIAN_POINT('Ctrl Pts',(0.698540814635745,0.0837327646648593,
0.169607878584672));
#1725=CARTESIAN_POINT('Ctrl Pts',(0.697181793526841,0.105523002701481,0.156981153552615));
#1726=CARTESIAN_POINT('Ctrl Pts',(0.694660984099415,0.142206205203922,0.124543386028813));
#1727=CARTESIAN_POINT('Ctrl Pts',(0.693432594997708,0.156981405244973,0.105312126937531));
#1728=CARTESIAN_POINT('Ctrl Pts',(0.690774077195339,0.178865327001114,0.0615194259083672));
#1729=CARTESIAN_POINT('Ctrl Pts',(0.689414889388403,0.185450871220352,0.0372235345142178));
#1730=CARTESIAN_POINT('Ctrl Pts',(0.686890896208234,0.188675377684088,-0.0116234970915818));
#1731=CARTESIAN_POINT('Ctrl Pts',(0.685666573307529,0.185635517747058,-0.035680355842678));
#1732=CARTESIAN_POINT('Ctrl Pts',(0.683009795489422,0.170363592875447,-0.0821772408519664));
#1733=CARTESIAN_POINT('Ctrl Pts',(0.681650461381393,0.157949799481411,-0.104061901188063));
#1734=CARTESIAN_POINT('Ctrl Pts',(0.679123144572383,0.125877299697317,-0.141025783936148));
#1735=CARTESIAN_POINT('Ctrl Pts',(0.677902923641245,0.106791689325279,-0.155977609938068));
#1736=CARTESIAN_POINT('Ctrl Pts',(0.675248003534115,0.0632364472316389,
-0.178262118905397));
#1737=CARTESIAN_POINT('Ctrl Pts',(0.673888548004596,0.0390297495125672,
-0.185075846388689));
#1738=CARTESIAN_POINT('Ctrl Pts',(0.672354911137718,0.00946753751302006,
-0.187320922855734));
#1739=CARTESIAN_POINT('Ctrl Pts',(0.672112966486499,0.00473130941271458,
-0.1875));
#1740=CARTESIAN_POINT('Ctrl Pts',(0.671875000000001,1.47567598997759E-14,
-0.1875));
#1741=CARTESIAN_POINT('Origin',(1.,0.,0.));
#1742=CARTESIAN_POINT('',(0.601562499999999,7.61720445856545E-15,-0.1875));
#1743=CARTESIAN_POINT('',(0.609375000000001,4.90447940085683E-15,-0.1875));
#1744=CARTESIAN_POINT('',(1.,-2.29621274840129E-17,-0.1875));
#1745=CARTESIAN_POINT('Ctrl Pts',(0.601562499999999,1.52054659327353E-14,
-0.1875));
#1746=CARTESIAN_POINT('Ctrl Pts',(0.601792114045369,0.00456524408179971,
-0.1875));
#1747=CARTESIAN_POINT('Ctrl Pts',(0.602025437227022,0.00913517349844493,
-0.187333272857512));
#1748=CARTESIAN_POINT('Ctrl Pts',(0.603549446107223,0.0385434185463123,
-0.185178630647979));
#1749=CARTESIAN_POINT('Ctrl Pts',(0.604908841937257,0.0627743535525359,
-0.178426282727341));
#1750=CARTESIAN_POINT('Ctrl Pts',(0.607564742364195,0.106393738749454,-0.156249573559112));
#1751=CARTESIAN_POINT('Ctrl Pts',(0.608787097766172,0.125518607864786,-0.141345372425565));
#1752=CARTESIAN_POINT('Ctrl Pts',(0.611312670192921,0.157689761563293,-0.104457035712775));
#1753=CARTESIAN_POINT('Ctrl Pts',(0.612671931092587,0.170161074441992,-0.0825976562743662));
#1754=CARTESIAN_POINT('Ctrl Pts',(0.615329627423996,0.185548681059921,-0.0361304261012991));
#1755=CARTESIAN_POINT('Ctrl Pts',(0.616556069175295,0.188646961943574,-0.0120791789495124));
#1756=CARTESIAN_POINT('Ctrl Pts',(0.619078390427944,0.185539536780412,0.0367831076362771));
#1757=CARTESIAN_POINT('Ctrl Pts',(0.620437493890503,0.179009724750891,0.0611004071032125));
#1758=CARTESIAN_POINT('Ctrl Pts',(0.623096871060189,0.157223577484059,0.10495069380859));
#1759=CARTESIAN_POINT('Ctrl Pts',(0.624327351426805,0.142491344453509,0.124217404787123));
#1760=CARTESIAN_POINT('Ctrl Pts',(0.626846562186842,0.105876627434792,0.156743774859853));
#1761=CARTESIAN_POINT('Ctrl Pts',(0.628205490004078,0.0841096319729967,
0.169422134431171));
#1762=CARTESIAN_POINT('Ctrl Pts',(0.630866438195167,0.0377505275896391,
0.185226869061671));
#1763=CARTESIAN_POINT('Ctrl Pts',(0.632100888625384,0.0137194453227929,
0.188535675015025));
#1764=CARTESIAN_POINT('Ctrl Pts',(0.634617130308304,-0.035196629063494,
0.185849924436261));
#1765=CARTESIAN_POINT('Ctrl Pts',(0.635975868203391,-0.0595899395421044,
0.179521166460752));
#1766=CARTESIAN_POINT('Ctrl Pts',(0.63863828295404,-0.103646642207842,0.15808754751866));
#1767=CARTESIAN_POINT('Ctrl Pts',(0.639876616947241,-0.123040864931552,
0.143509777620261));
#1768=CARTESIAN_POINT('Ctrl Pts',(0.642390030709482,-0.155884916129293,
0.10714190579722));
#1769=CARTESIAN_POINT('Ctrl Pts',(0.643748567961653,-0.168748347524011,
0.0854593349073196));
#1770=CARTESIAN_POINT('Ctrl Pts',(0.64641235020254,-0.184926928503216,0.0391987354624325));
#1771=CARTESIAN_POINT('Ctrl Pts',(0.647654466086394,-0.188424257451941,
0.015185636835338));
#1772=CARTESIAN_POINT('Ctrl Pts',(0.65016519193288,-0.186115764000076,-0.0337770353249907));
#1773=CARTESIAN_POINT('Ctrl Pts',(0.65152352100277,-0.179967307440033,-0.0582369007300228));
#1774=CARTESIAN_POINT('Ctrl Pts',(0.654188577035919,-0.158849597969881,
-0.102476972025145));
#1775=CARTESIAN_POINT('Ctrl Pts',(0.655434360609991,-0.144409654713071,
-0.121985056225491));
#1776=CARTESIAN_POINT('Ctrl Pts',(0.657942536604667,-0.108262870190629,
-0.155111446539668));
#1777=CARTESIAN_POINT('Ctrl Pts',(0.659300652767699,-0.0866567636802191,
-0.168139266997712));
#1778=CARTESIAN_POINT('Ctrl Pts',(0.661829986362694,-0.0428560044019123,
-0.183802892465561));
#1779=CARTESIAN_POINT('Ctrl Pts',(0.662981229190994,-0.021498097616998,
-0.1875));
#1780=CARTESIAN_POINT('Ctrl Pts',(0.664062499999998,4.43105744572343E-15,
-0.1875));
#1781=CARTESIAN_POINT('Ctrl Pts',(0.671875000000001,1.4792956885692E-14,
-0.1875));
#1782=CARTESIAN_POINT('Ctrl Pts',(0.670908226774614,-0.0192216279213362,
-0.1875));
#1783=CARTESIAN_POINT('Ctrl Pts',(0.669884276093028,-0.0383559027842472,
-0.184544593164104));
#1784=CARTESIAN_POINT('Ctrl Pts',(0.667488721956136,-0.0804500555735239,
-0.171182269153784));
#1785=CARTESIAN_POINT('Ctrl Pts',(0.666129174701723,-0.102436739079271,
-0.159004550453137));
#1786=CARTESIAN_POINT('Ctrl Pts',(0.663594801913288,-0.139708585295869,
-0.127336853239054));
#1787=CARTESIAN_POINT('Ctrl Pts',(0.662382788458979,-0.154855230344632,
-0.108411733102153));
#1788=CARTESIAN_POINT('Ctrl Pts',(0.659731956380379,-0.177579054179719,
-0.0651197403942003));
#1789=CARTESIAN_POINT('Ctrl Pts',(0.658372352212125,-0.184642707147966,
-0.0410136099279479));
#1790=CARTESIAN_POINT('Ctrl Pts',(0.655834255631579,-0.188875285415333,
0.00769627201108281));
#1791=CARTESIAN_POINT('Ctrl Pts',(0.654626288833838,-0.186337939813645,
0.0318016918577627));
#1792=CARTESIAN_POINT('Ctrl Pts',(0.651977695886771,-0.172059582297238,
0.0785473922803478));
#1793=CARTESIAN_POINT('Ctrl Pts',(0.650618074977419,-0.160141496922264,
0.100643083856807));
#1794=CARTESIAN_POINT('Ctrl Pts',(0.648076131961021,-0.12891887976128,0.138249801440179));
#1795=CARTESIAN_POINT('Ctrl Pts',(0.646872130252887,-0.110169139201824,
0.153609577877441));
#1796=CARTESIAN_POINT('Ctrl Pts',(0.644225911584893,-0.0671666596203533,
0.176810904519915));
#1797=CARTESIAN_POINT('Ctrl Pts',(0.642866319651954,-0.043173114858759,
0.184145776128115));
#1798=CARTESIAN_POINT('Ctrl Pts',(0.640320415165154,0.00545384323925517,
0.188953329757364));
#1799=CARTESIAN_POINT('Ctrl Pts',(0.639120261568237,0.0295871695847042,
0.186702301358974));
#1800=CARTESIAN_POINT('Ctrl Pts',(0.636476555358431,0.0764696361844864,
0.172988689991017));
#1801=CARTESIAN_POINT('Ctrl Pts',(0.635117043769058,0.0986803867694044,
0.161353628993703));
#1802=CARTESIAN_POINT('Ctrl Pts',(0.632567071746951,0.136647691470715,0.130616153869222));
#1803=CARTESIAN_POINT('Ctrl Pts',(0.631370612127563,0.15223856573244,0.11205634500269));
#1804=CARTESIAN_POINT('Ctrl Pts',(0.628729558833358,0.175953907103643,0.0693694765512712));
#1805=CARTESIAN_POINT('Ctrl Pts',(0.6273701846175,0.183580162956007,0.0455009558011179));
#1806=CARTESIAN_POINT('Ctrl Pts',(0.624816049299528,0.189008177549009,-0.00303264640203679));
#1807=CARTESIAN_POINT('Ctrl Pts',(0.623623091134404,0.187065967178305,-0.0271962654071085));
#1808=CARTESIAN_POINT('Ctrl Pts',(0.621004730239773,0.174059044074899,-0.0738675299514157));
#1809=CARTESIAN_POINT('Ctrl Pts',(0.619665828295234,0.162965180796231,-0.0958926858142028));
#1810=CARTESIAN_POINT('Ctrl Pts',(0.617104853739797,0.132994277746341,-0.134396270194571));
#1811=CARTESIAN_POINT('Ctrl Pts',(0.615900558136872,0.114425645093479,-0.15052115369812));
#1812=CARTESIAN_POINT('Ctrl Pts',(0.613265179926529,0.0720875550042289,
-0.17480611649614));
#1813=CARTESIAN_POINT('Ctrl Pts',(0.611924668014521,0.0487073858122276,
-0.182705966718644));
#1814=CARTESIAN_POINT('Ctrl Pts',(0.610207953891477,0.0163400402789731,
-0.186966560060314));
#1815=CARTESIAN_POINT('Ctrl Pts',(0.609785723125851,0.00816610027716774,
-0.1875));
#1816=CARTESIAN_POINT('Ctrl Pts',(0.609375000000001,9.81962761322619E-15,
-0.1875));
#1817=CARTESIAN_POINT('Origin',(1.,0.,0.));
#1818=CARTESIAN_POINT('',(0.539062499999999,6.29362410563511E-15,-0.1875));
#1819=CARTESIAN_POINT('',(0.546875,4.91002421997914E-18,-0.1875));
#1820=CARTESIAN_POINT('',(1.,-2.29621274840129E-17,-0.1875));
#1821=CARTESIAN_POINT('Ctrl Pts',(0.539062499999999,1.20037400841608E-14,
-0.1875));
#1822=CARTESIAN_POINT('Ctrl Pts',(0.539443685649096,0.00757882875063327,
-0.1875));
#1823=CARTESIAN_POINT('Ctrl Pts',(0.539834823312318,0.0151652041334165,
-0.187040522503729));
#1824=CARTESIAN_POINT('Ctrl Pts',(0.541534110500623,0.0473248935911116,
-0.183115095915543));
#1825=CARTESIAN_POINT('Ctrl Pts',(0.54289316483044,0.0710927795334979,-0.175261240675383));
#1826=CARTESIAN_POINT('Ctrl Pts',(0.545530030190214,0.113529738195323,-0.151143584553468));
#1827=CARTESIAN_POINT('Ctrl Pts',(0.546721386273383,0.131940026015436,-0.135370577809094));
#1828=CARTESIAN_POINT('Ctrl Pts',(0.549277552217319,0.162293348625162,-0.097121002817719));
#1829=CARTESIAN_POINT('Ctrl Pts',(0.550636838520227,0.173704329508824,-0.0748219144127048));
#1830=CARTESIAN_POINT('Ctrl Pts',(0.553276567031932,0.186971999919312,-0.0278338186123338));
#1831=CARTESIAN_POINT('Ctrl Pts',(0.554471318222068,0.188996536692072,-0.00367829457468717));
#1832=CARTESIAN_POINT('Ctrl Pts',(0.557023278912876,0.183733949126822,0.0448805932638545));
#1833=CARTESIAN_POINT('Ctrl Pts',(0.558382731976011,0.176185247152516,0.0687828055434688));
#1834=CARTESIAN_POINT('Ctrl Pts',(0.561025181434671,0.152606824204906,0.111554146354989));
#1835=CARTESIAN_POINT('Ctrl Pts',(0.562223538964479,0.137077680747324,0.130164666253875));
#1836=CARTESIAN_POINT('Ctrl Pts',(0.564771384752758,0.0992064338322121,
0.161031986164851));
#1837=CARTESIAN_POINT('Ctrl Pts',(0.566130944851395,0.0770260945728593,
0.172742795041432));
#1838=CARTESIAN_POINT('Ctrl Pts',(0.56877597400666,0.0301798620618431,0.186607384619981));
#1839=CARTESIAN_POINT('Ctrl Pts',(0.569978110332285,0.00605401843548507,
0.188935010636445));
#1840=CARTESIAN_POINT('Ctrl Pts',(0.572521942496784,-0.0425954655311942,
0.184281310735319));
#1841=CARTESIAN_POINT('Ctrl Pts',(0.573881555539017,-0.0666194453114641,
0.177018902515843));
#1842=CARTESIAN_POINT('Ctrl Pts',(0.576529025016249,-0.109699672834818,
0.153945237165698));
#1843=CARTESIAN_POINT('Ctrl Pts',(0.577735074775997,-0.128496399525736,
0.138642585517091));
#1844=CARTESIAN_POINT('Ctrl Pts',(0.580275004211394,-0.159838533908553,
0.101125408110788));
#1845=CARTESIAN_POINT('Ctrl Pts',(0.581634621773523,-0.171826342772327,
0.0790586634993347));
#1846=CARTESIAN_POINT('Ctrl Pts',(0.584284394882146,-0.186244097954077,
0.0323472392120247));
#1847=CARTESIAN_POINT('Ctrl Pts',(0.585494456407614,-0.188852034237168,
0.0082486729872198));
#1848=CARTESIAN_POINT('Ctrl Pts',(0.588030602272664,-0.184761157150605,
-0.0404811188876152));
#1849=CARTESIAN_POINT('Ctrl Pts',(0.589390181536745,-0.177764515050152,
-0.0646145110131108));
#1850=CARTESIAN_POINT('Ctrl Pts',(0.592042124963869,-0.155158543721927,
-0.107977415938073));
#1851=CARTESIAN_POINT('Ctrl Pts',(0.593256262250935,-0.140064278848734,
-0.126945669645518));
#1852=CARTESIAN_POINT('Ctrl Pts',(0.59578875060594,-0.102875061676085,-0.158722398213534));
#1853=CARTESIAN_POINT('Ctrl Pts',(0.597148254212544,-0.080915587145496,
-0.170963710096165));
#1854=CARTESIAN_POINT('Ctrl Pts',(0.599553848735608,-0.0386906981361947,
-0.18449234748729));
#1855=CARTESIAN_POINT('Ctrl Pts',(0.600587220566706,-0.0193907504819007,
-0.1875));
#1856=CARTESIAN_POINT('Ctrl Pts',(0.601562499999999,1.51235104929254E-14,
-0.1875));
#1857=CARTESIAN_POINT('Ctrl Pts',(0.609375000000001,9.68986483352714E-15,
-0.1875));
#1858=CARTESIAN_POINT('Ctrl Pts',(0.60856683337637,-0.0160681716559326,
-0.1875));
#1859=CARTESIAN_POINT('Ctrl Pts',(0.607717387952705,-0.0321016383327204,
-0.185434832367097));
#1860=CARTESIAN_POINT('Ctrl Pts',(0.605527505906083,-0.0713629263835946,
-0.175105628217866));
#1861=CARTESIAN_POINT('Ctrl Pts',(0.604185409339463,-0.0935757879938247,
-0.164311584778656));
#1862=CARTESIAN_POINT('Ctrl Pts',(0.601615989996973,-0.132477214912544,
-0.134895808801949));
#1863=CARTESIAN_POINT('Ctrl Pts',(0.60042042895118,-0.148829696053125,-0.116605378288497));
#1864=CARTESIAN_POINT('Ctrl Pts',(0.597791538667674,-0.173731501848928,
-0.0746517875245931));
#1865=CARTESIAN_POINT('Ctrl Pts',(0.596447891265024,-0.181984106597599,
-0.051355393429595));
#1866=CARTESIAN_POINT('Ctrl Pts',(0.593874192667414,-0.189039984336465,
-0.00310711218312566));
#1867=CARTESIAN_POINT('Ctrl Pts',(0.592682512568098,-0.18785383844475,0.0213706177366328));
#1868=CARTESIAN_POINT('Ctrl Pts',(0.590057089239378,-0.176161914995868,
0.0687269900607435));
#1869=CARTESIAN_POINT('Ctrl Pts',(0.588711933197153,-0.165684777219627,
0.0911319475564694));
#1870=CARTESIAN_POINT('Ctrl Pts',(0.586133936181842,-0.136852045893324,
0.130445422920815));
#1871=CARTESIAN_POINT('Ctrl Pts',(0.58494576429377,-0.118850612569689,0.147034074661164));
#1872=CARTESIAN_POINT('Ctrl Pts',(0.582323950635348,-0.0773019795676677,
0.172573856973869));
#1873=CARTESIAN_POINT('Ctrl Pts',(0.580977336250158,-0.0540982553717481,
0.181192601811641));
#1874=CARTESIAN_POINT('Ctrl Pts',(0.578395036252265,-0.00597551414053432,
0.188964427171517));
#1875=CARTESIAN_POINT('Ctrl Pts',(0.577209967387138,0.0184642453110427,
0.188155066031527));
#1876=CARTESIAN_POINT('Ctrl Pts',(0.574591899736839,0.0659847647847265,
0.177212501421549));
#1877=CARTESIAN_POINT('Ctrl Pts',(0.573243884975923,0.0885837281404137,
0.167066516726461));
#1878=CARTESIAN_POINT('Ctrl Pts',(0.57065729223099,0.128318909868936,0.138839279602017));
#1879=CARTESIAN_POINT('Ctrl Pts',(0.56947489280789,0.145149908387757,0.121134587148528));
#1880=CARTESIAN_POINT('Ctrl Pts',(0.566860699579748,0.171341738914334,0.0800075526675323));
#1881=CARTESIAN_POINT('Ctrl Pts',(0.56551134950454,0.180335946488064,0.0569049585534326));
#1882=CARTESIAN_POINT('Ctrl Pts',(0.562920489049175,0.188842462366241,0.00891633493495189));
#1883=CARTESIAN_POINT('Ctrl Pts',(0.561740301836993,0.188417622668148,-0.0154846013108054));
#1884=CARTESIAN_POINT('Ctrl Pts',(0.559130102006431,0.178241875690046,-0.0631663170806863));
#1885=CARTESIAN_POINT('Ctrl Pts',(0.557779488059459,0.168437793458937,-0.0859585787435231));
#1886=CARTESIAN_POINT('Ctrl Pts',(0.555184399526198,0.140832008958437,-0.126120089973166));
#1887=CARTESIAN_POINT('Ctrl Pts',(0.554005948966792,0.123428387978365,-0.143196937833217));
#1888=CARTESIAN_POINT('Ctrl Pts',(0.551399850623606,0.0827350003272605,
-0.17004712993994));
#1889=CARTESIAN_POINT('Ctrl Pts',(0.55004804979411,0.0597411831905777,-0.179421584573652));
#1890=CARTESIAN_POINT('Ctrl Pts',(0.548097633250501,0.023837978459596,-0.186363574872683));
#1891=CARTESIAN_POINT('Ctrl Pts',(0.547474498149935,0.0119193726873876,
-0.1875));
#1892=CARTESIAN_POINT('Ctrl Pts',(0.546875,-2.18547839493141E-17,-0.1875));
#1893=CARTESIAN_POINT('Origin',(1.,0.,0.));
#1894=CARTESIAN_POINT('',(0.476562499999998,6.50106800805929E-17,-0.1875));
#1895=CARTESIAN_POINT('',(0.484375,-4.55454427720568E-15,-0.1875));
#1896=CARTESIAN_POINT('',(1.,-2.29621274840129E-17,-0.1875));
#1897=CARTESIAN_POINT('Ctrl Pts',(0.476562499999998,-2.73184799366426E-18,
-0.1875));
#1898=CARTESIAN_POINT('Ctrl Pts',(0.47713520764641,0.0113867171720973,-0.1875));
#1899=CARTESIAN_POINT('Ctrl Pts',(0.477729595653582,0.0227748952284245,
-0.18646286957006));
#1900=CARTESIAN_POINT('Ctrl Pts',(0.479650556899308,0.0582560234927697,
-0.179915750839327));
#1901=CARTESIAN_POINT('Ctrl Pts',(0.481004893125466,0.0813705565203755,
-0.170711031106884));
#1902=CARTESIAN_POINT('Ctrl Pts',(0.483613996126528,0.122258585467041,-0.14418652107764));
#1903=CARTESIAN_POINT('Ctrl Pts',(0.484790209168884,0.139756648035548,-0.127298849082324));
#1904=CARTESIAN_POINT('Ctrl Pts',(0.487381609415565,0.167726977261229,-0.0873616686614545));
#1905=CARTESIAN_POINT('Ctrl Pts',(0.488736839541002,0.177750591061924,-0.0645685599332499));
#1906=CARTESIAN_POINT('Ctrl Pts',(0.491349838079461,0.188276434780542,-0.016976214368567));
#1907=CARTESIAN_POINT('Ctrl Pts',(0.492526479878111,0.188898502505823,0.00731896172344864));
#1908=CARTESIAN_POINT('Ctrl Pts',(0.495113465688524,0.180818653885327,0.0554072800432303));
#1909=CARTESIAN_POINT('Ctrl Pts',(0.496469500244622,0.171963791118376,0.0787004951929434));
#1910=CARTESIAN_POINT('Ctrl Pts',(0.499086287486517,0.146066224410787,0.120000992571228));
#1911=CARTESIAN_POINT('Ctrl Pts',(0.500263827492851,0.129473260730276,0.137739821676619));
#1912=CARTESIAN_POINT('Ctrl Pts',(0.502846369284639,0.0899752765636645,
0.166345258621033));
#1913=CARTESIAN_POINT('Ctrl Pts',(0.504203118889311,0.0673048367713271,
0.176737956433672));
#1914=CARTESIAN_POINT('Ctrl Pts',(0.506823579026653,0.0198651245082699,
0.187990446285504));
#1915=CARTESIAN_POINT('Ctrl Pts',(0.508002466600959,-0.00439251917634135,
0.188986082522387));
#1916=CARTESIAN_POINT('Ctrl Pts',(0.510580551231932,-0.0526144728793919,
0.181656114869724));
#1917=CARTESIAN_POINT('Ctrl Pts',(0.511937927612751,-0.0760770595581517,
0.173145743558633));
#1918=CARTESIAN_POINT('Ctrl Pts',(0.514561937159,-0.117775766256107,0.147862868582302));
#1919=CARTESIAN_POINT('Ctrl Pts',(0.515742596640004,-0.1357484175417,0.131555792648786));
#1920=CARTESIAN_POINT('Ctrl Pts',(0.518316227435795,-0.164966572857182,
0.0924887754004003));
#1921=CARTESIAN_POINT('Ctrl Pts',(0.519674144383623,-0.175715887938108,
0.0699428419075474));
#1922=CARTESIAN_POINT('Ctrl Pts',(0.5223015735063,-0.187672220327462,0.022656111653706));
#1923=CARTESIAN_POINT('Ctrl Pts',(0.5234843999335,-0.189028325632045,-0.00156552945399088));
#1924=CARTESIAN_POINT('Ctrl Pts',(0.526053596475181,-0.182422488904904,
-0.0499107127851766));
#1925=CARTESIAN_POINT('Ctrl Pts',(0.527411970707701,-0.17424703497515,-0.07353186632352));
#1926=CARTESIAN_POINT('Ctrl Pts',(0.530042684568763,-0.14955952962555,-0.115610480065352));
#1927=CARTESIAN_POINT('Ctrl Pts',(0.531228040138548,-0.1335265857146,-0.133807620819912));
#1928=CARTESIAN_POINT('Ctrl Pts',(0.533792837820922,-0.0948771966441305,
-0.163610030302537));
#1929=CARTESIAN_POINT('Ctrl Pts',(0.535151589739753,-0.0724556724379866,
-0.174699774578857));
#1930=CARTESIAN_POINT('Ctrl Pts',(0.537374776531643,-0.0326695524975741,
-0.185360550235227));
#1931=CARTESIAN_POINT('Ctrl Pts',(0.538239927165743,-0.0163545995514094,
-0.1875));
#1932=CARTESIAN_POINT('Ctrl Pts',(0.539062499999999,1.18398292045409E-14,
-0.1875));
#1933=CARTESIAN_POINT('Ctrl Pts',(0.546875,3.55140239176354E-17,-0.1875));
#1934=CARTESIAN_POINT('Ctrl Pts',(0.546265941014218,-0.0121094636254216,
-0.1875));
#1935=CARTESIAN_POINT('Ctrl Pts',(0.545632530111543,-0.0242172425474691,
-0.186327040755439));
#1936=CARTESIAN_POINT('Ctrl Pts',(0.543669683944904,-0.0603055634560134,
-0.179235338537455));
#1937=CARTESIAN_POINT('Ctrl Pts',(0.542316777931561,-0.0832878001589506,
-0.16977987743887));
#1938=CARTESIAN_POINT('Ctrl Pts',(0.539713405569103,-0.123875014885877,
-0.142804208293581));
#1939=CARTESIAN_POINT('Ctrl Pts',(0.538536962854857,-0.141198302747898,
-0.125702433500832));
#1940=CARTESIAN_POINT('Ctrl Pts',(0.535939338765322,-0.168705101114253,
-0.0854495083056908));
#1941=CARTESIAN_POINT('Ctrl Pts',(0.534585412997427,-0.178459782054426,
-0.0625709375033102));
#1942=CARTESIAN_POINT('Ctrl Pts',(0.531978010444638,-0.188457148212003,
-0.0148709501570862));
#1943=CARTESIAN_POINT('Ctrl Pts',(0.53080183361488,-0.188806538678757,0.00945174259650794));
#1944=CARTESIAN_POINT('Ctrl Pts',(0.528208553760751,-0.180179869691566,
0.0574387002611369));
#1945=CARTESIAN_POINT('Ctrl Pts',(0.526853695971295,-0.17107536709645,0.0806051144385876));
#1946=CARTESIAN_POINT('Ctrl Pts',(0.524242355132299,-0.14473073947665,0.121612146374371));
#1947=CARTESIAN_POINT('Ctrl Pts',(0.523065955636251,-0.127927955441283,
0.139179534492984));
#1948=CARTESIAN_POINT('Ctrl Pts',(0.52047707255819,-0.0881167433889462,
0.167333154168634));
#1949=CARTESIAN_POINT('Ctrl Pts',(0.519121371927368,-0.0653583728492203,
0.177463217633581));
#1950=CARTESIAN_POINT('Ctrl Pts',(0.516506195407303,-0.017809462341986,
0.188198465974066));
#1951=CARTESIAN_POINT('Ctrl Pts',(0.515329096829029,0.00647486089422382,
0.188928344778685));
#1952=CARTESIAN_POINT('Ctrl Pts',(0.512744647089176,0.0546023663052537,
0.181064833552267));
#1953=CARTESIAN_POINT('Ctrl Pts',(0.511388193164697,0.0779449818528869,
0.17230910421362));
#1954=CARTESIAN_POINT('Ctrl Pts',(0.508769293079351,0.11936086258591,0.146588681080308));
#1955=CARTESIAN_POINT('Ctrl Pts',(0.507591036806181,0.137167296250846,0.130078410560688));
#1956=CARTESIAN_POINT('Ctrl Pts',(0.505011040613061,0.165950311174469,0.0907045938330915));
#1957=CARTESIAN_POINT('Ctrl Pts',(0.503653922264472,0.176446314515589,0.0680696131326145));
#1958=CARTESIAN_POINT('Ctrl Pts',(0.501031418969914,0.187902506938438,0.0206736546725551));
#1959=CARTESIAN_POINT('Ctrl Pts',(0.499851569371007,0.189002601692076,-0.00357353302051422));
#1960=CARTESIAN_POINT('Ctrl Pts',(0.497276030447399,0.181882433794315,-0.0518317742346583));
#1961=CARTESIAN_POINT('Ctrl Pts',(0.495918334879904,0.173468873833339,-0.0753408076372263));
#1962=CARTESIAN_POINT('Ctrl Pts',(0.493292355652134,0.148358312011752,-0.117150050483234));
#1963=CARTESIAN_POINT('Ctrl Pts',(0.492110504647631,0.132130850919631,-0.135187869211801));
#1964=CARTESIAN_POINT('Ctrl Pts',(0.489539410340951,0.0931846886646933,
-0.164576042814173));
#1965=CARTESIAN_POINT('Ctrl Pts',(0.488181222190988,0.0706743835224929,
-0.175424390044929));
#1966=CARTESIAN_POINT('Ctrl Pts',(0.485996390460589,0.03141765376422,-0.185522183707223));
#1967=CARTESIAN_POINT('Ctrl Pts',(0.485165890929538,0.0157246919698835,
-0.187500000000001));
#1968=CARTESIAN_POINT('Ctrl Pts',(0.484375,-8.79655053959893E-15,-0.1875));
#1969=CARTESIAN_POINT('Origin',(1.,0.,0.));
#1970=CARTESIAN_POINT('',(0.414062499999998,-3.77460167501453E-15,-0.1875));
#1971=CARTESIAN_POINT('',(0.421874999999999,-8.28761456054789E-15,-0.1875));
#1972=CARTESIAN_POINT('',(1.,-2.29621274840129E-17,-0.1875));
#1973=CARTESIAN_POINT('Ctrl Pts',(0.414062499999998,-8.64356705195373E-15,
-0.1875));
#1974=CARTESIAN_POINT('Ctrl Pts',(0.414836586132002,0.0153905747674057,
-0.187500000000001));
#1975=CARTESIAN_POINT('Ctrl Pts',(0.415648790033935,0.0307542216960195,
-0.185605337489794));
#1976=CARTESIAN_POINT('Ctrl Pts',(0.417800171284054,0.0694919190352898,
-0.175860111775627));
#1977=CARTESIAN_POINT('Ctrl Pts',(0.419144471165042,0.0918417022097306,
-0.165290867144065));
#1978=CARTESIAN_POINT('Ctrl Pts',(0.42172001121033,0.131036291351941,-0.136289053648966));
#1979=CARTESIAN_POINT('Ctrl Pts',(0.422910139538358,0.147556746051321,-0.118204144263673));
#1980=CARTESIAN_POINT('Ctrl Pts',(0.425534032358875,0.172912546387872,-0.0765379650092488));
#1981=CARTESIAN_POINT('Ctrl Pts',(0.426879820285084,0.181425573344815,-0.0533068828982097));
#1982=CARTESIAN_POINT('Ctrl Pts',(0.429459662509298,0.188990639765173,-0.00514736538325726));
#1983=CARTESIAN_POINT('Ctrl Pts',(0.430646452596813,0.188072682727756,0.0193033491739178));
#1984=CARTESIAN_POINT('Ctrl Pts',(0.433266676420596,0.1769139213365,0.0667771865910427));
#1985=CARTESIAN_POINT('Ctrl Pts',(0.434613898745287,0.166672090261082,0.0893206936601723));
#1986=CARTESIAN_POINT('Ctrl Pts',(0.437198041380809,0.138269980194299,0.128934726954011));
#1987=CARTESIAN_POINT('Ctrl Pts',(0.438381911128491,0.120479934849732,0.145696026875716));
#1988=CARTESIAN_POINT('Ctrl Pts',(0.440998332826704,0.0792310385230754,
0.171700623445172));
#1989=CARTESIAN_POINT('Ctrl Pts',(0.442346928462141,0.0560987362989417,
0.18058689618775));
#1990=CARTESIAN_POINT('Ctrl Pts',(0.444935354915557,0.00807099433123176,
0.188882139923144));
#1991=CARTESIAN_POINT('Ctrl Pts',(0.446116748661616,-0.0163410867192588,
0.188346937423893));
#1992=CARTESIAN_POINT('Ctrl Pts',(0.448729243684639,-0.063977191540021,
0.17795090663568));
#1993=CARTESIAN_POINT('Ctrl Pts',(0.450079144738682,-0.0867144685912926,
0.168048298670228));
#1994=CARTESIAN_POINT('Ctrl Pts',(0.452671823678257,-0.126754044227135,
0.140263796102359));
#1995=CARTESIAN_POINT('Ctrl Pts',(0.453851207193061,-0.143760477893074,
0.12277394893545));
#1996=CARTESIAN_POINT('Ctrl Pts',(0.456459661060747,-0.170422451363576,
0.0819557654432048));
#1997=CARTESIAN_POINT('Ctrl Pts',(0.457810793604119,-0.179688087387403,
0.0589301611949252));
#1998=CARTESIAN_POINT('Ctrl Pts',(0.46040767925283,-0.188726206411227,0.011041940402775));
#1999=CARTESIAN_POINT('Ctrl Pts',(0.461585534204156,-0.188578332844709,
-0.013331038788727));
#2000=CARTESIAN_POINT('Ctrl Pts',(0.464189843912542,-0.178956043465338,
-0.0611248953147176));
#2001=CARTESIAN_POINT('Ctrl Pts',(0.465542128859322,-0.169400572839181,
-0.0840533585136849));
#2002=CARTESIAN_POINT('Ctrl Pts',(0.468143162269173,-0.142244497838405,
-0.124519343045738));
#2003=CARTESIAN_POINT('Ctrl Pts',(0.469319978733293,-0.125056622153035,
-0.1417723724646));
#2004=CARTESIAN_POINT('Ctrl Pts',(0.471920054941375,-0.0846775273003881,
-0.16909227202289));
#2005=CARTESIAN_POINT('Ctrl Pts',(0.473273408781496,-0.0617654616232156,
-0.178738636648907));
#2006=CARTESIAN_POINT('Ctrl Pts',(0.475267058904383,-0.0252288793745079,
-0.186226730159891));
#2007=CARTESIAN_POINT('Ctrl Pts',(0.475927929978814,-0.0126166804343926,
-0.1875));
#2008=CARTESIAN_POINT('Ctrl Pts',(0.476562499999998,-1.8576566356917E-16,
-0.1875));
#2009=CARTESIAN_POINT('Ctrl Pts',(0.484375,-8.59166194007411E-15,-0.1875));
#2010=CARTESIAN_POINT('Ctrl Pts',(0.483961927226138,-0.00821281656868826,
-0.1875));
#2011=CARTESIAN_POINT('Ctrl Pts',(0.483537235461042,-0.0164331516361201,
-0.1869604396825));
#2012=CARTESIAN_POINT('Ctrl Pts',(0.481800992440365,-0.0491589690565256,
-0.182627886946055));
#2013=CARTESIAN_POINT('Ctrl Pts',(0.480442392971162,-0.0728232737019086,
-0.174545797643363));
#2014=CARTESIAN_POINT('Ctrl Pts',(0.477809864690199,-0.115006560755142,
-0.150023903866527));
#2015=CARTESIAN_POINT('Ctrl Pts',(0.47662291540474,-0.133265816016479,-0.134066745580636));
#2016=CARTESIAN_POINT('Ctrl Pts',(0.474060608818623,-0.16322916245259,-0.0955335473800439));
#2017=CARTESIAN_POINT('Ctrl Pts',(0.472701675229384,-0.174412729832884,
-0.0731472739593739));
#2018=CARTESIAN_POINT('Ctrl Pts',(0.470066081024681,-0.187228822908246,
-0.0260543280318266));
#2019=CARTESIAN_POINT('Ctrl Pts',(0.468876106197613,-0.189023603275209,
-0.00187617793256705));
#2020=CARTESIAN_POINT('Ctrl Pts',(0.466318112550747,-0.183299318958451,
0.0466114175963633));
#2021=CARTESIAN_POINT('Ctrl Pts',(0.464958917408272,-0.175534420206141,
0.0704189501951029));
#2022=CARTESIAN_POINT('Ctrl Pts',(0.462320399040124,-0.151574098422477,
0.112953944401034));
#2023=CARTESIAN_POINT('Ctrl Pts',(0.461127131653207,-0.135872452532751,
0.131422798303504));
#2024=CARTESIAN_POINT('Ctrl Pts',(0.458573378339,-0.0977332679230581,0.161926820642888));
#2025=CARTESIAN_POINT('Ctrl Pts',(0.45721398913577,-0.0754685426563799,
0.1734257006966));
#2026=CARTESIAN_POINT('Ctrl Pts',(0.454572688909477,-0.0285216053662717,
0.186868178840978));
#2027=CARTESIAN_POINT('Ctrl Pts',(0.453375900966211,-0.00437479996964656,
0.188981544958741));
#2028=CARTESIAN_POINT('Ctrl Pts',(0.450826302705091,0.0442110458157405,
0.18389743625946));
#2029=CARTESIAN_POINT('Ctrl Pts',(0.449466781543323,0.0681493163262844,
0.17643251782088));
#2030=CARTESIAN_POINT('Ctrl Pts',(0.446822841237748,0.111011529767615,0.153001920156686));
#2031=CARTESIAN_POINT('Ctrl Pts',(0.445622343738568,0.129676702754035,0.137539282928602));
#2032=CARTESIAN_POINT('Ctrl Pts',(0.443076803779932,0.160683706247951,0.0997717399317093));
#2033=CARTESIAN_POINT('Ctrl Pts',(0.441717207177072,0.172476004782671,0.0776244290078328));
#2034=CARTESIAN_POINT('Ctrl Pts',(0.439070767076718,0.186503153108663,0.0308174777702816));
#2035=CARTESIAN_POINT('Ctrl Pts',(0.437866409323788,0.188913207120738,0.0066996725862134));
#2036=CARTESIAN_POINT('Ctrl Pts',(0.435324820731867,0.184425047141808,-0.0419737729882387));
#2037=CARTESIAN_POINT('Ctrl Pts',(0.433965199539639,0.177240696956639,-0.0660302475052178));
#2038=CARTESIAN_POINT('Ctrl Pts',(0.431316397577513,0.154304479687426,-0.109193900686915));
#2039=CARTESIAN_POINT('Ctrl Pts',(0.430108065889433,0.139063214191043,-0.128041135034389));
#2040=CARTESIAN_POINT('Ctrl Pts',(0.42757031288183,0.101642432314036,-0.15951152027725));
#2041=CARTESIAN_POINT('Ctrl Pts',(0.426210712308252,0.0796070151404603,
-0.171574144816032));
#2042=CARTESIAN_POINT('Ctrl Pts',(0.423833341369532,0.0377506916835629,
-0.184637846113845));
#2043=CARTESIAN_POINT('Ctrl Pts',(0.422826401258779,0.0189159986229519,
-0.187500000000002));
#2044=CARTESIAN_POINT('Ctrl Pts',(0.421874999999999,-1.72652793199581E-14,
-0.1875));
#2045=CARTESIAN_POINT('Origin',(1.,0.,0.));
#2046=CARTESIAN_POINT('',(0.351562499999997,-8.07521337904049E-15,-0.1875));
#2047=CARTESIAN_POINT('',(0.359375,-3.25691415648172E-15,-0.1875));
#2048=CARTESIAN_POINT('',(1.,-2.29621274840129E-17,-0.1875));
#2049=CARTESIAN_POINT('Ctrl Pts',(0.351562499999997,-1.49869180932421E-14,
-0.1875));
#2050=CARTESIAN_POINT('Ctrl Pts',(0.352505581037632,0.0187505738978379,
-0.187500000000001));
#2051=CARTESIAN_POINT('Ctrl Pts',(0.353503322027511,0.0374230161402806,
-0.184687695790134));
#2052=CARTESIAN_POINT('Ctrl Pts',(0.355870830693543,0.0791497744655312,
-0.171784585683298));
#2053=CARTESIAN_POINT('Ctrl Pts',(0.357230446395294,0.101211334076876,-0.159784348420048));
#2054=CARTESIAN_POINT('Ctrl Pts',(0.359770015415657,0.138712520939823,-0.128420909372258));
#2055=CARTESIAN_POINT('Ctrl Pts',(0.360976438195154,0.154004981567982,-0.109615798836112));
#2056=CARTESIAN_POINT('Ctrl Pts',(0.363624129720904,0.17705584734331,-0.066521712595276));
#2057=CARTESIAN_POINT('Ctrl Pts',(0.364983745159572,0.184305310265514,-0.0424923230507953));
#2058=CARTESIAN_POINT('Ctrl Pts',(0.36752720605192,0.188931542997375,0.00616115646383044));
#2059=CARTESIAN_POINT('Ctrl Pts',(0.368729704648316,0.186590241059305,0.030285665410108));
#2060=CARTESIAN_POINT('Ctrl Pts',(0.371374968811391,0.172698687057615,0.0771254013756226));
#2061=CARTESIAN_POINT('Ctrl Pts',(0.372734536093655,0.160974356149043,0.0993002824526147));
#2062=CARTESIAN_POINT('Ctrl Pts',(0.375282000586436,0.130083857578169,0.137154347439628));
#2063=CARTESIAN_POINT('Ctrl Pts',(0.376480706157185,0.111464275889971,0.152672462118662));
#2064=CARTESIAN_POINT('Ctrl Pts',(0.379123403802337,0.0686778558923477,
0.176226393642304));
#2065=CARTESIAN_POINT('Ctrl Pts',(0.380482869368568,0.0447696468001602,
0.183761218178958));
#2066=CARTESIAN_POINT('Ctrl Pts',(0.38303443970022,-0.00379373188045011,
0.188994226652872));
#2067=CARTESIAN_POINT('Ctrl Pts',(0.384229521100138,-0.0279478099169523,
0.18695496888732));
#2068=CARTESIAN_POINT('Ctrl Pts',(0.386848541966575,-0.0745559415406764,
0.173763950783228));
#2069=CARTESIAN_POINT('Ctrl Pts',(0.388186516124616,-0.0965286088667368,
0.162587902701403));
#2070=CARTESIAN_POINT('Ctrl Pts',(0.390745118147741,-0.134921729649763,
0.132464198487626));
#2071=CARTESIAN_POINT('Ctrl Pts',(0.391952112607093,-0.15098347452854,0.113818459837446));
#2072=CARTESIAN_POINT('Ctrl Pts',(0.394589232336749,-0.175097010585559,
0.0713747371430243));
#2073=CARTESIAN_POINT('Ctrl Pts',(0.395928827108955,-0.18289906011209,0.0479722923801));
#2074=CARTESIAN_POINT('Ctrl Pts',(0.398491595344016,-0.189074214955698,
-0.000423476022615928));
#2075=CARTESIAN_POINT('Ctrl Pts',(0.399693920389704,-0.187421569074692,
-0.0249479783890184));
#2076=CARTESIAN_POINT('Ctrl Pts',(0.402327958723653,-0.174805052196964,
-0.0720926572715044));
#2077=CARTESIAN_POINT('Ctrl Pts',(0.403669153654737,-0.163923523452033,
-0.0942513547375728));
#2078=CARTESIAN_POINT('Ctrl Pts',(0.406236142560567,-0.134346130804287,
-0.133037515287543));
#2079=CARTESIAN_POINT('Ctrl Pts',(0.407434074231367,-0.115975015306378,
-0.149324017954805));
#2080=CARTESIAN_POINT('Ctrl Pts',(0.410064879038461,-0.0739093694188815,
-0.174047195883727));
#2081=CARTESIAN_POINT('Ctrl Pts',(0.411407645161911,-0.0505881297965551,
-0.182197516821751));
#2082=CARTESIAN_POINT('Ctrl Pts',(0.413163927233956,-0.017609014032917,
-0.186880427728288));
#2083=CARTESIAN_POINT('Ctrl Pts',(0.413619856069396,-0.00880075772916347,
-0.1875));
#2084=CARTESIAN_POINT('Ctrl Pts',(0.414062499999997,-8.60532118004243E-15,
-0.1875));
#2085=CARTESIAN_POINT('Ctrl Pts',(0.421874999999999,-1.722566752405E-14,
-0.1875));
#2086=CARTESIAN_POINT('Ctrl Pts',(0.421621912777503,-0.00503194368104126,
-0.1875));
#2087=CARTESIAN_POINT('Ctrl Pts',(0.421364337527911,-0.0100692175559947,
-0.187297442925913));
#2088=CARTESIAN_POINT('Ctrl Pts',(0.419813258558426,-0.039909520260048,
-0.184886515884079));
#2089=CARTESIAN_POINT('Ctrl Pts',(0.418453718280364,-0.064071956966557,
-0.177961864933954));
#2090=CARTESIAN_POINT('Ctrl Pts',(0.415800593387952,-0.107510774858243,
-0.155482453385746));
#2091=CARTESIAN_POINT('Ctrl Pts',(0.414584111518481,-0.126525283459909,
-0.140444342468921));
#2092=CARTESIAN_POINT('Ctrl Pts',(0.412053653747796,-0.158418741059168,
-0.10334384863126));
#2093=CARTESIAN_POINT('Ctrl Pts',(0.410694208100456,-0.170728129988427,
-0.0814137248973017));
#2094=CARTESIAN_POINT('Ctrl Pts',(0.408039114177184,-0.185790295050155,
-0.0348634341496643));
#2095=CARTESIAN_POINT('Ctrl Pts',(0.406818519640772,-0.188724180122613,
-0.0107963781832366));
#2096=CARTESIAN_POINT('Ctrl Pts',(0.404291510592553,-0.185287222366216,
0.0380226154613272));
#2097=CARTESIAN_POINT('Ctrl Pts',(0.402932188821849,-0.178600653537149,
0.0622793245932009));
#2098=CARTESIAN_POINT('Ctrl Pts',(0.4002752480941,-0.156539433539945,0.105967230492913));
#2099=CARTESIAN_POINT('Ctrl Pts',(0.399050553839746,-0.141686177123574,
0.125134106104701));
#2100=CARTESIAN_POINT('Ctrl Pts',(0.396526855791419,-0.104878764214265,
0.157410656982857));
#2101=CARTESIAN_POINT('Ctrl Pts',(0.395167682355322,-0.0830465745571247,
0.16994341354894));
#2102=CARTESIAN_POINT('Ctrl Pts',(0.392509012088601,-0.0366112057604156,
0.185454689228728));
#2103=CARTESIAN_POINT('Ctrl Pts',(0.391280256034212,-0.0125659482893029,
0.18861540685809));
#2104=CARTESIAN_POINT('Ctrl Pts',(0.388759728947055,0.036312483795797,0.185633080321941));
#2105=CARTESIAN_POINT('Ctrl Pts',(0.387400723852648,0.0606525118044568,
0.179162861517476));
#2106=CARTESIAN_POINT('Ctrl Pts',(0.384740436131745,0.104564196552712,0.157481235780025));
#2107=CARTESIAN_POINT('Ctrl Pts',(0.383507678258347,0.123868764119616,0.142794873615681));
#2108=CARTESIAN_POINT('Ctrl Pts',(0.380990180904244,0.156489613392351,0.106253357529793));
#2109=CARTESIAN_POINT('Ctrl Pts',(0.379631360068235,0.169223024326794,0.0845112921168206));
#2110=CARTESIAN_POINT('Ctrl Pts',(0.376969561659314,0.185138863396191,0.0381813044545764));
#2111=CARTESIAN_POINT('Ctrl Pts',(0.375732881118441,0.188503711682009,0.0141555753541697));
#2112=CARTESIAN_POINT('Ctrl Pts',(0.373218272114638,0.185930144678214,-0.0347745056543388));
#2113=CARTESIAN_POINT('Ctrl Pts',(0.371859647736348,0.179654961116092,-0.0591877504121297));
#2114=CARTESIAN_POINT('Ctrl Pts',(0.369196440021394,0.158315232216041,-0.103299109522001));
#2115=CARTESIAN_POINT('Ctrl Pts',(0.367955932312863,0.143778482745531,-0.122727212004231));
#2116=CARTESIAN_POINT('Ctrl Pts',(0.365444071058015,0.107476331350003,-0.155655405994515));
#2117=CARTESIAN_POINT('Ctrl Pts',(0.364085651995322,0.0858164072929091,
-0.168567838585145));
#2118=CARTESIAN_POINT('Ctrl Pts',(0.361574415763551,0.0422419524678649,
-0.183909137898535));
#2119=CARTESIAN_POINT('Ctrl Pts',(0.360440626011082,0.0211870438179605,
-0.187500000000001));
#2120=CARTESIAN_POINT('Ctrl Pts',(0.359375,-6.46901604899697E-15,-0.1875));
#2121=CARTESIAN_POINT('Origin',(1.,0.,0.));
#2122=CARTESIAN_POINT('',(0.289062499999998,-3.24870708156938E-15,-0.1875));
#2123=CARTESIAN_POINT('',(0.296875,-1.14810637420064E-17,-0.1875));
#2124=CARTESIAN_POINT('',(1.,-2.29621274840129E-17,-0.1875));
#2125=CARTESIAN_POINT('Ctrl Pts',(0.289062499999998,-6.36520582523773E-15,
-0.1875));
#2126=CARTESIAN_POINT('Ctrl Pts',(0.290122597829939,0.0210771311329833,
-0.187500000000001));
#2127=CARTESIAN_POINT('Ctrl Pts',(0.291250224901882,0.0420249087707239,
-0.183946309421374));
#2128=CARTESIAN_POINT('Ctrl Pts',(0.293755051954389,0.0855188682447222,
-0.168718317744473));
#2129=CARTESIAN_POINT('Ctrl Pts',(0.295113569935244,0.107197672416694,-0.155846717711432));
#2130=CARTESIAN_POINT('Ctrl Pts',(0.297626725405522,0.143554599101877,-0.122988640627648));
#2131=CARTESIAN_POINT('Ctrl Pts',(0.298865419008524,0.158125534438815,-0.10358877355644));
#2132=CARTESIAN_POINT('Ctrl Pts',(0.301527966279604,0.179543517832787,-0.0595229596301647));
#2133=CARTESIAN_POINT('Ctrl Pts',(0.302886685740783,0.185863354786185,-0.0351263204507611));
#2134=CARTESIAN_POINT('Ctrl Pts',(0.305402655925061,0.188530419820229,0.0137920957374047));
#2135=CARTESIAN_POINT('Ctrl Pts',(0.30663747490758,0.185212280356873,0.0378222860412784));
#2136=CARTESIAN_POINT('Ctrl Pts',(0.309298565149908,0.169389043734197,0.0841765509469345));
#2137=CARTESIAN_POINT('Ctrl Pts',(0.310657475685202,0.156701513709574,0.105939404278691));
#2138=CARTESIAN_POINT('Ctrl Pts',(0.313176401668176,0.124159406289531,0.142541940665688));
#2139=CARTESIAN_POINT('Ctrl Pts',(0.314407257988825,0.104886393391285,0.157266536897352));
#2140=CARTESIAN_POINT('Ctrl Pts',(0.317066787246234,0.0610258791308536,
0.179035292872749));
#2141=CARTESIAN_POINT('Ctrl Pts',(0.318425874928701,0.0367047866378452,
0.185555190282843));
#2142=CARTESIAN_POINT('Ctrl Pts',(0.320947898142257,-0.0121601979984513,
0.188641795899406));
#2143=CARTESIAN_POINT('Ctrl Pts',(0.322174721443182,-0.0362104478775466,
0.185533125092766));
#2144=CARTESIAN_POINT('Ctrl Pts',(0.3248325803982,-0.0826723881379222,0.170124941562658));
#2145=CARTESIAN_POINT('Ctrl Pts',(0.326191827404546,-0.104527255255043,
0.157643401856036));
#2146=CARTESIAN_POINT('Ctrl Pts',(0.328717088643954,-0.141402138892443,
0.125454706552815));
#2147=CARTESIAN_POINT('Ctrl Pts',(0.329939829113113,-0.156297865772738,
0.106322850779984));
#2148=CARTESIAN_POINT('Ctrl Pts',(0.332595903185861,-0.178455376729722,
0.062692060954012));
#2149=CARTESIAN_POINT('Ctrl Pts',(0.333955287428122,-0.185196791443913,
0.0384568276564095));
#2150=CARTESIAN_POINT('Ctrl Pts',(0.336483925772326,-0.188749209361596,
-0.0103467348951517));
#2151=CARTESIAN_POINT('Ctrl Pts',(0.337702557050188,-0.185872900909359,
-0.0344193407797803));
#2152=CARTESIAN_POINT('Ctrl Pts',(0.340356726574213,-0.170924651246517,
-0.0809984376927468));
#2153=CARTESIAN_POINT('Ctrl Pts',(0.341716221348989,-0.158672018887591,
-0.102953047531903));
#2154=CARTESIAN_POINT('Ctrl Pts',(0.34424837299329,-0.126875880306702,-0.140127530247238));
#2155=CARTESIAN_POINT('Ctrl Pts',(0.345462895061645,-0.107899940686772,
-0.155212463144332));
#2156=CARTESIAN_POINT('Ctrl Pts',(0.348115035546145,-0.0645244123247226,
-0.177797417553547));
#2157=CARTESIAN_POINT('Ctrl Pts',(0.34947460921299,-0.0403861803881166,
-0.184782106649038));
#2158=CARTESIAN_POINT('Ctrl Pts',(0.351035151630325,-0.0103954469920719,
-0.187284107370876));
#2159=CARTESIAN_POINT('Ctrl Pts',(0.351301214165245,-0.0051949505477048,
-0.1875));
#2160=CARTESIAN_POINT('Ctrl Pts',(0.351562499999997,-1.51439993528778E-14,
-0.1875));
#2161=CARTESIAN_POINT('Ctrl Pts',(0.359375,-6.49086618547942E-15,-0.1875));
#2162=CARTESIAN_POINT('Ctrl Pts',(0.359233460697804,-0.00281411993177029,
-0.1875));
#2163=CARTESIAN_POINT('Ctrl Pts',(0.359090490887653,-0.00563043969424095,
-0.187436646479369));
#2164=CARTESIAN_POINT('Ctrl Pts',(0.357667652743776,-0.0334009333916215,
-0.186184318091308));
#2165=CARTESIAN_POINT('Ctrl Pts',(0.356309444883982,-0.0578782011775012,
-0.18008369267969));
#2166=CARTESIAN_POINT('Ctrl Pts',(0.353643701205396,-0.102166644423657,
-0.159049756448834));
#2167=CARTESIAN_POINT('Ctrl Pts',(0.352395877680315,-0.121704859610817,
-0.144646270615243));
#2168=CARTESIAN_POINT('Ctrl Pts',(0.34988909731052,-0.154905752778623,-0.108558094349374));
#2169=CARTESIAN_POINT('Ctrl Pts',(0.348531103929614,-0.167976935185755,
-0.0869723901314269));
#2170=CARTESIAN_POINT('Ctrl Pts',(0.345864223015442,-0.18457634137486,-0.0408244935958609));
#2171=CARTESIAN_POINT('Ctrl Pts',(0.344612930649384,-0.188285729383955,
-0.0168315439942335));
#2172=CARTESIAN_POINT('Ctrl Pts',(0.342108488736051,-0.186401151796261,
0.0321817811301623));
#2173=CARTESIAN_POINT('Ctrl Pts',(0.340750710841289,-0.180455754019439,
0.056714797634935));
#2174=CARTESIAN_POINT('Ctrl Pts',(0.338082772998163,-0.159693605370654,
0.101159443913764));
#2175=CARTESIAN_POINT('Ctrl Pts',(0.336828147282853,-0.14540814051415,0.120795235331685));
#2176=CARTESIAN_POINT('Ctrl Pts',(0.334325913665409,-0.10951004746162,0.154236785858238));
#2177=CARTESIAN_POINT('Ctrl Pts',(0.332968350317423,-0.0879908892293099,
0.167447982906294));
#2178=CARTESIAN_POINT('Ctrl Pts',(0.330299430901424,-0.041920240832681,
0.184331730687779));
#2179=CARTESIAN_POINT('Ctrl Pts',(0.32904161189992,-0.0179408523555911,
0.188184322118841));
#2180=CARTESIAN_POINT('Ctrl Pts',(0.326541460360303,0.0311056282801004,
0.186585726954595));
#2181=CARTESIAN_POINT('Ctrl Pts',(0.325184108972156,0.0556870156178576,
0.180777579016278));
#2182=CARTESIAN_POINT('Ctrl Pts',(0.322514278570503,0.100268790580264,0.160255645485884));
#2183=CARTESIAN_POINT('Ctrl Pts',(0.321253409157321,0.119990599469868,0.146074168631021));
#2184=CARTESIAN_POINT('Ctrl Pts',(0.318755217769881,0.153643519114627,0.11034399616543));
#2185=CARTESIAN_POINT('Ctrl Pts',(0.317398074381506,0.166977619883667,0.0888840960636147));
#2186=CARTESIAN_POINT('Ctrl Pts',(0.314727399010219,0.184111458325423,0.042882126266516));
#2187=CARTESIAN_POINT('Ctrl Pts',(0.313463623319131,0.188089957567918,0.0189146322687264));
#2188=CARTESIAN_POINT('Ctrl Pts',(0.310967274719993,0.186742598991179,-0.0301603029517495));
#2189=CARTESIAN_POINT('Ctrl Pts',(0.309610334247313,0.181055193036493,-0.0547835333322211));
#2190=CARTESIAN_POINT('Ctrl Pts',(0.306938875559684,0.160744519421607,-0.0994851890072919));
#2191=CARTESIAN_POINT('Ctrl Pts',(0.305672337632745,0.146654251484358,-0.119282476541356));
#2192=CARTESIAN_POINT('Ctrl Pts',(0.303177719215911,0.111071692066862,-0.153120263019682));
#2193=CARTESIAN_POINT('Ctrl Pts',(0.301820975674657,0.0896642425095993,
-0.166561797942938));
#2194=CARTESIAN_POINT('Ctrl Pts',(0.299226940155115,0.0450665506812507,
-0.183407150418421));
#2195=CARTESIAN_POINT('Ctrl Pts',(0.298012649532891,0.0226190335560311,
-0.1875));
#2196=CARTESIAN_POINT('Ctrl Pts',(0.296875,-1.52983487645199E-16,-0.1875));
#2197=CARTESIAN_POINT('Origin',(1.,0.,0.));
#2198=CARTESIAN_POINT('',(0.226562499999998,-4.54040438715617E-16,-0.1875));
#2199=CARTESIAN_POINT('',(0.234375,-1.14810637420064E-17,-0.1875));
#2200=CARTESIAN_POINT('',(1.,-2.29621274840129E-17,-0.1875));
#2201=CARTESIAN_POINT('Ctrl Pts',(0.226562499999998,-3.22358063252383E-16,
-0.1875));
#2202=CARTESIAN_POINT('Ctrl Pts',(0.227696822173176,0.0225528781550787,
-0.1875));
#2203=CARTESIAN_POINT('Ctrl Pts',(0.22890738529607,0.044936190248988,-0.183431065729064));
#2204=CARTESIAN_POINT('Ctrl Pts',(0.231497625256598,0.089487665778468,-0.166656324070709));
#2205=CARTESIAN_POINT('Ctrl Pts',(0.232854462010148,0.110907043767715,-0.153239112739553));
#2206=CARTESIAN_POINT('Ctrl Pts',(0.235349892610315,0.146523091630166,-0.119443189719192));
#2207=CARTESIAN_POINT('Ctrl Pts',(0.236615129865238,0.160634035483634,-0.0996630147813576));
#2208=CARTESIAN_POINT('Ctrl Pts',(0.239286222050689,0.180992644929299,-0.0549885016658081));
#2209=CARTESIAN_POINT('Ctrl Pts',(0.240643258691446,0.186707450468053,-0.0303747085268119));
#2210=CARTESIAN_POINT('Ctrl Pts',(0.243140472624512,0.188111793337465,0.0186938278131527));
#2211=CARTESIAN_POINT('Ctrl Pts',(0.244402878972595,0.184161860663404,0.0426640181934854));
#2212=CARTESIAN_POINT('Ctrl Pts',(0.247073158941492,0.167084770845659,0.0886816325507325));
#2213=CARTESIAN_POINT('Ctrl Pts',(0.248430401050345,0.153778538032581,0.110155038723167));
#2214=CARTESIAN_POINT('Ctrl Pts',(0.250929513213658,0.120173556133258,0.145923374750082));
#2215=CARTESIAN_POINT('Ctrl Pts',(0.252188944412922,0.100471281895065,0.160128463200396));
#2216=CARTESIAN_POINT('Ctrl Pts',(0.254858348455881,0.0559206016135554,
0.180705000713879));
#2217=CARTESIAN_POINT('Ctrl Pts',(0.256215800609813,0.0313501354152089,
0.186544351372712));
#2218=CARTESIAN_POINT('Ctrl Pts',(0.258716930573654,-0.017688883592801,
0.188207924862489));
#2219=CARTESIAN_POINT('Ctrl Pts',(0.259973242910755,-0.0416713512038488,
0.184387881522415));
#2220=CARTESIAN_POINT('Ctrl Pts',(0.262641702855093,-0.0877596377711351,
0.167568770691458));
#2221=CARTESIAN_POINT('Ctrl Pts',(0.263999368391329,-0.109294000769834,
0.154389376160662));
#2222=CARTESIAN_POINT('Ctrl Pts',(0.266502640168767,-0.145235381783057,
0.121002500336222));
#2223=CARTESIAN_POINT('Ctrl Pts',(0.267755691904993,-0.159547694508633,
0.101388910609996));
#2224=CARTESIAN_POINT('Ctrl Pts',(0.270423134910823,-0.180371749799465,
0.0569797453811998));
#2225=CARTESIAN_POINT('Ctrl Pts',(0.271781015665586,-0.186352510772963,
0.0324593317037453));
#2226=CARTESIAN_POINT('Ctrl Pts',(0.274286557405548,-0.188310843730555,
-0.0165453099752073));
#2227=CARTESIAN_POINT('Ctrl Pts',(0.27553621042759,-0.184638368788662,-0.0405417610266706));
#2228=CARTESIAN_POINT('Ctrl Pts',(0.278202558797096,-0.168112236722517,
-0.0867094205110186));
#2229=CARTESIAN_POINT('Ctrl Pts',(0.27956065481928,-0.155077182978166,-0.108312130450726));
#2230=CARTESIAN_POINT('Ctrl Pts',(0.282068598415765,-0.121938365574076,
-0.144449146904836));
#2231=CARTESIAN_POINT('Ctrl Pts',(0.283314720095804,-0.102425258020661,
-0.158883011641724));
#2232=CARTESIAN_POINT('Ctrl Pts',(0.285979891101207,-0.0581771178217025,
-0.179986759722936));
#2233=CARTESIAN_POINT('Ctrl Pts',(0.28733820034206,-0.0337143450165275,
-0.186127245404388));
#2234=CARTESIAN_POINT('Ctrl Pts',(0.288767169825251,-0.00584356315313278,
-0.187431761029024));
#2235=CARTESIAN_POINT('Ctrl Pts',(0.288915604638785,-0.00292061044146764,
-0.1875));
#2236=CARTESIAN_POINT('Ctrl Pts',(0.289062499999998,-6.47445203565474E-15,
-0.1875));
#2237=CARTESIAN_POINT('Ctrl Pts',(0.296875,0.,-0.1875));
#2238=CARTESIAN_POINT('Ctrl Pts',(0.296802855845336,-0.00143438819077919,
-0.1875));
#2239=CARTESIAN_POINT('Ctrl Pts',(0.296730335801684,-0.00286943206413105,
-0.187483540286504));
#2240=CARTESIAN_POINT('Ctrl Pts',(0.295386637851904,-0.0293334324908861,
-0.186875787441957));
#2241=CARTESIAN_POINT('Ctrl Pts',(0.294030084556709,-0.0539927673650691,
-0.181294129964966));
#2242=CARTESIAN_POINT('Ctrl Pts',(0.29135722782272,-0.0987988425401372,
-0.161168441097859));
#2243=CARTESIAN_POINT('Ctrl Pts',(0.290085591565354,-0.118662092215577,
-0.147157854172397));
#2244=CARTESIAN_POINT('Ctrl Pts',(0.287594115319956,-0.152660971833755,
-0.111704495159374));
#2245=CARTESIAN_POINT('Ctrl Pts',(0.28623774505974,-0.166196076447511,-0.0903432251042307));
#2246=CARTESIAN_POINT('Ctrl Pts',(0.283564265952874,-0.183739964890892,
-0.0444553590045671));
#2247=CARTESIAN_POINT('Ctrl Pts',(0.282290288324064,-0.18792482544122,-0.0205073051057346));
#2248=CARTESIAN_POINT('Ctrl Pts',(0.279800234009279,-0.186988796030885,
0.0286128636927397));
#2249=CARTESIAN_POINT('Ctrl Pts',(0.278444039200234,-0.181499395755209,
0.053303285239327));
#2250=CARTESIAN_POINT('Ctrl Pts',(0.27576998408507,-0.161535064723995,0.0982000235337375));
#2251=CARTESIAN_POINT('Ctrl Pts',(0.274493798890118,-0.147593844092199,
0.118120713404333));
#2252=CARTESIAN_POINT('Ctrl Pts',(0.272005073687913,-0.112253141308321,
0.152259519145543));
#2253=CARTESIAN_POINT('Ctrl Pts',(0.270649046505645,-0.090932341515071,
0.165875859872898));
#2254=CARTESIAN_POINT('Ctrl Pts',(0.267974458458716,-0.0450912274127485,
0.183585846745386));
#2255=CARTESIAN_POINT('Ctrl Pts',(0.266696195267517,-0.0211510277204415,
0.187854274860152));
#2256=CARTESIAN_POINT('Ctrl Pts',(0.264208711257745,0.0279869649834315,
0.18708465080456));
#2257=CARTESIAN_POINT('Ctrl Pts',(0.262852843750215,0.0527041050059778,
0.181675465108639));
#2258=CARTESIAN_POINT('Ctrl Pts',(0.260177762763836,0.097679345038047,0.161851412218869));
#2259=CARTESIAN_POINT('Ctrl Pts',(0.25889754650572,0.117649898508372,0.147970393485787));
#2260=CARTESIAN_POINT('Ctrl Pts',(0.256411220574406,0.151909905134189,0.112727596658147));
#2261=CARTESIAN_POINT('Ctrl Pts',(0.255055504757404,0.165596580117809,0.0914421209101166));
#2262=CARTESIAN_POINT('Ctrl Pts',(0.252379967936195,0.183450554164962,0.0456417844799698));
#2263=CARTESIAN_POINT('Ctrl Pts',(0.251097918602018,0.187791416354942,0.0217083846097618));
#2264=CARTESIAN_POINT('Ctrl Pts',(0.248612672323922,0.187165947339845,-0.0274448279241308));
#2265=CARTESIAN_POINT('Ctrl Pts',(0.247257100260791,0.181826300300834,-0.0521848977017791));
#2266=CARTESIAN_POINT('Ctrl Pts',(0.244581142010086,0.162123844759851,-0.097227946994405));
#2267=CARTESIAN_POINT('Ctrl Pts',(0.24329737444792,0.148294934913495,-0.11724166959904));
#2268=CARTESIAN_POINT('Ctrl Pts',(0.240813133948428,0.113136980552428,-0.151606403330896));
#2269=CARTESIAN_POINT('Ctrl Pts',(0.239457697815724,0.0918822292331965,
-0.165353828800914));
#2270=CARTESIAN_POINT('Ctrl Pts',(0.23681602753798,0.0467103167473325,-0.183099358370963));
#2271=CARTESIAN_POINT('Ctrl Pts',(0.235554634200069,0.0234537832467601,
-0.1875));
#2272=CARTESIAN_POINT('Ctrl Pts',(0.234375,2.02156751531155E-16,-0.1875));
#2273=CARTESIAN_POINT('Origin',(1.,0.,0.));
#2274=CARTESIAN_POINT('',(0.164062499999998,4.39273855212597E-16,-0.1875));
#2275=CARTESIAN_POINT('',(0.171875000092664,9.21181899344543E-10,-0.1875));
#2276=CARTESIAN_POINT('',(1.,-2.29621274840129E-17,-0.1875));
#2277=CARTESIAN_POINT('Ctrl Pts',(0.164062499999998,8.19554398099279E-17,
-0.1875));
#2278=CARTESIAN_POINT('Ctrl Pts',(0.165240248844039,0.0234162981250101,
-0.1875));
#2279=CARTESIAN_POINT('Ctrl Pts',(0.166499524276809,0.0466365472455876,
-0.183113419575696));
#2280=CARTESIAN_POINT('Ctrl Pts',(0.169139065881502,0.091783031302162,-0.165408676653264));
#2281=CARTESIAN_POINT('Ctrl Pts',(0.170494565935712,0.113044726241373,-0.151674946332487));
#2282=CARTESIAN_POINT('Ctrl Pts',(0.172979277622283,0.148221829405188,-0.117333824920147));
#2283=CARTESIAN_POINT('Ctrl Pts',(0.17426223896309,0.162062495309561,-0.097329842207601));
#2284=CARTESIAN_POINT('Ctrl Pts',(0.176938000167655,0.181792398159823,-0.0523020796835501));
#2285=CARTESIAN_POINT('Ctrl Pts',(0.178293639869141,0.187147742121489,-0.0275671669813872));
#2286=CARTESIAN_POINT('Ctrl Pts',(0.180779392041016,0.18780574292879,0.0215826287500408));
#2287=CARTESIAN_POINT('Ctrl Pts',(0.18206058098084,0.183481230436912,0.0455175628328566));
#2288=CARTESIAN_POINT('Ctrl Pts',(0.184735904657244,0.165659758248253,0.0913271241750752));
#2289=CARTESIAN_POINT('Ctrl Pts',(0.18609169189086,0.151988952478131,0.112620593089618));
#2290=CARTESIAN_POINT('Ctrl Pts',(0.188578560576599,0.11775629627806,0.147885510014237));
#2291=CARTESIAN_POINT('Ctrl Pts',(0.189857859792315,0.0977970041079261,
0.161780123707959));
#2292=CARTESIAN_POINT('Ctrl Pts',(0.192532710269654,0.0528394765373694,
0.181635873828639));
#2293=CARTESIAN_POINT('Ctrl Pts',(0.193888653003773,0.0281283488734748,
0.187063185518661));
#2294=CARTESIAN_POINT('Ctrl Pts',(0.196376718850769,-0.0210056412890438,
0.187870400750589));
#2295=CARTESIAN_POINT('Ctrl Pts',(0.197654005963154,-0.0449476147853433,
0.183620854979665));
#2296=CARTESIAN_POINT('Ctrl Pts',(0.20032834478235,-0.090799320127015,0.165948400552048));
#2297=CARTESIAN_POINT('Ctrl Pts',(0.201684450996698,-0.112129290874539,
0.152350406927056));
#2298=CARTESIAN_POINT('Ctrl Pts',(0.204173799400014,-0.147495476679628,
0.118243208987919));
#2299=CARTESIAN_POINT('Ctrl Pts',(0.205448947221088,-0.161452379140249,
0.098335506115958));
#2300=CARTESIAN_POINT('Ctrl Pts',(0.208122732942523,-0.181453214602542,
0.0534592446057309));
#2301=CARTESIAN_POINT('Ctrl Pts',(0.209479010541148,-0.18696348760641,0.0287758227830388));
#2302=CARTESIAN_POINT('Ctrl Pts',(0.211969731749343,-0.187942838816807,
-0.0203396608804672));
#2303=CARTESIAN_POINT('Ctrl Pts',(0.213242608629722,-0.183779726128275,
-0.0442897604509658));
#2304=CARTESIAN_POINT('Ctrl Pts',(0.215915796633111,-0.166279059682682,
-0.09018974189592));
#2305=CARTESIAN_POINT('Ctrl Pts',(0.217272253340788,-0.152765111852306,
-0.111561494147781));
#2306=CARTESIAN_POINT('Ctrl Pts',(0.219764442533406,-0.118802663626842,
-0.147044118533347));
#2307=CARTESIAN_POINT('Ctrl Pts',(0.221034912823671,-0.0989543469576246,
-0.161072742017142));
#2308=CARTESIAN_POINT('Ctrl Pts',(0.223707455101125,-0.0541718825713975,
-0.181240338457199));
#2309=CARTESIAN_POINT('Ctrl Pts',(0.225064098341462,-0.0295206833838085,
-0.186845954585973));
#2310=CARTESIAN_POINT('Ctrl Pts',(0.226411421436408,-0.00299634776871431,
-0.187482052368474));
#2311=CARTESIAN_POINT('Ctrl Pts',(0.226487165547314,-0.00149781849675397,
-0.1875));
#2312=CARTESIAN_POINT('Ctrl Pts',(0.226562499999998,0.,-0.1875));
#2313=CARTESIAN_POINT('Ctrl Pts',(0.234375,0.,-0.1875));
#2314=CARTESIAN_POINT('Ctrl Pts',(0.234342982887589,-0.000636572265068766,
-0.1875));
#2315=CARTESIAN_POINT('Ctrl Pts',(0.234310891268114,-0.00127328310381097,
-0.187496758207604));
#2316=CARTESIAN_POINT('Ctrl Pts',(0.233012669613839,-0.0269763870081326,
-0.187234900843311));
#2317=CARTESIAN_POINT('Ctrl Pts',(0.231657361754539,-0.0517361104227227,
-0.181955383665019));
#2318=CARTESIAN_POINT('Ctrl Pts',(0.228980653953599,-0.0968376120476069,
-0.162358066126076));
#2319=CARTESIAN_POINT('Ctrl Pts',(0.227693773359931,-0.116888620231441,
-0.148574155616838));
#2320=CARTESIAN_POINT('Ctrl Pts',(0.225211340212953,-0.151343656687077,
-0.113489540105009));
#2321=CARTESIAN_POINT('Ctrl Pts',(0.223856153178731,-0.165143446942736,
-0.0922614316287177));
#2322=CARTESIAN_POINT('Ctrl Pts',(0.221179112721356,-0.183229343769343,
-0.0465272650876036));
#2323=CARTESIAN_POINT('Ctrl Pts',(0.219890826686158,-0.187686862254095,
-0.0226048016348824));
#2324=CARTESIAN_POINT('Ctrl Pts',(0.217409203398084,-0.18729339519768,0.0265724760598207));
#2325=CARTESIAN_POINT('Ctrl Pts',(0.216054129982071,-0.182065757489858,
0.0513490273944129));
#2326=CARTESIAN_POINT('Ctrl Pts',(0.213376782184019,-0.162559147748125,
0.0965008260023244));
#2327=CARTESIAN_POINT('Ctrl Pts',(0.212087184385953,-0.14881401905988,0.116583972559664));
#2328=CARTESIAN_POINT('Ctrl Pts',(0.209606313637936,-0.113792661936692,
0.151116733124972));
#2329=CARTESIAN_POINT('Ctrl Pts',(0.208251346899256,-0.0925875965278811,
0.164961580080626));
#2330=CARTESIAN_POINT('Ctrl Pts',(0.205573715185576,-0.0468799911328474,
0.183139981489009));
#2331=CARTESIAN_POINT('Ctrl Pts',(0.204282894130022,-0.022961884522281,
0.187644025209929));
#2332=CARTESIAN_POINT('Ctrl Pts',(0.201802722294018,0.0262248375789541,
0.187343028667225));
#2333=CARTESIAN_POINT('Ctrl Pts',(0.20044785557529,0.0510157847071454,0.182160066949205));
#2334=CARTESIAN_POINT('Ctrl Pts',(0.197769961615216,0.0962107966138145,
0.162731567562387));
#2335=CARTESIAN_POINT('Ctrl Pts',(0.196478000758082,0.116321596230741,0.149019804306496));
#2336=CARTESIAN_POINT('Ctrl Pts',(0.19399847771248,0.150921150081386,0.114052909225643));
#2337=CARTESIAN_POINT('Ctrl Pts',(0.192643704651333,0.164804706546018,0.09286772856576));
#2338=CARTESIAN_POINT('Ctrl Pts',(0.189965568484702,0.183062638391125,0.047183036096063));
#2339=CARTESIAN_POINT('Ctrl Pts',(0.188672546381456,0.18760668038201,0.0232686729971401));
#2340=CARTESIAN_POINT('Ctrl Pts',(0.186193625327764,0.187385155125831,-0.0259260988209245));
#2341=CARTESIAN_POINT('Ctrl Pts',(0.184838939863337,0.182240603132489,-0.0507293520344898));
#2342=CARTESIAN_POINT('Ctrl Pts',(0.182160580018826,0.162879256710604,-0.0959614424413293));
#2343=CARTESIAN_POINT('Ctrl Pts',(0.18086657049285,0.14919615606153,-0.116095999760616));
#2344=CARTESIAN_POINT('Ctrl Pts',(0.178388207774971,0.114276074760269,-0.150752876342125));
#2345=CARTESIAN_POINT('Ctrl Pts',(0.177033604150215,0.0931080201385626,
-0.164669645773664));
#2346=CARTESIAN_POINT('Ctrl Pts',(0.174365644840345,0.0476238888464149,
-0.18292328600917));
#2347=CARTESIAN_POINT('Ctrl Pts',(0.173077991907393,0.0239181869976311,
-0.187499999882193));
#2348=CARTESIAN_POINT('Ctrl Pts',(0.171875000046449,9.23511906711251E-10,
-0.1875));
#2349=CARTESIAN_POINT('Origin',(1.,0.,0.));
#2350=CARTESIAN_POINT('',(0.01875,-2.29621274840129E-17,-0.1875));
#2351=CARTESIAN_POINT('Origin',(0.01875,0.,0.));
#2352=CARTESIAN_POINT('',(1.,-2.29621274840129E-17,-0.1875));
#2353=CARTESIAN_POINT('',(0.0625,0.132582521472478,0.132582521472478));
#2354=CARTESIAN_POINT('Origin',(0.0625,0.,0.));
#2355=CARTESIAN_POINT('',(0.101562500111775,1.11119093693858E-9,-0.1875));
#2356=CARTESIAN_POINT('Ctrl Pts',(0.062499999999997,0.132582521472491,0.132582521472464));
#2357=CARTESIAN_POINT('Ctrl Pts',(0.06373625678945,0.115202142416033,0.149962900528926));
#2358=CARTESIAN_POINT('Ctrl Pts',(0.0650615013648479,0.0945686938799199,
0.163761088853449));
#2359=CARTESIAN_POINT('Ctrl Pts',(0.0677386282632372,0.0491474990968268,
0.182606715511608));
#2360=CARTESIAN_POINT('Ctrl Pts',(0.0690643765187434,0.0248038580345985,
0.18747188336593));
#2361=CARTESIAN_POINT('Ctrl Pts',(0.0715155125106904,-0.0239072725326269,
0.187527338925467));
#2362=CARTESIAN_POINT('Ctrl Pts',(0.0728131847152643,-0.0478138419427898,
0.182899959354818));
#2363=CARTESIAN_POINT('Ctrl Pts',(0.0754923604339839,-0.0934505628920051,
0.164476315514104));
#2364=CARTESIAN_POINT('Ctrl Pts',(0.0768467172309939,-0.114594092843229,
0.150512186022311));
#2365=CARTESIAN_POINT('Ctrl Pts',(0.0793234189798088,-0.149447283497507,
0.115773547648729));
#2366=CARTESIAN_POINT('Ctrl Pts',(0.0806203836932438,-0.163089456338668,
0.0956050627253312));
#2367=CARTESIAN_POINT('Ctrl Pts',(0.0832994034857891,-0.182354830846273,
0.050320098197541));
#2368=CARTESIAN_POINT('Ctrl Pts',(0.0846538242215017,-0.187444488271059,
0.0254993703119268));
#2369=CARTESIAN_POINT('Ctrl Pts',(0.0871309530054111,-0.187552480700062,
-0.0237067939852739));
#2370=CARTESIAN_POINT('Ctrl Pts',(0.0884271554130266,-0.182951275258323,
-0.0476158103306142));
#2371=CARTESIAN_POINT('Ctrl Pts',(0.0911060063115677,-0.164579678203838,
-0.0932676316082465));
#2372=CARTESIAN_POINT('Ctrl Pts',(0.0924604956992568,-0.150640842893715,
-0.114424274953731));
#2373=CARTESIAN_POINT('Ctrl Pts',(0.0949380854800635,-0.115945875372434,
-0.149313210742269));
#2374=CARTESIAN_POINT('Ctrl Pts',(0.0962334669164335,-0.0957955179726999,
-0.162977250693022));
#2375=CARTESIAN_POINT('Ctrl Pts',(0.0989121348847387,-0.0505387928820084,
-0.182293913669135));
#2376=CARTESIAN_POINT('Ctrl Pts',(0.100266697926264,-0.0257273871807703,
-0.18741290751687));
#2377=CARTESIAN_POINT('Ctrl Pts',(0.101540941228769,-0.000428484813968448,
-0.18749963283005));
#2378=CARTESIAN_POINT('Ctrl Pts',(0.101551724875908,-0.00021423372218081,
-0.187500000001273));
#2379=CARTESIAN_POINT('Ctrl Pts',(0.101562500056028,1.11400274440112E-9,
-0.1875));
#2380=CARTESIAN_POINT('',(0.109374999994366,-5.60065642230366E-11,-0.1875));
#2381=CARTESIAN_POINT('',(1.,-2.29621274840129E-17,-0.1875));
#2382=CARTESIAN_POINT('Ctrl Pts',(0.109374999994366,-1.12013028992202E-10,
-0.1875));
#2383=CARTESIAN_POINT('Ctrl Pts',(0.108116019030317,-0.0250313756295967,
-0.187499999985046));
#2384=CARTESIAN_POINT('Ctrl Pts',(0.106764942599305,-0.0498174959375377,
-0.182487319102838));
#2385=CARTESIAN_POINT('Ctrl Pts',(0.104088061384009,-0.0951219331743072,
-0.163371607581311));
#2386=CARTESIAN_POINT('Ctrl Pts',(0.102788293962118,-0.115337165020859,
-0.149786658221));
#2387=CARTESIAN_POINT('Ctrl Pts',(0.100311965955705,-0.150176052605153,
-0.115031428817159));
#2388=CARTESIAN_POINT('Ctrl Pts',(0.0989599087796911,-0.164201144697794,
-0.0939340121593818));
#2389=CARTESIAN_POINT('Ctrl Pts',(0.0962805565505257,-0.182759014312127,
-0.0483493799210346));
#2390=CARTESIAN_POINT('Ctrl Pts',(0.0949805988825429,-0.187459192004387,
-0.0244501726304422));
#2391=CARTESIAN_POINT('Ctrl Pts',(0.0925039034441599,-0.187541853979948,
0.0247578679995911));
#2392=CARTESIAN_POINT('Ctrl Pts',(0.0911526713893496,-0.182554245272078,
0.0495921406659912));
#2393=CARTESIAN_POINT('Ctrl Pts',(0.0884734404714921,-0.163468605455831,
0.0949557513870184));
#2394=CARTESIAN_POINT('Ctrl Pts',(0.0871732780922073,-0.149902745550454,
0.115186742986737));
#2395=CARTESIAN_POINT('Ctrl Pts',(0.0846961869997509,-0.115185626477471,
0.150056588255181));
#2396=CARTESIAN_POINT('Ctrl Pts',(0.0833458420164413,-0.0941093212589435,
0.164099582939529));
#2397=CARTESIAN_POINT('Ctrl Pts',(0.0806667423190598,-0.0485498973821367,
0.182706189396554));
#2398=CARTESIAN_POINT('Ctrl Pts',(0.0793663597336298,-0.0246532414029891,
0.187432922536975));
#2399=CARTESIAN_POINT('Ctrl Pts',(0.0768888427080486,0.024549336326248,
0.187568209307241));
#2400=CARTESIAN_POINT('Ctrl Pts',(0.0755394510247714,0.0493811611267377,
0.18261031810729));
#2401=CARTESIAN_POINT('Ctrl Pts',(0.0728604932765953,0.0947626764810727,
0.163581016044308));
#2402=CARTESIAN_POINT('Ctrl Pts',(0.0715598738987729,0.115011944291374,
0.150037342884578));
#2403=CARTESIAN_POINT('Ctrl Pts',(0.0690991206392961,0.149675106879354,
0.11560546366433));
#2404=CARTESIAN_POINT('Ctrl Pts',(0.0677702318091188,0.163599414243073,
0.0948841248559546));
#2405=CARTESIAN_POINT('Ctrl Pts',(0.0650772875983931,0.182608734088725,
0.0492162502372673));
#2406=CARTESIAN_POINT('Ctrl Pts',(0.0637436529586065,0.187500000000003,
0.0247266202723273));
#2407=CARTESIAN_POINT('Ctrl Pts',(0.0624999999999992,0.1875,-1.95108583707502E-14));
#2408=CARTESIAN_POINT('Origin',(1.02734375,4.6550689812039E-15,-4.64013083845148E-17));
#2409=CARTESIAN_POINT('',(0.992187499999999,-0.146905059197608,-4.6401308384516E-17));
#2410=CARTESIAN_POINT('',(0.993719940802398,-0.146905059197599,-7.48119357165398E-17));
#2411=CARTESIAN_POINT('',(1.02734375,-0.146905059197599,-7.48119357165398E-17));
#2412=CARTESIAN_POINT('',(0.993719940802398,-0.145075309614543,-0.0231138693882525));
#2413=CARTESIAN_POINT('Ctrl Pts',(0.993719940802398,-0.145075309614543,
-0.0231138693882525));
#2414=CARTESIAN_POINT('Ctrl Pts',(0.992934042818516,-0.146905059197608,
-0.0116293583865961));
#2415=CARTESIAN_POINT('Ctrl Pts',(0.992187499999999,-0.146905059197608,
-1.79906810524903E-17));
#2416=CARTESIAN_POINT('Origin',(0.993719940802417,-2.2685265739388E-14,
9.50683101795164E-15));
#2417=CARTESIAN_POINT('Origin',(1.02734375,4.6550689812039E-15,-4.64013083845148E-17));
#2418=CARTESIAN_POINT('',(0.929687499999999,-0.146905059197608,-4.6401308384516E-17));
#2419=CARTESIAN_POINT('',(0.937499999999999,-0.146905059197608,-4.6401308384516E-17));
#2420=CARTESIAN_POINT('',(1.02734375,-0.146905059197599,-7.48119357165398E-17));
#2421=CARTESIAN_POINT('Ctrl Pts',(0.992187499999999,-0.146905059197608,
-1.79906810524903E-17));
#2422=CARTESIAN_POINT('Ctrl Pts',(0.988281249999999,-0.146905059197608,
0.0608500679008717));
#2423=CARTESIAN_POINT('Ctrl Pts',(0.984374999999999,-0.10387756354924,0.10387756354924));
#2424=CARTESIAN_POINT('Ctrl Pts',(0.980468749999999,-0.0608500679008718,
0.146905059197608));
#2425=CARTESIAN_POINT('Ctrl Pts',(0.976562499999999,-2.69860215787355E-17,
0.146905059197608));
#2426=CARTESIAN_POINT('Ctrl Pts',(0.972656249999999,0.0608500679008717,
0.146905059197608));
#2427=CARTESIAN_POINT('Ctrl Pts',(0.968749999999999,0.10387756354924,0.10387756354924));
#2428=CARTESIAN_POINT('Ctrl Pts',(0.964843749999999,0.146905059197608,0.0608500679008718));
#2429=CARTESIAN_POINT('Ctrl Pts',(0.960937499999999,0.146905059197608,0.));
#2430=CARTESIAN_POINT('Ctrl Pts',(0.957031249999999,0.146905059197608,-0.0608500679008717));
#2431=CARTESIAN_POINT('Ctrl Pts',(0.953124999999999,0.10387756354924,-0.10387756354924));
#2432=CARTESIAN_POINT('Ctrl Pts',(0.949218749999999,0.0608500679008717,
-0.146905059197608));
#2433=CARTESIAN_POINT('Ctrl Pts',(0.945312499999999,8.99534052624516E-18,
-0.146905059197608));
#2434=CARTESIAN_POINT('Ctrl Pts',(0.941406249999999,-0.0608500679008717,
-0.146905059197608));
#2435=CARTESIAN_POINT('Ctrl Pts',(0.937499999999999,-0.10387756354924,-0.10387756354924));
#2436=CARTESIAN_POINT('Ctrl Pts',(0.933593749999999,-0.146905059197608,
-0.0608500679008717));
#2437=CARTESIAN_POINT('Ctrl Pts',(0.929687499999999,-0.146905059197608,
-1.79906810524903E-17));
#2438=CARTESIAN_POINT('',(0.993719940802392,-0.118927708995015,0.0862397614273705));
#2439=CARTESIAN_POINT('Origin',(0.993719940802417,-2.2685265739388E-14,
9.50683101795164E-15));
#2440=CARTESIAN_POINT('Ctrl Pts',(0.993719940802392,-0.118927708995015,
0.0862397614273704));
#2441=CARTESIAN_POINT('Ctrl Pts',(0.992934042818513,-0.112100761725214,
0.0956543653732654));
#2442=CARTESIAN_POINT('Ctrl Pts',(0.992187499999999,-0.10387756354924,0.10387756354924));
#2443=CARTESIAN_POINT('Ctrl Pts',(0.988281249999999,-0.0608500679008718,
0.146905059197608));
#2444=CARTESIAN_POINT('Ctrl Pts',(0.984374999999999,-2.69860215787355E-17,
0.146905059197608));
#2445=CARTESIAN_POINT('Ctrl Pts',(0.980468749999999,0.0608500679008717,
0.146905059197608));
#2446=CARTESIAN_POINT('Ctrl Pts',(0.976562499999999,0.10387756354924,0.10387756354924));
#2447=CARTESIAN_POINT('Ctrl Pts',(0.972656249999999,0.146905059197608,0.0608500679008718));
#2448=CARTESIAN_POINT('Ctrl Pts',(0.968749999999999,0.146905059197608,0.));
#2449=CARTESIAN_POINT('Ctrl Pts',(0.964843749999999,0.146905059197608,-0.0608500679008717));
#2450=CARTESIAN_POINT('Ctrl Pts',(0.960937499999999,0.10387756354924,-0.10387756354924));
#2451=CARTESIAN_POINT('Ctrl Pts',(0.957031249999999,0.0608500679008717,
-0.146905059197608));
#2452=CARTESIAN_POINT('Ctrl Pts',(0.953124999999999,8.99534052624516E-18,
-0.146905059197608));
#2453=CARTESIAN_POINT('Ctrl Pts',(0.949218749999999,-0.0608500679008717,
-0.146905059197608));
#2454=CARTESIAN_POINT('Ctrl Pts',(0.945312499999999,-0.10387756354924,-0.10387756354924));
#2455=CARTESIAN_POINT('Ctrl Pts',(0.941406249999999,-0.146905059197608,
-0.0608500679008717));
#2456=CARTESIAN_POINT('Ctrl Pts',(0.937499999999999,-0.146905059197608,
-1.79906810524903E-17));
#2457=CARTESIAN_POINT('Origin',(1.02734375,4.6550689812039E-15,-4.64013083845148E-17));
#2458=CARTESIAN_POINT('',(0.867187499999999,-0.146905059197608,-4.6401308384516E-17));
#2459=CARTESIAN_POINT('',(0.874999999999999,-0.146905059197608,-4.6401308384516E-17));
#2460=CARTESIAN_POINT('',(1.02734375,-0.146905059197599,-7.48119357165398E-17));
#2461=CARTESIAN_POINT('Ctrl Pts',(0.929687499999999,-0.146905059197608,
-1.79906810524903E-17));
#2462=CARTESIAN_POINT('Ctrl Pts',(0.925781249999999,-0.146905059197608,
0.0608500679008717));
#2463=CARTESIAN_POINT('Ctrl Pts',(0.921874999999999,-0.10387756354924,0.10387756354924));
#2464=CARTESIAN_POINT('Ctrl Pts',(0.917968749999999,-0.0608500679008718,
0.146905059197608));
#2465=CARTESIAN_POINT('Ctrl Pts',(0.914062499999999,-2.69860215787355E-17,
0.146905059197608));
#2466=CARTESIAN_POINT('Ctrl Pts',(0.910156249999999,0.0608500679008717,
0.146905059197608));
#2467=CARTESIAN_POINT('Ctrl Pts',(0.906249999999999,0.10387756354924,0.10387756354924));
#2468=CARTESIAN_POINT('Ctrl Pts',(0.902343749999999,0.146905059197608,0.0608500679008718));
#2469=CARTESIAN_POINT('Ctrl Pts',(0.898437499999999,0.146905059197608,0.));
#2470=CARTESIAN_POINT('Ctrl Pts',(0.894531249999999,0.146905059197608,-0.0608500679008717));
#2471=CARTESIAN_POINT('Ctrl Pts',(0.890624999999999,0.10387756354924,-0.10387756354924));
#2472=CARTESIAN_POINT('Ctrl Pts',(0.886718749999999,0.0608500679008717,
-0.146905059197608));
#2473=CARTESIAN_POINT('Ctrl Pts',(0.882812499999999,8.99534052624516E-18,
-0.146905059197608));
#2474=CARTESIAN_POINT('Ctrl Pts',(0.878906249999999,-0.0608500679008717,
-0.146905059197608));
#2475=CARTESIAN_POINT('Ctrl Pts',(0.874999999999999,-0.10387756354924,-0.10387756354924));
#2476=CARTESIAN_POINT('Ctrl Pts',(0.871093749999999,-0.146905059197608,
-0.0608500679008717));
#2477=CARTESIAN_POINT('Ctrl Pts',(0.867187499999999,-0.146905059197608,
-1.79906810524903E-17));
#2478=CARTESIAN_POINT('Ctrl Pts',(0.937499999999999,-0.146905059197608,
-1.79906810524903E-17));
#2479=CARTESIAN_POINT('Ctrl Pts',(0.933593749999999,-0.146905059197608,
0.0608500679008717));
#2480=CARTESIAN_POINT('Ctrl Pts',(0.929687499999999,-0.10387756354924,0.10387756354924));
#2481=CARTESIAN_POINT('Ctrl Pts',(0.925781249999999,-0.0608500679008718,
0.146905059197608));
#2482=CARTESIAN_POINT('Ctrl Pts',(0.921874999999999,-2.69860215787355E-17,
0.146905059197608));
#2483=CARTESIAN_POINT('Ctrl Pts',(0.917968749999999,0.0608500679008717,
0.146905059197608));
#2484=CARTESIAN_POINT('Ctrl Pts',(0.914062499999999,0.10387756354924,0.10387756354924));
#2485=CARTESIAN_POINT('Ctrl Pts',(0.910156249999999,0.146905059197608,0.0608500679008718));
#2486=CARTESIAN_POINT('Ctrl Pts',(0.906249999999999,0.146905059197608,0.));
#2487=CARTESIAN_POINT('Ctrl Pts',(0.902343749999999,0.146905059197608,-0.0608500679008717));
#2488=CARTESIAN_POINT('Ctrl Pts',(0.898437499999999,0.10387756354924,-0.10387756354924));
#2489=CARTESIAN_POINT('Ctrl Pts',(0.894531249999999,0.0608500679008717,
-0.146905059197608));
#2490=CARTESIAN_POINT('Ctrl Pts',(0.890624999999999,8.99534052624516E-18,
-0.146905059197608));
#2491=CARTESIAN_POINT('Ctrl Pts',(0.886718749999999,-0.0608500679008717,
-0.146905059197608));
#2492=CARTESIAN_POINT('Ctrl Pts',(0.882812499999999,-0.10387756354924,-0.10387756354924));
#2493=CARTESIAN_POINT('Ctrl Pts',(0.878906249999999,-0.146905059197608,
-0.0608500679008717));
#2494=CARTESIAN_POINT('Ctrl Pts',(0.874999999999999,-0.146905059197608,
-1.79906810524903E-17));
#2495=CARTESIAN_POINT('Origin',(1.02734375,4.6550689812039E-15,-4.64013083845148E-17));
#2496=CARTESIAN_POINT('',(0.804687499999999,-0.146905059197608,-4.6401308384516E-17));
#2497=CARTESIAN_POINT('',(0.812499999999999,-0.146905059197608,-4.6401308384516E-17));
#2498=CARTESIAN_POINT('',(1.02734375,-0.146905059197599,-7.48119357165398E-17));
#2499=CARTESIAN_POINT('Ctrl Pts',(0.867187499999999,-0.146905059197608,
-1.79906810524903E-17));
#2500=CARTESIAN_POINT('Ctrl Pts',(0.863281249999999,-0.146905059197608,
0.0608500679008717));
#2501=CARTESIAN_POINT('Ctrl Pts',(0.859374999999999,-0.10387756354924,0.10387756354924));
#2502=CARTESIAN_POINT('Ctrl Pts',(0.855468749999999,-0.0608500679008718,
0.146905059197608));
#2503=CARTESIAN_POINT('Ctrl Pts',(0.851562499999999,-2.69860215787355E-17,
0.146905059197608));
#2504=CARTESIAN_POINT('Ctrl Pts',(0.847656249999999,0.0608500679008717,
0.146905059197608));
#2505=CARTESIAN_POINT('Ctrl Pts',(0.843749999999999,0.10387756354924,0.10387756354924));
#2506=CARTESIAN_POINT('Ctrl Pts',(0.839843749999999,0.146905059197608,0.0608500679008718));
#2507=CARTESIAN_POINT('Ctrl Pts',(0.835937499999999,0.146905059197608,0.));
#2508=CARTESIAN_POINT('Ctrl Pts',(0.832031249999999,0.146905059197608,-0.0608500679008717));
#2509=CARTESIAN_POINT('Ctrl Pts',(0.828124999999999,0.10387756354924,-0.10387756354924));
#2510=CARTESIAN_POINT('Ctrl Pts',(0.824218749999999,0.0608500679008717,
-0.146905059197608));
#2511=CARTESIAN_POINT('Ctrl Pts',(0.820312499999999,8.99534052624516E-18,
-0.146905059197608));
#2512=CARTESIAN_POINT('Ctrl Pts',(0.816406249999999,-0.0608500679008717,
-0.146905059197608));
#2513=CARTESIAN_POINT('Ctrl Pts',(0.812499999999999,-0.10387756354924,-0.10387756354924));
#2514=CARTESIAN_POINT('Ctrl Pts',(0.808593749999999,-0.146905059197608,
-0.0608500679008717));
#2515=CARTESIAN_POINT('Ctrl Pts',(0.804687499999999,-0.146905059197608,
-1.79906810524903E-17));
#2516=CARTESIAN_POINT('Ctrl Pts',(0.874999999999999,-0.146905059197608,
-1.79906810524903E-17));
#2517=CARTESIAN_POINT('Ctrl Pts',(0.871093749999999,-0.146905059197608,
0.0608500679008717));
#2518=CARTESIAN_POINT('Ctrl Pts',(0.867187499999999,-0.10387756354924,0.10387756354924));
#2519=CARTESIAN_POINT('Ctrl Pts',(0.863281249999999,-0.0608500679008718,
0.146905059197608));
#2520=CARTESIAN_POINT('Ctrl Pts',(0.859374999999999,-2.69860215787355E-17,
0.146905059197608));
#2521=CARTESIAN_POINT('Ctrl Pts',(0.855468749999999,0.0608500679008717,
0.146905059197608));
#2522=CARTESIAN_POINT('Ctrl Pts',(0.851562499999999,0.10387756354924,0.10387756354924));
#2523=CARTESIAN_POINT('Ctrl Pts',(0.847656249999999,0.146905059197608,0.0608500679008718));
#2524=CARTESIAN_POINT('Ctrl Pts',(0.843749999999999,0.146905059197608,0.));
#2525=CARTESIAN_POINT('Ctrl Pts',(0.839843749999999,0.146905059197608,-0.0608500679008717));
#2526=CARTESIAN_POINT('Ctrl Pts',(0.835937499999999,0.10387756354924,-0.10387756354924));
#2527=CARTESIAN_POINT('Ctrl Pts',(0.832031249999999,0.0608500679008717,
-0.146905059197608));
#2528=CARTESIAN_POINT('Ctrl Pts',(0.828124999999999,8.99534052624516E-18,
-0.146905059197608));
#2529=CARTESIAN_POINT('Ctrl Pts',(0.824218749999999,-0.0608500679008717,
-0.146905059197608));
#2530=CARTESIAN_POINT('Ctrl Pts',(0.820312499999999,-0.10387756354924,-0.10387756354924));
#2531=CARTESIAN_POINT('Ctrl Pts',(0.816406249999999,-0.146905059197608,
-0.0608500679008717));
#2532=CARTESIAN_POINT('Ctrl Pts',(0.812499999999999,-0.146905059197608,
-1.79906810524903E-17));
#2533=CARTESIAN_POINT('Origin',(1.02734375,4.6550689812039E-15,-4.64013083845148E-17));
#2534=CARTESIAN_POINT('',(0.742187499999999,-0.146905059197608,-4.6401308384516E-17));
#2535=CARTESIAN_POINT('',(0.749999999999999,-0.146905059197608,-4.6401308384516E-17));
#2536=CARTESIAN_POINT('',(1.02734375,-0.146905059197599,-7.48119357165398E-17));
#2537=CARTESIAN_POINT('Ctrl Pts',(0.804687499999999,-0.146905059197608,
-1.79906810524903E-17));
#2538=CARTESIAN_POINT('Ctrl Pts',(0.800781249999999,-0.146905059197608,
0.0608500679008717));
#2539=CARTESIAN_POINT('Ctrl Pts',(0.796874999999999,-0.10387756354924,0.10387756354924));
#2540=CARTESIAN_POINT('Ctrl Pts',(0.792968749999999,-0.0608500679008718,
0.146905059197608));
#2541=CARTESIAN_POINT('Ctrl Pts',(0.789062499999999,-2.69860215787355E-17,
0.146905059197608));
#2542=CARTESIAN_POINT('Ctrl Pts',(0.785156249999999,0.0608500679008717,
0.146905059197608));
#2543=CARTESIAN_POINT('Ctrl Pts',(0.781249999999999,0.10387756354924,0.10387756354924));
#2544=CARTESIAN_POINT('Ctrl Pts',(0.777343749999999,0.146905059197608,0.0608500679008718));
#2545=CARTESIAN_POINT('Ctrl Pts',(0.773437499999999,0.146905059197608,0.));
#2546=CARTESIAN_POINT('Ctrl Pts',(0.769531249999999,0.146905059197608,-0.0608500679008717));
#2547=CARTESIAN_POINT('Ctrl Pts',(0.765624999999999,0.10387756354924,-0.10387756354924));
#2548=CARTESIAN_POINT('Ctrl Pts',(0.761718749999999,0.0608500679008717,
-0.146905059197608));
#2549=CARTESIAN_POINT('Ctrl Pts',(0.757812499999999,8.99534052624516E-18,
-0.146905059197608));
#2550=CARTESIAN_POINT('Ctrl Pts',(0.753906249999999,-0.0608500679008717,
-0.146905059197608));
#2551=CARTESIAN_POINT('Ctrl Pts',(0.749999999999999,-0.10387756354924,-0.10387756354924));
#2552=CARTESIAN_POINT('Ctrl Pts',(0.746093749999999,-0.146905059197608,
-0.0608500679008717));
#2553=CARTESIAN_POINT('Ctrl Pts',(0.742187499999999,-0.146905059197608,
-1.79906810524903E-17));
#2554=CARTESIAN_POINT('Ctrl Pts',(0.812499999999999,-0.146905059197608,
-1.79906810524903E-17));
#2555=CARTESIAN_POINT('Ctrl Pts',(0.808593749999999,-0.146905059197608,
0.0608500679008717));
#2556=CARTESIAN_POINT('Ctrl Pts',(0.804687499999999,-0.10387756354924,0.10387756354924));
#2557=CARTESIAN_POINT('Ctrl Pts',(0.800781249999999,-0.0608500679008718,
0.146905059197608));
#2558=CARTESIAN_POINT('Ctrl Pts',(0.796874999999999,-2.69860215787355E-17,
0.146905059197608));
#2559=CARTESIAN_POINT('Ctrl Pts',(0.792968749999999,0.0608500679008717,
0.146905059197608));
#2560=CARTESIAN_POINT('Ctrl Pts',(0.789062499999999,0.10387756354924,0.10387756354924));
#2561=CARTESIAN_POINT('Ctrl Pts',(0.785156249999999,0.146905059197608,0.0608500679008718));
#2562=CARTESIAN_POINT('Ctrl Pts',(0.781249999999999,0.146905059197608,0.));
#2563=CARTESIAN_POINT('Ctrl Pts',(0.777343749999999,0.146905059197608,-0.0608500679008717));
#2564=CARTESIAN_POINT('Ctrl Pts',(0.773437499999999,0.10387756354924,-0.10387756354924));
#2565=CARTESIAN_POINT('Ctrl Pts',(0.769531249999999,0.0608500679008717,
-0.146905059197608));
#2566=CARTESIAN_POINT('Ctrl Pts',(0.765624999999999,8.99534052624516E-18,
-0.146905059197608));
#2567=CARTESIAN_POINT('Ctrl Pts',(0.761718749999999,-0.0608500679008717,
-0.146905059197608));
#2568=CARTESIAN_POINT('Ctrl Pts',(0.757812499999999,-0.10387756354924,-0.10387756354924));
#2569=CARTESIAN_POINT('Ctrl Pts',(0.753906249999999,-0.146905059197608,
-0.0608500679008717));
#2570=CARTESIAN_POINT('Ctrl Pts',(0.749999999999999,-0.146905059197608,
-1.79906810524903E-17));
#2571=CARTESIAN_POINT('Origin',(1.02734375,4.6550689812039E-15,-4.64013083845148E-17));
#2572=CARTESIAN_POINT('',(0.679687499999999,-0.146905059197608,-4.6401308384516E-17));
#2573=CARTESIAN_POINT('',(0.687499999999999,-0.146905059197608,-4.6401308384516E-17));
#2574=CARTESIAN_POINT('',(1.02734375,-0.146905059197599,-7.48119357165398E-17));
#2575=CARTESIAN_POINT('Ctrl Pts',(0.742187499999999,-0.146905059197608,
-1.79906810524903E-17));
#2576=CARTESIAN_POINT('Ctrl Pts',(0.738281249999999,-0.146905059197608,
0.0608500679008717));
#2577=CARTESIAN_POINT('Ctrl Pts',(0.734374999999999,-0.10387756354924,0.10387756354924));
#2578=CARTESIAN_POINT('Ctrl Pts',(0.730468749999999,-0.0608500679008718,
0.146905059197608));
#2579=CARTESIAN_POINT('Ctrl Pts',(0.726562499999999,-2.69860215787355E-17,
0.146905059197608));
#2580=CARTESIAN_POINT('Ctrl Pts',(0.722656249999999,0.0608500679008717,
0.146905059197608));
#2581=CARTESIAN_POINT('Ctrl Pts',(0.718749999999999,0.10387756354924,0.10387756354924));
#2582=CARTESIAN_POINT('Ctrl Pts',(0.714843749999999,0.146905059197608,0.0608500679008718));
#2583=CARTESIAN_POINT('Ctrl Pts',(0.710937499999999,0.146905059197608,0.));
#2584=CARTESIAN_POINT('Ctrl Pts',(0.707031249999999,0.146905059197608,-0.0608500679008717));
#2585=CARTESIAN_POINT('Ctrl Pts',(0.703124999999999,0.10387756354924,-0.10387756354924));
#2586=CARTESIAN_POINT('Ctrl Pts',(0.699218749999999,0.0608500679008717,
-0.146905059197608));
#2587=CARTESIAN_POINT('Ctrl Pts',(0.695312499999999,8.99534052624516E-18,
-0.146905059197608));
#2588=CARTESIAN_POINT('Ctrl Pts',(0.691406249999999,-0.0608500679008717,
-0.146905059197608));
#2589=CARTESIAN_POINT('Ctrl Pts',(0.687499999999999,-0.10387756354924,-0.10387756354924));
#2590=CARTESIAN_POINT('Ctrl Pts',(0.683593749999999,-0.146905059197608,
-0.0608500679008717));
#2591=CARTESIAN_POINT('Ctrl Pts',(0.679687499999999,-0.146905059197608,
-1.79906810524903E-17));
#2592=CARTESIAN_POINT('Ctrl Pts',(0.749999999999999,-0.146905059197608,
-1.79906810524903E-17));
#2593=CARTESIAN_POINT('Ctrl Pts',(0.746093749999999,-0.146905059197608,
0.0608500679008717));
#2594=CARTESIAN_POINT('Ctrl Pts',(0.742187499999999,-0.10387756354924,0.10387756354924));
#2595=CARTESIAN_POINT('Ctrl Pts',(0.738281249999999,-0.0608500679008718,
0.146905059197608));
#2596=CARTESIAN_POINT('Ctrl Pts',(0.734374999999999,-2.69860215787355E-17,
0.146905059197608));
#2597=CARTESIAN_POINT('Ctrl Pts',(0.730468749999999,0.0608500679008717,
0.146905059197608));
#2598=CARTESIAN_POINT('Ctrl Pts',(0.726562499999999,0.10387756354924,0.10387756354924));
#2599=CARTESIAN_POINT('Ctrl Pts',(0.722656249999999,0.146905059197608,0.0608500679008718));
#2600=CARTESIAN_POINT('Ctrl Pts',(0.718749999999999,0.146905059197608,0.));
#2601=CARTESIAN_POINT('Ctrl Pts',(0.714843749999999,0.146905059197608,-0.0608500679008717));
#2602=CARTESIAN_POINT('Ctrl Pts',(0.710937499999999,0.10387756354924,-0.10387756354924));
#2603=CARTESIAN_POINT('Ctrl Pts',(0.707031249999999,0.0608500679008717,
-0.146905059197608));
#2604=CARTESIAN_POINT('Ctrl Pts',(0.703124999999999,8.99534052624516E-18,
-0.146905059197608));
#2605=CARTESIAN_POINT('Ctrl Pts',(0.699218749999999,-0.0608500679008717,
-0.146905059197608));
#2606=CARTESIAN_POINT('Ctrl Pts',(0.695312499999999,-0.10387756354924,-0.10387756354924));
#2607=CARTESIAN_POINT('Ctrl Pts',(0.691406249999999,-0.146905059197608,
-0.0608500679008717));
#2608=CARTESIAN_POINT('Ctrl Pts',(0.687499999999999,-0.146905059197608,
-1.79906810524903E-17));
#2609=CARTESIAN_POINT('Origin',(1.02734375,4.6550689812039E-15,-4.64013083845148E-17));
#2610=CARTESIAN_POINT('',(0.617187499999999,-0.146905059197608,-4.6401308384516E-17));
#2611=CARTESIAN_POINT('',(0.624999999999999,-0.146905059197608,-4.6401308384516E-17));
#2612=CARTESIAN_POINT('',(1.02734375,-0.146905059197599,-7.48119357165398E-17));
#2613=CARTESIAN_POINT('Ctrl Pts',(0.679687499999999,-0.146905059197608,
-1.79906810524903E-17));
#2614=CARTESIAN_POINT('Ctrl Pts',(0.675781249999999,-0.146905059197608,
0.0608500679008717));
#2615=CARTESIAN_POINT('Ctrl Pts',(0.671874999999999,-0.10387756354924,0.10387756354924));
#2616=CARTESIAN_POINT('Ctrl Pts',(0.667968749999999,-0.0608500679008718,
0.146905059197608));
#2617=CARTESIAN_POINT('Ctrl Pts',(0.664062499999999,-2.69860215787355E-17,
0.146905059197608));
#2618=CARTESIAN_POINT('Ctrl Pts',(0.660156249999999,0.0608500679008717,
0.146905059197608));
#2619=CARTESIAN_POINT('Ctrl Pts',(0.656249999999999,0.10387756354924,0.10387756354924));
#2620=CARTESIAN_POINT('Ctrl Pts',(0.652343749999999,0.146905059197608,0.0608500679008718));
#2621=CARTESIAN_POINT('Ctrl Pts',(0.648437499999999,0.146905059197608,0.));
#2622=CARTESIAN_POINT('Ctrl Pts',(0.644531249999999,0.146905059197608,-0.0608500679008717));
#2623=CARTESIAN_POINT('Ctrl Pts',(0.640624999999999,0.10387756354924,-0.10387756354924));
#2624=CARTESIAN_POINT('Ctrl Pts',(0.636718749999999,0.0608500679008717,
-0.146905059197608));
#2625=CARTESIAN_POINT('Ctrl Pts',(0.632812499999999,8.99534052624516E-18,
-0.146905059197608));
#2626=CARTESIAN_POINT('Ctrl Pts',(0.628906249999999,-0.0608500679008717,
-0.146905059197608));
#2627=CARTESIAN_POINT('Ctrl Pts',(0.624999999999999,-0.10387756354924,-0.10387756354924));
#2628=CARTESIAN_POINT('Ctrl Pts',(0.621093749999999,-0.146905059197608,
-0.0608500679008717));
#2629=CARTESIAN_POINT('Ctrl Pts',(0.617187499999999,-0.146905059197608,
-1.79906810524903E-17));
#2630=CARTESIAN_POINT('Ctrl Pts',(0.687499999999999,-0.146905059197608,
-1.79906810524903E-17));
#2631=CARTESIAN_POINT('Ctrl Pts',(0.683593749999999,-0.146905059197608,
0.0608500679008717));
#2632=CARTESIAN_POINT('Ctrl Pts',(0.679687499999999,-0.10387756354924,0.10387756354924));
#2633=CARTESIAN_POINT('Ctrl Pts',(0.675781249999999,-0.0608500679008718,
0.146905059197608));
#2634=CARTESIAN_POINT('Ctrl Pts',(0.671874999999999,-2.69860215787355E-17,
0.146905059197608));
#2635=CARTESIAN_POINT('Ctrl Pts',(0.667968749999999,0.0608500679008717,
0.146905059197608));
#2636=CARTESIAN_POINT('Ctrl Pts',(0.664062499999999,0.10387756354924,0.10387756354924));
#2637=CARTESIAN_POINT('Ctrl Pts',(0.660156249999999,0.146905059197608,0.0608500679008718));
#2638=CARTESIAN_POINT('Ctrl Pts',(0.656249999999999,0.146905059197608,0.));
#2639=CARTESIAN_POINT('Ctrl Pts',(0.652343749999999,0.146905059197608,-0.0608500679008717));
#2640=CARTESIAN_POINT('Ctrl Pts',(0.648437499999999,0.10387756354924,-0.10387756354924));
#2641=CARTESIAN_POINT('Ctrl Pts',(0.644531249999999,0.0608500679008717,
-0.146905059197608));
#2642=CARTESIAN_POINT('Ctrl Pts',(0.640624999999999,8.99534052624516E-18,
-0.146905059197608));
#2643=CARTESIAN_POINT('Ctrl Pts',(0.636718749999999,-0.0608500679008717,
-0.146905059197608));
#2644=CARTESIAN_POINT('Ctrl Pts',(0.632812499999999,-0.10387756354924,-0.10387756354924));
#2645=CARTESIAN_POINT('Ctrl Pts',(0.628906249999999,-0.146905059197608,
-0.0608500679008717));
#2646=CARTESIAN_POINT('Ctrl Pts',(0.624999999999999,-0.146905059197608,
-1.79906810524903E-17));
#2647=CARTESIAN_POINT('Origin',(1.02734375,4.6550689812039E-15,-4.64013083845148E-17));
#2648=CARTESIAN_POINT('',(0.554687499999999,-0.146905059197608,-4.6401308384516E-17));
#2649=CARTESIAN_POINT('',(0.562499999999999,-0.146905059197608,-4.6401308384516E-17));
#2650=CARTESIAN_POINT('',(1.02734375,-0.146905059197599,-7.48119357165398E-17));
#2651=CARTESIAN_POINT('Ctrl Pts',(0.617187499999999,-0.146905059197608,
-1.79906810524903E-17));
#2652=CARTESIAN_POINT('Ctrl Pts',(0.613281249999999,-0.146905059197608,
0.0608500679008717));
#2653=CARTESIAN_POINT('Ctrl Pts',(0.609374999999999,-0.10387756354924,0.10387756354924));
#2654=CARTESIAN_POINT('Ctrl Pts',(0.605468749999999,-0.0608500679008718,
0.146905059197608));
#2655=CARTESIAN_POINT('Ctrl Pts',(0.601562499999999,-2.69860215787355E-17,
0.146905059197608));
#2656=CARTESIAN_POINT('Ctrl Pts',(0.597656249999999,0.0608500679008717,
0.146905059197608));
#2657=CARTESIAN_POINT('Ctrl Pts',(0.593749999999999,0.10387756354924,0.10387756354924));
#2658=CARTESIAN_POINT('Ctrl Pts',(0.589843749999999,0.146905059197608,0.0608500679008718));
#2659=CARTESIAN_POINT('Ctrl Pts',(0.585937499999999,0.146905059197608,0.));
#2660=CARTESIAN_POINT('Ctrl Pts',(0.582031249999999,0.146905059197608,-0.0608500679008717));
#2661=CARTESIAN_POINT('Ctrl Pts',(0.578124999999999,0.10387756354924,-0.10387756354924));
#2662=CARTESIAN_POINT('Ctrl Pts',(0.574218749999999,0.0608500679008717,
-0.146905059197608));
#2663=CARTESIAN_POINT('Ctrl Pts',(0.570312499999999,8.99534052624516E-18,
-0.146905059197608));
#2664=CARTESIAN_POINT('Ctrl Pts',(0.566406249999999,-0.0608500679008717,
-0.146905059197608));
#2665=CARTESIAN_POINT('Ctrl Pts',(0.562499999999999,-0.10387756354924,-0.10387756354924));
#2666=CARTESIAN_POINT('Ctrl Pts',(0.558593749999999,-0.146905059197608,
-0.0608500679008717));
#2667=CARTESIAN_POINT('Ctrl Pts',(0.554687499999999,-0.146905059197608,
-1.79906810524903E-17));
#2668=CARTESIAN_POINT('Ctrl Pts',(0.624999999999999,-0.146905059197608,
-1.79906810524903E-17));
#2669=CARTESIAN_POINT('Ctrl Pts',(0.621093749999999,-0.146905059197608,
0.0608500679008717));
#2670=CARTESIAN_POINT('Ctrl Pts',(0.617187499999999,-0.10387756354924,0.10387756354924));
#2671=CARTESIAN_POINT('Ctrl Pts',(0.613281249999999,-0.0608500679008718,
0.146905059197608));
#2672=CARTESIAN_POINT('Ctrl Pts',(0.609374999999999,-2.69860215787355E-17,
0.146905059197608));
#2673=CARTESIAN_POINT('Ctrl Pts',(0.605468749999999,0.0608500679008717,
0.146905059197608));
#2674=CARTESIAN_POINT('Ctrl Pts',(0.601562499999999,0.10387756354924,0.10387756354924));
#2675=CARTESIAN_POINT('Ctrl Pts',(0.597656249999999,0.146905059197608,0.0608500679008718));
#2676=CARTESIAN_POINT('Ctrl Pts',(0.593749999999999,0.146905059197608,0.));
#2677=CARTESIAN_POINT('Ctrl Pts',(0.589843749999999,0.146905059197608,-0.0608500679008717));
#2678=CARTESIAN_POINT('Ctrl Pts',(0.585937499999999,0.10387756354924,-0.10387756354924));
#2679=CARTESIAN_POINT('Ctrl Pts',(0.582031249999999,0.0608500679008717,
-0.146905059197608));
#2680=CARTESIAN_POINT('Ctrl Pts',(0.578124999999999,8.99534052624516E-18,
-0.146905059197608));
#2681=CARTESIAN_POINT('Ctrl Pts',(0.574218749999999,-0.0608500679008717,
-0.146905059197608));
#2682=CARTESIAN_POINT('Ctrl Pts',(0.570312499999999,-0.10387756354924,-0.10387756354924));
#2683=CARTESIAN_POINT('Ctrl Pts',(0.566406249999999,-0.146905059197608,
-0.0608500679008717));
#2684=CARTESIAN_POINT('Ctrl Pts',(0.562499999999999,-0.146905059197608,
-1.79906810524903E-17));
#2685=CARTESIAN_POINT('Origin',(1.02734375,4.6550689812039E-15,-4.64013083845148E-17));
#2686=CARTESIAN_POINT('',(0.492187499999999,-0.146905059197608,-4.6401308384516E-17));
#2687=CARTESIAN_POINT('',(0.499999999999999,-0.146905059197608,-4.6401308384516E-17));
#2688=CARTESIAN_POINT('',(1.02734375,-0.146905059197599,-7.48119357165398E-17));
#2689=CARTESIAN_POINT('Ctrl Pts',(0.554687499999999,-0.146905059197608,
-1.79906810524903E-17));
#2690=CARTESIAN_POINT('Ctrl Pts',(0.550781249999999,-0.146905059197608,
0.0608500679008717));
#2691=CARTESIAN_POINT('Ctrl Pts',(0.546874999999999,-0.10387756354924,0.10387756354924));
#2692=CARTESIAN_POINT('Ctrl Pts',(0.542968749999999,-0.0608500679008718,
0.146905059197608));
#2693=CARTESIAN_POINT('Ctrl Pts',(0.539062499999999,-2.69860215787355E-17,
0.146905059197608));
#2694=CARTESIAN_POINT('Ctrl Pts',(0.535156249999999,0.0608500679008717,
0.146905059197608));
#2695=CARTESIAN_POINT('Ctrl Pts',(0.531249999999999,0.10387756354924,0.10387756354924));
#2696=CARTESIAN_POINT('Ctrl Pts',(0.527343749999999,0.146905059197608,0.0608500679008718));
#2697=CARTESIAN_POINT('Ctrl Pts',(0.523437499999999,0.146905059197608,0.));
#2698=CARTESIAN_POINT('Ctrl Pts',(0.519531249999999,0.146905059197608,-0.0608500679008717));
#2699=CARTESIAN_POINT('Ctrl Pts',(0.515624999999999,0.10387756354924,-0.10387756354924));
#2700=CARTESIAN_POINT('Ctrl Pts',(0.511718749999999,0.0608500679008717,
-0.146905059197608));
#2701=CARTESIAN_POINT('Ctrl Pts',(0.507812499999999,8.99534052624516E-18,
-0.146905059197608));
#2702=CARTESIAN_POINT('Ctrl Pts',(0.503906249999999,-0.0608500679008717,
-0.146905059197608));
#2703=CARTESIAN_POINT('Ctrl Pts',(0.499999999999999,-0.10387756354924,-0.10387756354924));
#2704=CARTESIAN_POINT('Ctrl Pts',(0.496093749999999,-0.146905059197608,
-0.0608500679008717));
#2705=CARTESIAN_POINT('Ctrl Pts',(0.492187499999999,-0.146905059197608,
-1.79906810524903E-17));
#2706=CARTESIAN_POINT('Ctrl Pts',(0.562499999999999,-0.146905059197608,
-1.79906810524903E-17));
#2707=CARTESIAN_POINT('Ctrl Pts',(0.558593749999999,-0.146905059197608,
0.0608500679008717));
#2708=CARTESIAN_POINT('Ctrl Pts',(0.554687499999999,-0.10387756354924,0.10387756354924));
#2709=CARTESIAN_POINT('Ctrl Pts',(0.550781249999999,-0.0608500679008718,
0.146905059197608));
#2710=CARTESIAN_POINT('Ctrl Pts',(0.546874999999999,-2.69860215787355E-17,
0.146905059197608));
#2711=CARTESIAN_POINT('Ctrl Pts',(0.542968749999999,0.0608500679008717,
0.146905059197608));
#2712=CARTESIAN_POINT('Ctrl Pts',(0.539062499999999,0.10387756354924,0.10387756354924));
#2713=CARTESIAN_POINT('Ctrl Pts',(0.535156249999999,0.146905059197608,0.0608500679008718));
#2714=CARTESIAN_POINT('Ctrl Pts',(0.531249999999999,0.146905059197608,0.));
#2715=CARTESIAN_POINT('Ctrl Pts',(0.527343749999999,0.146905059197608,-0.0608500679008717));
#2716=CARTESIAN_POINT('Ctrl Pts',(0.523437499999999,0.10387756354924,-0.10387756354924));
#2717=CARTESIAN_POINT('Ctrl Pts',(0.519531249999999,0.0608500679008717,
-0.146905059197608));
#2718=CARTESIAN_POINT('Ctrl Pts',(0.515624999999999,8.99534052624516E-18,
-0.146905059197608));
#2719=CARTESIAN_POINT('Ctrl Pts',(0.511718749999999,-0.0608500679008717,
-0.146905059197608));
#2720=CARTESIAN_POINT('Ctrl Pts',(0.507812499999999,-0.10387756354924,-0.10387756354924));
#2721=CARTESIAN_POINT('Ctrl Pts',(0.503906249999999,-0.146905059197608,
-0.0608500679008717));
#2722=CARTESIAN_POINT('Ctrl Pts',(0.499999999999999,-0.146905059197608,
-1.79906810524903E-17));
#2723=CARTESIAN_POINT('Origin',(1.02734375,4.6550689812039E-15,-4.64013083845148E-17));
#2724=CARTESIAN_POINT('',(0.429687499999999,-0.146905059197608,-4.6401308384516E-17));
#2725=CARTESIAN_POINT('',(0.437499999999999,-0.146905059197608,-4.6401308384516E-17));
#2726=CARTESIAN_POINT('',(1.02734375,-0.146905059197599,-7.48119357165398E-17));
#2727=CARTESIAN_POINT('Ctrl Pts',(0.492187499999999,-0.146905059197608,
-1.79906810524903E-17));
#2728=CARTESIAN_POINT('Ctrl Pts',(0.488281249999999,-0.146905059197608,
0.0608500679008717));
#2729=CARTESIAN_POINT('Ctrl Pts',(0.484374999999999,-0.10387756354924,0.10387756354924));
#2730=CARTESIAN_POINT('Ctrl Pts',(0.480468749999999,-0.0608500679008718,
0.146905059197608));
#2731=CARTESIAN_POINT('Ctrl Pts',(0.476562499999999,-2.69860215787355E-17,
0.146905059197608));
#2732=CARTESIAN_POINT('Ctrl Pts',(0.472656249999999,0.0608500679008717,
0.146905059197608));
#2733=CARTESIAN_POINT('Ctrl Pts',(0.468749999999999,0.10387756354924,0.10387756354924));
#2734=CARTESIAN_POINT('Ctrl Pts',(0.464843749999999,0.146905059197608,0.0608500679008718));
#2735=CARTESIAN_POINT('Ctrl Pts',(0.460937499999999,0.146905059197608,0.));
#2736=CARTESIAN_POINT('Ctrl Pts',(0.457031249999999,0.146905059197608,-0.0608500679008717));
#2737=CARTESIAN_POINT('Ctrl Pts',(0.453124999999999,0.10387756354924,-0.10387756354924));
#2738=CARTESIAN_POINT('Ctrl Pts',(0.449218749999999,0.0608500679008717,
-0.146905059197608));
#2739=CARTESIAN_POINT('Ctrl Pts',(0.445312499999999,8.99534052624516E-18,
-0.146905059197608));
#2740=CARTESIAN_POINT('Ctrl Pts',(0.441406249999999,-0.0608500679008717,
-0.146905059197608));
#2741=CARTESIAN_POINT('Ctrl Pts',(0.437499999999999,-0.10387756354924,-0.10387756354924));
#2742=CARTESIAN_POINT('Ctrl Pts',(0.433593749999999,-0.146905059197608,
-0.0608500679008717));
#2743=CARTESIAN_POINT('Ctrl Pts',(0.429687499999999,-0.146905059197608,
-1.79906810524903E-17));
#2744=CARTESIAN_POINT('Ctrl Pts',(0.499999999999999,-0.146905059197608,
-1.79906810524903E-17));
#2745=CARTESIAN_POINT('Ctrl Pts',(0.496093749999999,-0.146905059197608,
0.0608500679008717));
#2746=CARTESIAN_POINT('Ctrl Pts',(0.492187499999999,-0.10387756354924,0.10387756354924));
#2747=CARTESIAN_POINT('Ctrl Pts',(0.488281249999999,-0.0608500679008718,
0.146905059197608));
#2748=CARTESIAN_POINT('Ctrl Pts',(0.484374999999999,-2.69860215787355E-17,
0.146905059197608));
#2749=CARTESIAN_POINT('Ctrl Pts',(0.480468749999999,0.0608500679008717,
0.146905059197608));
#2750=CARTESIAN_POINT('Ctrl Pts',(0.476562499999999,0.10387756354924,0.10387756354924));
#2751=CARTESIAN_POINT('Ctrl Pts',(0.472656249999999,0.146905059197608,0.0608500679008718));
#2752=CARTESIAN_POINT('Ctrl Pts',(0.468749999999999,0.146905059197608,0.));
#2753=CARTESIAN_POINT('Ctrl Pts',(0.464843749999999,0.146905059197608,-0.0608500679008717));
#2754=CARTESIAN_POINT('Ctrl Pts',(0.460937499999999,0.10387756354924,-0.10387756354924));
#2755=CARTESIAN_POINT('Ctrl Pts',(0.457031249999999,0.0608500679008717,
-0.146905059197608));
#2756=CARTESIAN_POINT('Ctrl Pts',(0.453124999999999,8.99534052624516E-18,
-0.146905059197608));
#2757=CARTESIAN_POINT('Ctrl Pts',(0.449218749999999,-0.0608500679008717,
-0.146905059197608));
#2758=CARTESIAN_POINT('Ctrl Pts',(0.445312499999999,-0.10387756354924,-0.10387756354924));
#2759=CARTESIAN_POINT('Ctrl Pts',(0.441406249999999,-0.146905059197608,
-0.0608500679008717));
#2760=CARTESIAN_POINT('Ctrl Pts',(0.437499999999999,-0.146905059197608,
-1.79906810524903E-17));
#2761=CARTESIAN_POINT('Origin',(1.02734375,4.6550689812039E-15,-4.64013083845148E-17));
#2762=CARTESIAN_POINT('',(0.367187499999999,-0.146905059197608,-4.6401308384516E-17));
#2763=CARTESIAN_POINT('',(0.374999999999999,-0.146905059197608,-4.6401308384516E-17));
#2764=CARTESIAN_POINT('',(1.02734375,-0.146905059197599,-7.48119357165398E-17));
#2765=CARTESIAN_POINT('Ctrl Pts',(0.429687499999999,-0.146905059197608,
-1.79906810524903E-17));
#2766=CARTESIAN_POINT('Ctrl Pts',(0.425781249999999,-0.146905059197608,
0.0608500679008717));
#2767=CARTESIAN_POINT('Ctrl Pts',(0.421874999999999,-0.10387756354924,0.10387756354924));
#2768=CARTESIAN_POINT('Ctrl Pts',(0.417968749999999,-0.0608500679008718,
0.146905059197608));
#2769=CARTESIAN_POINT('Ctrl Pts',(0.414062499999999,-2.69860215787355E-17,
0.146905059197608));
#2770=CARTESIAN_POINT('Ctrl Pts',(0.410156249999999,0.0608500679008717,
0.146905059197608));
#2771=CARTESIAN_POINT('Ctrl Pts',(0.406249999999999,0.10387756354924,0.10387756354924));
#2772=CARTESIAN_POINT('Ctrl Pts',(0.402343749999999,0.146905059197608,0.0608500679008718));
#2773=CARTESIAN_POINT('Ctrl Pts',(0.398437499999999,0.146905059197608,0.));
#2774=CARTESIAN_POINT('Ctrl Pts',(0.394531249999999,0.146905059197608,-0.0608500679008717));
#2775=CARTESIAN_POINT('Ctrl Pts',(0.390624999999999,0.10387756354924,-0.10387756354924));
#2776=CARTESIAN_POINT('Ctrl Pts',(0.386718749999999,0.0608500679008717,
-0.146905059197608));
#2777=CARTESIAN_POINT('Ctrl Pts',(0.382812499999999,8.99534052624516E-18,
-0.146905059197608));
#2778=CARTESIAN_POINT('Ctrl Pts',(0.378906249999999,-0.0608500679008717,
-0.146905059197608));
#2779=CARTESIAN_POINT('Ctrl Pts',(0.374999999999999,-0.10387756354924,-0.10387756354924));
#2780=CARTESIAN_POINT('Ctrl Pts',(0.371093749999999,-0.146905059197608,
-0.0608500679008717));
#2781=CARTESIAN_POINT('Ctrl Pts',(0.367187499999999,-0.146905059197608,
-1.79906810524903E-17));
#2782=CARTESIAN_POINT('Ctrl Pts',(0.437499999999999,-0.146905059197608,
-1.79906810524903E-17));
#2783=CARTESIAN_POINT('Ctrl Pts',(0.433593749999999,-0.146905059197608,
0.0608500679008717));
#2784=CARTESIAN_POINT('Ctrl Pts',(0.429687499999999,-0.10387756354924,0.10387756354924));
#2785=CARTESIAN_POINT('Ctrl Pts',(0.425781249999999,-0.0608500679008718,
0.146905059197608));
#2786=CARTESIAN_POINT('Ctrl Pts',(0.421874999999999,-2.69860215787355E-17,
0.146905059197608));
#2787=CARTESIAN_POINT('Ctrl Pts',(0.417968749999999,0.0608500679008717,
0.146905059197608));
#2788=CARTESIAN_POINT('Ctrl Pts',(0.414062499999999,0.10387756354924,0.10387756354924));
#2789=CARTESIAN_POINT('Ctrl Pts',(0.410156249999999,0.146905059197608,0.0608500679008718));
#2790=CARTESIAN_POINT('Ctrl Pts',(0.406249999999999,0.146905059197608,0.));
#2791=CARTESIAN_POINT('Ctrl Pts',(0.402343749999999,0.146905059197608,-0.0608500679008717));
#2792=CARTESIAN_POINT('Ctrl Pts',(0.398437499999999,0.10387756354924,-0.10387756354924));
#2793=CARTESIAN_POINT('Ctrl Pts',(0.394531249999999,0.0608500679008717,
-0.146905059197608));
#2794=CARTESIAN_POINT('Ctrl Pts',(0.390624999999999,8.99534052624516E-18,
-0.146905059197608));
#2795=CARTESIAN_POINT('Ctrl Pts',(0.386718749999999,-0.0608500679008717,
-0.146905059197608));
#2796=CARTESIAN_POINT('Ctrl Pts',(0.382812499999999,-0.10387756354924,-0.10387756354924));
#2797=CARTESIAN_POINT('Ctrl Pts',(0.378906249999999,-0.146905059197608,
-0.0608500679008717));
#2798=CARTESIAN_POINT('Ctrl Pts',(0.374999999999999,-0.146905059197608,
-1.79906810524903E-17));
#2799=CARTESIAN_POINT('Origin',(1.02734375,4.6550689812039E-15,-4.64013083845148E-17));
#2800=CARTESIAN_POINT('',(0.304687499999999,-0.146905059197608,-4.6401308384516E-17));
#2801=CARTESIAN_POINT('',(0.312499999999999,-0.146905059197608,-4.6401308384516E-17));
#2802=CARTESIAN_POINT('',(1.02734375,-0.146905059197599,-7.48119357165398E-17));
#2803=CARTESIAN_POINT('Ctrl Pts',(0.367187499999999,-0.146905059197608,
-1.79906810524903E-17));
#2804=CARTESIAN_POINT('Ctrl Pts',(0.363281249999999,-0.146905059197608,
0.0608500679008717));
#2805=CARTESIAN_POINT('Ctrl Pts',(0.359374999999999,-0.10387756354924,0.10387756354924));
#2806=CARTESIAN_POINT('Ctrl Pts',(0.355468749999999,-0.0608500679008718,
0.146905059197608));
#2807=CARTESIAN_POINT('Ctrl Pts',(0.351562499999999,-2.69860215787355E-17,
0.146905059197608));
#2808=CARTESIAN_POINT('Ctrl Pts',(0.347656249999999,0.0608500679008717,
0.146905059197608));
#2809=CARTESIAN_POINT('Ctrl Pts',(0.343749999999999,0.10387756354924,0.10387756354924));
#2810=CARTESIAN_POINT('Ctrl Pts',(0.339843749999999,0.146905059197608,0.0608500679008718));
#2811=CARTESIAN_POINT('Ctrl Pts',(0.335937499999999,0.146905059197608,0.));
#2812=CARTESIAN_POINT('Ctrl Pts',(0.332031249999999,0.146905059197608,-0.0608500679008717));
#2813=CARTESIAN_POINT('Ctrl Pts',(0.328124999999999,0.10387756354924,-0.10387756354924));
#2814=CARTESIAN_POINT('Ctrl Pts',(0.324218749999999,0.0608500679008717,
-0.146905059197608));
#2815=CARTESIAN_POINT('Ctrl Pts',(0.320312499999999,8.99534052624516E-18,
-0.146905059197608));
#2816=CARTESIAN_POINT('Ctrl Pts',(0.316406249999999,-0.0608500679008717,
-0.146905059197608));
#2817=CARTESIAN_POINT('Ctrl Pts',(0.312499999999999,-0.10387756354924,-0.10387756354924));
#2818=CARTESIAN_POINT('Ctrl Pts',(0.308593749999999,-0.146905059197608,
-0.0608500679008717));
#2819=CARTESIAN_POINT('Ctrl Pts',(0.304687499999999,-0.146905059197608,
-1.79906810524903E-17));
#2820=CARTESIAN_POINT('Ctrl Pts',(0.374999999999999,-0.146905059197608,
-1.79906810524903E-17));
#2821=CARTESIAN_POINT('Ctrl Pts',(0.371093749999999,-0.146905059197608,
0.0608500679008717));
#2822=CARTESIAN_POINT('Ctrl Pts',(0.367187499999999,-0.10387756354924,0.10387756354924));
#2823=CARTESIAN_POINT('Ctrl Pts',(0.363281249999999,-0.0608500679008718,
0.146905059197608));
#2824=CARTESIAN_POINT('Ctrl Pts',(0.359374999999999,-2.69860215787355E-17,
0.146905059197608));
#2825=CARTESIAN_POINT('Ctrl Pts',(0.355468749999999,0.0608500679008717,
0.146905059197608));
#2826=CARTESIAN_POINT('Ctrl Pts',(0.351562499999999,0.10387756354924,0.10387756354924));
#2827=CARTESIAN_POINT('Ctrl Pts',(0.347656249999999,0.146905059197608,0.0608500679008718));
#2828=CARTESIAN_POINT('Ctrl Pts',(0.343749999999999,0.146905059197608,0.));
#2829=CARTESIAN_POINT('Ctrl Pts',(0.339843749999999,0.146905059197608,-0.0608500679008717));
#2830=CARTESIAN_POINT('Ctrl Pts',(0.335937499999999,0.10387756354924,-0.10387756354924));
#2831=CARTESIAN_POINT('Ctrl Pts',(0.332031249999999,0.0608500679008717,
-0.146905059197608));
#2832=CARTESIAN_POINT('Ctrl Pts',(0.328124999999999,8.99534052624516E-18,
-0.146905059197608));
#2833=CARTESIAN_POINT('Ctrl Pts',(0.324218749999999,-0.0608500679008717,
-0.146905059197608));
#2834=CARTESIAN_POINT('Ctrl Pts',(0.320312499999999,-0.10387756354924,-0.10387756354924));
#2835=CARTESIAN_POINT('Ctrl Pts',(0.316406249999999,-0.146905059197608,
-0.0608500679008717));
#2836=CARTESIAN_POINT('Ctrl Pts',(0.312499999999999,-0.146905059197608,
-1.79906810524903E-17));
#2837=CARTESIAN_POINT('Origin',(1.02734375,4.6550689812039E-15,-4.64013083845148E-17));
#2838=CARTESIAN_POINT('',(0.242187499999999,-0.146905059197608,-4.6401308384516E-17));
#2839=CARTESIAN_POINT('',(0.249999999999999,-0.146905059197608,-4.6401308384516E-17));
#2840=CARTESIAN_POINT('',(1.02734375,-0.146905059197599,-7.48119357165398E-17));
#2841=CARTESIAN_POINT('Ctrl Pts',(0.304687499999999,-0.146905059197608,
-1.79906810524903E-17));
#2842=CARTESIAN_POINT('Ctrl Pts',(0.300781249999999,-0.146905059197608,
0.0608500679008717));
#2843=CARTESIAN_POINT('Ctrl Pts',(0.296874999999999,-0.10387756354924,0.10387756354924));
#2844=CARTESIAN_POINT('Ctrl Pts',(0.292968749999999,-0.0608500679008718,
0.146905059197608));
#2845=CARTESIAN_POINT('Ctrl Pts',(0.289062499999999,-2.69860215787355E-17,
0.146905059197608));
#2846=CARTESIAN_POINT('Ctrl Pts',(0.285156249999999,0.0608500679008717,
0.146905059197608));
#2847=CARTESIAN_POINT('Ctrl Pts',(0.281249999999999,0.10387756354924,0.10387756354924));
#2848=CARTESIAN_POINT('Ctrl Pts',(0.277343749999999,0.146905059197608,0.0608500679008718));
#2849=CARTESIAN_POINT('Ctrl Pts',(0.273437499999999,0.146905059197608,0.));
#2850=CARTESIAN_POINT('Ctrl Pts',(0.269531249999999,0.146905059197608,-0.0608500679008717));
#2851=CARTESIAN_POINT('Ctrl Pts',(0.265624999999999,0.10387756354924,-0.10387756354924));
#2852=CARTESIAN_POINT('Ctrl Pts',(0.261718749999999,0.0608500679008717,
-0.146905059197608));
#2853=CARTESIAN_POINT('Ctrl Pts',(0.257812499999999,8.99534052624516E-18,
-0.146905059197608));
#2854=CARTESIAN_POINT('Ctrl Pts',(0.253906249999999,-0.0608500679008717,
-0.146905059197608));
#2855=CARTESIAN_POINT('Ctrl Pts',(0.249999999999999,-0.10387756354924,-0.10387756354924));
#2856=CARTESIAN_POINT('Ctrl Pts',(0.246093749999999,-0.146905059197608,
-0.0608500679008717));
#2857=CARTESIAN_POINT('Ctrl Pts',(0.242187499999999,-0.146905059197608,
-1.79906810524903E-17));
#2858=CARTESIAN_POINT('Ctrl Pts',(0.312499999999999,-0.146905059197608,
-1.79906810524903E-17));
#2859=CARTESIAN_POINT('Ctrl Pts',(0.308593749999999,-0.146905059197608,
0.0608500679008717));
#2860=CARTESIAN_POINT('Ctrl Pts',(0.304687499999999,-0.10387756354924,0.10387756354924));
#2861=CARTESIAN_POINT('Ctrl Pts',(0.300781249999999,-0.0608500679008718,
0.146905059197608));
#2862=CARTESIAN_POINT('Ctrl Pts',(0.296874999999999,-2.69860215787355E-17,
0.146905059197608));
#2863=CARTESIAN_POINT('Ctrl Pts',(0.292968749999999,0.0608500679008717,
0.146905059197608));
#2864=CARTESIAN_POINT('Ctrl Pts',(0.289062499999999,0.10387756354924,0.10387756354924));
#2865=CARTESIAN_POINT('Ctrl Pts',(0.285156249999999,0.146905059197608,0.0608500679008718));
#2866=CARTESIAN_POINT('Ctrl Pts',(0.281249999999999,0.146905059197608,0.));
#2867=CARTESIAN_POINT('Ctrl Pts',(0.277343749999999,0.146905059197608,-0.0608500679008717));
#2868=CARTESIAN_POINT('Ctrl Pts',(0.273437499999999,0.10387756354924,-0.10387756354924));
#2869=CARTESIAN_POINT('Ctrl Pts',(0.269531249999999,0.0608500679008717,
-0.146905059197608));
#2870=CARTESIAN_POINT('Ctrl Pts',(0.265624999999999,8.99534052624516E-18,
-0.146905059197608));
#2871=CARTESIAN_POINT('Ctrl Pts',(0.261718749999999,-0.0608500679008717,
-0.146905059197608));
#2872=CARTESIAN_POINT('Ctrl Pts',(0.257812499999999,-0.10387756354924,-0.10387756354924));
#2873=CARTESIAN_POINT('Ctrl Pts',(0.253906249999999,-0.146905059197608,
-0.0608500679008717));
#2874=CARTESIAN_POINT('Ctrl Pts',(0.249999999999999,-0.146905059197608,
-1.79906810524903E-17));
#2875=CARTESIAN_POINT('Origin',(1.02734375,4.6550689812039E-15,-4.64013083845148E-17));
#2876=CARTESIAN_POINT('',(0.179687499999999,-0.146905059197608,-4.6401308384516E-17));
#2877=CARTESIAN_POINT('',(0.187499999999999,-0.146905059197608,-4.6401308384516E-17));
#2878=CARTESIAN_POINT('',(1.02734375,-0.146905059197599,-7.48119357165398E-17));
#2879=CARTESIAN_POINT('Ctrl Pts',(0.242187499999999,-0.146905059197608,
-1.79906810524903E-17));
#2880=CARTESIAN_POINT('Ctrl Pts',(0.238281249999999,-0.146905059197608,
0.0608500679008717));
#2881=CARTESIAN_POINT('Ctrl Pts',(0.234374999999999,-0.10387756354924,0.10387756354924));
#2882=CARTESIAN_POINT('Ctrl Pts',(0.230468749999999,-0.0608500679008718,
0.146905059197608));
#2883=CARTESIAN_POINT('Ctrl Pts',(0.226562499999999,-2.69860215787355E-17,
0.146905059197608));
#2884=CARTESIAN_POINT('Ctrl Pts',(0.222656249999999,0.0608500679008717,
0.146905059197608));
#2885=CARTESIAN_POINT('Ctrl Pts',(0.218749999999999,0.10387756354924,0.10387756354924));
#2886=CARTESIAN_POINT('Ctrl Pts',(0.214843749999999,0.146905059197608,0.0608500679008718));
#2887=CARTESIAN_POINT('Ctrl Pts',(0.210937499999999,0.146905059197608,0.));
#2888=CARTESIAN_POINT('Ctrl Pts',(0.207031249999999,0.146905059197608,-0.0608500679008717));
#2889=CARTESIAN_POINT('Ctrl Pts',(0.203124999999999,0.10387756354924,-0.10387756354924));
#2890=CARTESIAN_POINT('Ctrl Pts',(0.199218749999999,0.0608500679008717,
-0.146905059197608));
#2891=CARTESIAN_POINT('Ctrl Pts',(0.195312499999999,8.99534052624516E-18,
-0.146905059197608));
#2892=CARTESIAN_POINT('Ctrl Pts',(0.191406249999999,-0.0608500679008717,
-0.146905059197608));
#2893=CARTESIAN_POINT('Ctrl Pts',(0.187499999999999,-0.10387756354924,-0.10387756354924));
#2894=CARTESIAN_POINT('Ctrl Pts',(0.183593749999999,-0.146905059197608,
-0.0608500679008717));
#2895=CARTESIAN_POINT('Ctrl Pts',(0.179687499999999,-0.146905059197608,
-1.79906810524903E-17));
#2896=CARTESIAN_POINT('Ctrl Pts',(0.249999999999999,-0.146905059197608,
-1.79906810524903E-17));
#2897=CARTESIAN_POINT('Ctrl Pts',(0.246093749999999,-0.146905059197608,
0.0608500679008717));
#2898=CARTESIAN_POINT('Ctrl Pts',(0.242187499999999,-0.10387756354924,0.10387756354924));
#2899=CARTESIAN_POINT('Ctrl Pts',(0.238281249999999,-0.0608500679008718,
0.146905059197608));
#2900=CARTESIAN_POINT('Ctrl Pts',(0.234374999999999,-2.69860215787355E-17,
0.146905059197608));
#2901=CARTESIAN_POINT('Ctrl Pts',(0.230468749999999,0.0608500679008717,
0.146905059197608));
#2902=CARTESIAN_POINT('Ctrl Pts',(0.226562499999999,0.10387756354924,0.10387756354924));
#2903=CARTESIAN_POINT('Ctrl Pts',(0.222656249999999,0.146905059197608,0.0608500679008718));
#2904=CARTESIAN_POINT('Ctrl Pts',(0.218749999999999,0.146905059197608,0.));
#2905=CARTESIAN_POINT('Ctrl Pts',(0.214843749999999,0.146905059197608,-0.0608500679008717));
#2906=CARTESIAN_POINT('Ctrl Pts',(0.210937499999999,0.10387756354924,-0.10387756354924));
#2907=CARTESIAN_POINT('Ctrl Pts',(0.207031249999999,0.0608500679008717,
-0.146905059197608));
#2908=CARTESIAN_POINT('Ctrl Pts',(0.203124999999999,8.99534052624516E-18,
-0.146905059197608));
#2909=CARTESIAN_POINT('Ctrl Pts',(0.199218749999999,-0.0608500679008717,
-0.146905059197608));
#2910=CARTESIAN_POINT('Ctrl Pts',(0.195312499999999,-0.10387756354924,-0.10387756354924));
#2911=CARTESIAN_POINT('Ctrl Pts',(0.191406249999999,-0.146905059197608,
-0.0608500679008717));
#2912=CARTESIAN_POINT('Ctrl Pts',(0.187499999999999,-0.146905059197608,
-1.79906810524903E-17));
#2913=CARTESIAN_POINT('Origin',(-0.00216666666666832,0.,0.));
#2914=CARTESIAN_POINT('',(-0.00500000000000001,2.52583402324142E-17,0.20625));
#2915=CARTESIAN_POINT('Origin',(-0.00499999999999996,0.,0.));
#2916=CARTESIAN_POINT('',(0.000666666666663363,2.46514841155054E-17,0.201294643750906));
#2917=CARTESIAN_POINT('',(-0.00216666666666832,2.49549121739598E-17,0.203772321875453));
#2918=CARTESIAN_POINT('',(0.000666666666663363,-2.46514841155054E-17,-0.201294643750906));
#2919=CARTESIAN_POINT('Origin',(0.000666666666663363,0.,0.));
#2920=CARTESIAN_POINT('Origin',(0.000666666666663363,0.,0.));
#2921=CARTESIAN_POINT('Origin',(-0.234375,-0.146141786888624,0.253125));
#2922=CARTESIAN_POINT('',(-0.234375,-0.170498751370061,0.2671875));
#2923=CARTESIAN_POINT('',(-0.234375,-0.146141786888624,0.28125));
#2924=CARTESIAN_POINT('Origin',(-0.234375,-0.146141786888624,0.253125));
#2925=CARTESIAN_POINT('',(-0.00499999999999991,-0.170498751370067,0.267187499999991));
#2926=CARTESIAN_POINT('',(-0.234375,-0.170498751370061,0.2671875));
#2927=CARTESIAN_POINT('',(-0.00499999999999991,-0.146141786888624,0.28125));
#2928=CARTESIAN_POINT('Origin',(-0.00499999999999991,-0.146141786888624,
0.253125));
#2929=CARTESIAN_POINT('',(-0.234375,-0.146141786888624,0.28125));
#2930=CARTESIAN_POINT('Origin',(-0.234375,-0.324759526419164,1.415506047743E-16));
#2931=CARTESIAN_POINT('',(-0.234375,-0.316640538258685,0.0140625000000001));
#2932=CARTESIAN_POINT('',(-0.234375,-0.243569644814373,0.140625));
#2933=CARTESIAN_POINT('',(-0.00499999999999991,-0.316640538258685,0.0140625000000001));
#2934=CARTESIAN_POINT('',(-0.234375,-0.316640538258685,0.0140625000000001));
#2935=CARTESIAN_POINT('',(-0.00499999999999991,-0.324759526419164,1.53714077043426E-16));
#2936=CARTESIAN_POINT('Origin',(-0.234375,-0.292283573777248,1.28055374703012E-16));
#2937=CARTESIAN_POINT('',(-0.234375,-0.316640538258685,-0.0140624999999999));
#2938=CARTESIAN_POINT('Origin',(-0.234375,-0.292283573777248,1.28055374703012E-16));
#2939=CARTESIAN_POINT('',(-0.00499999999999991,-0.31664053825868,-0.0140625000000088));
#2940=CARTESIAN_POINT('',(-0.234375,-0.316640538258685,-0.0140624999999999));
#2941=CARTESIAN_POINT('Origin',(-0.00499999999999991,-0.292283573777248,
1.28055374703012E-16));
#2942=CARTESIAN_POINT('Origin',(-0.234375,-0.162379763209582,-0.28125));
#2943=CARTESIAN_POINT('',(-0.234375,-0.170498751370061,-0.2671875));
#2944=CARTESIAN_POINT('',(-0.234375,-0.162379763209582,-0.28125));
#2945=CARTESIAN_POINT('',(-0.00499999999999991,-0.170498751370061,-0.2671875));
#2946=CARTESIAN_POINT('',(-0.234375,-0.170498751370061,-0.2671875));
#2947=CARTESIAN_POINT('',(-0.00499999999999991,-0.162379763209582,-0.28125));
#2948=CARTESIAN_POINT('Origin',(-0.234375,-0.146141786888624,-0.253125));
#2949=CARTESIAN_POINT('',(-0.234375,-0.146141786888624,-0.28125));
#2950=CARTESIAN_POINT('Origin',(-0.234375,-0.146141786888624,-0.253125));
#2951=CARTESIAN_POINT('',(-0.00499999999999991,-0.146141786888624,-0.28125));
#2952=CARTESIAN_POINT('',(-0.234375,-0.146141786888624,-0.28125));
#2953=CARTESIAN_POINT('Origin',(-0.00499999999999991,-0.146141786888624,
-0.253125));
#2954=CARTESIAN_POINT('Origin',(-0.234375,0.162379763209582,-0.28125));
#2955=CARTESIAN_POINT('',(-0.234375,0.146141786888624,-0.28125));
#2956=CARTESIAN_POINT('',(-0.234375,0.243569644814373,-0.28125));
#2957=CARTESIAN_POINT('',(-0.00499999999999998,0.146141786888624,-0.28125));
#2958=CARTESIAN_POINT('',(-0.234375,0.146141786888624,-0.28125));
#2959=CARTESIAN_POINT('',(-0.00499999999999998,0.162379763209582,-0.28125));
#2960=CARTESIAN_POINT('Origin',(-0.234375,0.146141786888624,-0.253125));
#2961=CARTESIAN_POINT('',(-0.234375,0.170498751370061,-0.2671875));
#2962=CARTESIAN_POINT('Origin',(-0.234375,0.146141786888624,-0.253125));
#2963=CARTESIAN_POINT('',(-0.00499999999999996,0.170498751370061,-0.2671875));
#2964=CARTESIAN_POINT('',(-0.234375,0.170498751370061,-0.2671875));
#2965=CARTESIAN_POINT('Origin',(-0.00499999999999998,0.146141786888624,
-0.253125));
#2966=CARTESIAN_POINT('Origin',(-0.234375,0.324759526419164,3.9771571452184E-17));
#2967=CARTESIAN_POINT('',(-0.234375,0.316640538258685,-0.0140625));
#2968=CARTESIAN_POINT('',(-0.234375,0.324759526419164,4.63083555310406E-17));
#2969=CARTESIAN_POINT('',(-0.00499999999999998,0.316640538258685,-0.0140624999999999));
#2970=CARTESIAN_POINT('',(-0.234375,0.316640538258685,-0.0140625));
#2971=CARTESIAN_POINT('',(-0.00499999999999998,0.324759526419164,5.19350437213103E-17));
#2972=CARTESIAN_POINT('Origin',(-0.234375,0.292283573777248,2.34768186955523E-17));
#2973=CARTESIAN_POINT('',(-0.234375,0.316640538258685,0.0140625));
#2974=CARTESIAN_POINT('Origin',(-0.234375,0.292283573777248,2.34768186955523E-17));
#2975=CARTESIAN_POINT('',(-0.005,0.316640538258685,0.0140625000000001));
#2976=CARTESIAN_POINT('',(-0.234375,0.316640538258685,0.0140625));
#2977=CARTESIAN_POINT('Origin',(-0.00499999999999998,0.292283573777248,
2.34768186955523E-17));
#2978=CARTESIAN_POINT('Origin',(-0.234375,0.162379763209582,0.28125));
#2979=CARTESIAN_POINT('',(-0.234375,0.170498751370062,0.2671875));
#2980=CARTESIAN_POINT('',(-0.234375,0.243569644814373,0.140625));
#2981=CARTESIAN_POINT('',(-0.00499999999999998,0.170498751370062,0.2671875));
#2982=CARTESIAN_POINT('',(-0.234375,0.170498751370062,0.2671875));
#2983=CARTESIAN_POINT('',(-0.00499999999999998,0.162379763209582,0.28125));
#2984=CARTESIAN_POINT('Origin',(-0.234375,0.146141786888624,0.253125));
#2985=CARTESIAN_POINT('',(-0.234375,0.146141786888624,0.28125));
#2986=CARTESIAN_POINT('Origin',(-0.234375,0.146141786888624,0.253125));
#2987=CARTESIAN_POINT('',(-0.00499999999999998,0.146141786888583,0.28125));
#2988=CARTESIAN_POINT('',(-0.234375,0.146141786888624,0.28125));
#2989=CARTESIAN_POINT('Origin',(-0.00499999999999998,0.146141786888624,
0.253125));
#2990=CARTESIAN_POINT('Origin',(-0.234375,-0.162379763209582,0.28125));
#2991=CARTESIAN_POINT('',(-0.234375,0.0811898816047911,0.28125));
#2992=CARTESIAN_POINT('',(-0.00499999999999991,-0.162379763209582,0.28125));
#2993=CARTESIAN_POINT('Origin',(-0.00499999999999996,-4.72739409031228E-32,
-5.18559279994367E-32));
#2994=CARTESIAN_POINT('Origin',(-0.234375,0.324759526419164,5.72029956624684E-17));
#2995=CARTESIAN_POINT('Origin',(1.,0.,0.));
#2996=CARTESIAN_POINT('',(1.,-1.72215956130097E-17,-0.140625));
#2997=CARTESIAN_POINT('Origin',(1.,0.,0.));
#2998=CARTESIAN_POINT('Ctrl Pts',(0.999999922427018,0.187500134360347,0.));
#2999=CARTESIAN_POINT('Ctrl Pts',(0.996093672427018,0.187500134360347,-0.0776650985988333));
#3000=CARTESIAN_POINT('Ctrl Pts',(0.992187422427018,0.13258261647959,-0.13258261647959));
#3001=CARTESIAN_POINT('Ctrl Pts',(0.988281172427018,0.0776650985988333,
-0.187500134360347));
#3002=CARTESIAN_POINT('Ctrl Pts',(0.984374922427018,1.14810719692049E-17,
-0.187500134360347));
#3003=CARTESIAN_POINT('Ctrl Pts',(0.980468672427018,-0.0776650985988333,
-0.187500134360347));
#3004=CARTESIAN_POINT('Ctrl Pts',(0.976562422427018,-0.13258261647959,-0.13258261647959));
#3005=CARTESIAN_POINT('Ctrl Pts',(0.972656172427018,-0.187500134360347,
-0.0776650985988333));
#3006=CARTESIAN_POINT('Ctrl Pts',(0.968749922427018,-0.187500134360347,
-2.29621439384098E-17));
#3007=CARTESIAN_POINT('Ctrl Pts',(0.964843672427018,-0.187500134360347,
0.0776650985988332));
#3008=CARTESIAN_POINT('Ctrl Pts',(0.960937422427018,-0.13258261647959,0.13258261647959));
#3009=CARTESIAN_POINT('Ctrl Pts',(0.957031172427018,-0.0776650985988334,
0.187500134360347));
#3010=CARTESIAN_POINT('Ctrl Pts',(0.953124922427018,-3.44432159076146E-17,
0.187500134360347));
#3011=CARTESIAN_POINT('Ctrl Pts',(0.949218672427018,0.0776650985988333,
0.187500134360347));
#3012=CARTESIAN_POINT('Ctrl Pts',(0.945312422427018,0.13258261647959,0.13258261647959));
#3013=CARTESIAN_POINT('Ctrl Pts',(0.941406172427018,0.187500134360347,0.0776650985988334));
#3014=CARTESIAN_POINT('Ctrl Pts',(0.937499922427018,0.187500134360347,0.));
#3015=CARTESIAN_POINT('Ctrl Pts',(0.933593672427018,0.187500134360347,-0.0776650985988333));
#3016=CARTESIAN_POINT('Ctrl Pts',(0.929687422427018,0.13258261647959,-0.13258261647959));
#3017=CARTESIAN_POINT('Ctrl Pts',(0.925781172427018,0.0776650985988333,
-0.187500134360347));
#3018=CARTESIAN_POINT('Ctrl Pts',(0.921874922427018,1.14810719692049E-17,
-0.187500134360347));
#3019=CARTESIAN_POINT('Ctrl Pts',(0.917968672427018,-0.0776650985988333,
-0.187500134360347));
#3020=CARTESIAN_POINT('Ctrl Pts',(0.914062422427018,-0.13258261647959,-0.13258261647959));
#3021=CARTESIAN_POINT('Ctrl Pts',(0.910156172427018,-0.187500134360347,
-0.0776650985988333));
#3022=CARTESIAN_POINT('Ctrl Pts',(0.906249922427018,-0.187500134360347,
-2.29621439384098E-17));
#3023=CARTESIAN_POINT('Ctrl Pts',(0.902343672427018,-0.187500134360347,
0.0776650985988332));
#3024=CARTESIAN_POINT('Ctrl Pts',(0.898437422427018,-0.13258261647959,0.13258261647959));
#3025=CARTESIAN_POINT('Ctrl Pts',(0.894531172427018,-0.0776650985988334,
0.187500134360347));
#3026=CARTESIAN_POINT('Ctrl Pts',(0.890624922427018,-3.44432159076146E-17,
0.187500134360347));
#3027=CARTESIAN_POINT('Ctrl Pts',(0.886718672427018,0.0776650985988333,
0.187500134360347));
#3028=CARTESIAN_POINT('Ctrl Pts',(0.882812422427018,0.13258261647959,0.13258261647959));
#3029=CARTESIAN_POINT('Ctrl Pts',(0.878906172427018,0.187500134360347,0.0776650985988334));
#3030=CARTESIAN_POINT('Ctrl Pts',(0.874999922427018,0.187500134360347,0.));
#3031=CARTESIAN_POINT('Ctrl Pts',(0.871093672427018,0.187500134360347,-0.0776650985988333));
#3032=CARTESIAN_POINT('Ctrl Pts',(0.867187422427018,0.13258261647959,-0.13258261647959));
#3033=CARTESIAN_POINT('Ctrl Pts',(0.863281172427018,0.0776650985988333,
-0.187500134360347));
#3034=CARTESIAN_POINT('Ctrl Pts',(0.859374922427018,1.14810719692049E-17,
-0.187500134360347));
#3035=CARTESIAN_POINT('Ctrl Pts',(0.855468672427018,-0.0776650985988333,
-0.187500134360347));
#3036=CARTESIAN_POINT('Ctrl Pts',(0.851562422427018,-0.13258261647959,-0.13258261647959));
#3037=CARTESIAN_POINT('Ctrl Pts',(0.847656172427018,-0.187500134360347,
-0.0776650985988333));
#3038=CARTESIAN_POINT('Ctrl Pts',(0.843749922427018,-0.187500134360347,
-2.29621439384098E-17));
#3039=CARTESIAN_POINT('Ctrl Pts',(0.839843672427018,-0.187500134360347,
0.0776650985988332));
#3040=CARTESIAN_POINT('Ctrl Pts',(0.835937422427018,-0.13258261647959,0.13258261647959));
#3041=CARTESIAN_POINT('Ctrl Pts',(0.832031172427018,-0.0776650985988334,
0.187500134360347));
#3042=CARTESIAN_POINT('Ctrl Pts',(0.828124922427018,-3.44432159076146E-17,
0.187500134360347));
#3043=CARTESIAN_POINT('Ctrl Pts',(0.824218672427018,0.0776650985988333,
0.187500134360347));
#3044=CARTESIAN_POINT('Ctrl Pts',(0.820312422427018,0.13258261647959,0.13258261647959));
#3045=CARTESIAN_POINT('Ctrl Pts',(0.816406172427018,0.187500134360347,0.0776650985988334));
#3046=CARTESIAN_POINT('Ctrl Pts',(0.812499922427018,0.187500134360347,0.));
#3047=CARTESIAN_POINT('Ctrl Pts',(0.808593672427018,0.187500134360347,-0.0776650985988333));
#3048=CARTESIAN_POINT('Ctrl Pts',(0.804687422427018,0.13258261647959,-0.13258261647959));
#3049=CARTESIAN_POINT('Ctrl Pts',(0.800781172427018,0.0776650985988333,
-0.187500134360347));
#3050=CARTESIAN_POINT('Ctrl Pts',(0.796874922427018,1.14810719692049E-17,
-0.187500134360347));
#3051=CARTESIAN_POINT('Ctrl Pts',(0.792968672427018,-0.0776650985988333,
-0.187500134360347));
#3052=CARTESIAN_POINT('Ctrl Pts',(0.789062422427018,-0.13258261647959,-0.13258261647959));
#3053=CARTESIAN_POINT('Ctrl Pts',(0.785156172427018,-0.187500134360347,
-0.0776650985988333));
#3054=CARTESIAN_POINT('Ctrl Pts',(0.781249922427018,-0.187500134360347,
-2.29621439384098E-17));
#3055=CARTESIAN_POINT('Ctrl Pts',(0.777343672427018,-0.187500134360347,
0.0776650985988332));
#3056=CARTESIAN_POINT('Ctrl Pts',(0.773437422427018,-0.13258261647959,0.13258261647959));
#3057=CARTESIAN_POINT('Ctrl Pts',(0.769531172427018,-0.0776650985988334,
0.187500134360347));
#3058=CARTESIAN_POINT('Ctrl Pts',(0.765624922427018,-3.44432159076146E-17,
0.187500134360347));
#3059=CARTESIAN_POINT('Ctrl Pts',(0.761718672427018,0.0776650985988333,
0.187500134360347));
#3060=CARTESIAN_POINT('Ctrl Pts',(0.757812422427018,0.13258261647959,0.13258261647959));
#3061=CARTESIAN_POINT('Ctrl Pts',(0.753906172427018,0.187500134360347,0.0776650985988334));
#3062=CARTESIAN_POINT('Ctrl Pts',(0.749999922427018,0.187500134360347,0.));
#3063=CARTESIAN_POINT('Ctrl Pts',(0.746093672427018,0.187500134360347,-0.0776650985988333));
#3064=CARTESIAN_POINT('Ctrl Pts',(0.742187422427018,0.13258261647959,-0.13258261647959));
#3065=CARTESIAN_POINT('Ctrl Pts',(0.738281172427018,0.0776650985988333,
-0.187500134360347));
#3066=CARTESIAN_POINT('Ctrl Pts',(0.734374922427018,1.14810719692049E-17,
-0.187500134360347));
#3067=CARTESIAN_POINT('Ctrl Pts',(0.730468672427018,-0.0776650985988333,
-0.187500134360347));
#3068=CARTESIAN_POINT('Ctrl Pts',(0.726562422427018,-0.13258261647959,-0.13258261647959));
#3069=CARTESIAN_POINT('Ctrl Pts',(0.722656172427018,-0.187500134360347,
-0.0776650985988333));
#3070=CARTESIAN_POINT('Ctrl Pts',(0.718749922427018,-0.187500134360347,
-2.29621439384098E-17));
#3071=CARTESIAN_POINT('Ctrl Pts',(0.714843672427018,-0.187500134360347,
0.0776650985988332));
#3072=CARTESIAN_POINT('Ctrl Pts',(0.710937422427018,-0.13258261647959,0.13258261647959));
#3073=CARTESIAN_POINT('Ctrl Pts',(0.707031172427018,-0.0776650985988334,
0.187500134360347));
#3074=CARTESIAN_POINT('Ctrl Pts',(0.703124922427018,-3.44432159076146E-17,
0.187500134360347));
#3075=CARTESIAN_POINT('Ctrl Pts',(0.699218672427018,0.0776650985988333,
0.187500134360347));
#3076=CARTESIAN_POINT('Ctrl Pts',(0.695312422427018,0.13258261647959,0.13258261647959));
#3077=CARTESIAN_POINT('Ctrl Pts',(0.691406172427018,0.187500134360347,0.0776650985988334));
#3078=CARTESIAN_POINT('Ctrl Pts',(0.687499922427018,0.187500134360347,0.));
#3079=CARTESIAN_POINT('Ctrl Pts',(0.683593672427018,0.187500134360347,-0.0776650985988333));
#3080=CARTESIAN_POINT('Ctrl Pts',(0.679687422427018,0.13258261647959,-0.13258261647959));
#3081=CARTESIAN_POINT('Ctrl Pts',(0.675781172427018,0.0776650985988333,
-0.187500134360347));
#3082=CARTESIAN_POINT('Ctrl Pts',(0.671874922427018,1.14810719692049E-17,
-0.187500134360347));
#3083=CARTESIAN_POINT('Ctrl Pts',(0.667968672427018,-0.0776650985988333,
-0.187500134360347));
#3084=CARTESIAN_POINT('Ctrl Pts',(0.664062422427018,-0.13258261647959,-0.13258261647959));
#3085=CARTESIAN_POINT('Ctrl Pts',(0.660156172427018,-0.187500134360347,
-0.0776650985988333));
#3086=CARTESIAN_POINT('Ctrl Pts',(0.656249922427018,-0.187500134360347,
-2.29621439384098E-17));
#3087=CARTESIAN_POINT('Ctrl Pts',(0.652343672427018,-0.187500134360347,
0.0776650985988332));
#3088=CARTESIAN_POINT('Ctrl Pts',(0.648437422427018,-0.13258261647959,0.13258261647959));
#3089=CARTESIAN_POINT('Ctrl Pts',(0.644531172427018,-0.0776650985988334,
0.187500134360347));
#3090=CARTESIAN_POINT('Ctrl Pts',(0.640624922427018,-3.44432159076146E-17,
0.187500134360347));
#3091=CARTESIAN_POINT('Ctrl Pts',(0.636718672427018,0.0776650985988333,
0.187500134360347));
#3092=CARTESIAN_POINT('Ctrl Pts',(0.632812422427018,0.13258261647959,0.13258261647959));
#3093=CARTESIAN_POINT('Ctrl Pts',(0.628906172427018,0.187500134360347,0.0776650985988334));
#3094=CARTESIAN_POINT('Ctrl Pts',(0.624999922427018,0.187500134360347,0.));
#3095=CARTESIAN_POINT('Ctrl Pts',(0.621093672427018,0.187500134360347,-0.0776650985988333));
#3096=CARTESIAN_POINT('Ctrl Pts',(0.617187422427018,0.13258261647959,-0.13258261647959));
#3097=CARTESIAN_POINT('Ctrl Pts',(0.613281172427018,0.0776650985988333,
-0.187500134360347));
#3098=CARTESIAN_POINT('Ctrl Pts',(0.609374922427018,1.14810719692049E-17,
-0.187500134360347));
#3099=CARTESIAN_POINT('Ctrl Pts',(0.605468672427018,-0.0776650985988333,
-0.187500134360347));
#3100=CARTESIAN_POINT('Ctrl Pts',(0.601562422427018,-0.13258261647959,-0.13258261647959));
#3101=CARTESIAN_POINT('Ctrl Pts',(0.597656172427018,-0.187500134360347,
-0.0776650985988333));
#3102=CARTESIAN_POINT('Ctrl Pts',(0.593749922427018,-0.187500134360347,
-2.29621439384098E-17));
#3103=CARTESIAN_POINT('Ctrl Pts',(0.589843672427018,-0.187500134360347,
0.0776650985988332));
#3104=CARTESIAN_POINT('Ctrl Pts',(0.585937422427018,-0.13258261647959,0.13258261647959));
#3105=CARTESIAN_POINT('Ctrl Pts',(0.582031172427018,-0.0776650985988334,
0.187500134360347));
#3106=CARTESIAN_POINT('Ctrl Pts',(0.578124922427018,-3.44432159076146E-17,
0.187500134360347));
#3107=CARTESIAN_POINT('Ctrl Pts',(0.574218672427018,0.0776650985988333,
0.187500134360347));
#3108=CARTESIAN_POINT('Ctrl Pts',(0.570312422427018,0.13258261647959,0.13258261647959));
#3109=CARTESIAN_POINT('Ctrl Pts',(0.566406172427018,0.187500134360347,0.0776650985988334));
#3110=CARTESIAN_POINT('Ctrl Pts',(0.562499922427018,0.187500134360347,0.));
#3111=CARTESIAN_POINT('Ctrl Pts',(0.558593672427018,0.187500134360347,-0.0776650985988333));
#3112=CARTESIAN_POINT('Ctrl Pts',(0.554687422427018,0.13258261647959,-0.13258261647959));
#3113=CARTESIAN_POINT('Ctrl Pts',(0.550781172427018,0.0776650985988333,
-0.187500134360347));
#3114=CARTESIAN_POINT('Ctrl Pts',(0.546874922427018,1.14810719692049E-17,
-0.187500134360347));
#3115=CARTESIAN_POINT('Ctrl Pts',(0.542968672427018,-0.0776650985988333,
-0.187500134360347));
#3116=CARTESIAN_POINT('Ctrl Pts',(0.539062422427018,-0.13258261647959,-0.13258261647959));
#3117=CARTESIAN_POINT('Ctrl Pts',(0.535156172427018,-0.187500134360347,
-0.0776650985988333));
#3118=CARTESIAN_POINT('Ctrl Pts',(0.531249922427018,-0.187500134360347,
-2.29621439384098E-17));
#3119=CARTESIAN_POINT('Ctrl Pts',(0.527343672427018,-0.187500134360347,
0.0776650985988332));
#3120=CARTESIAN_POINT('Ctrl Pts',(0.523437422427018,-0.13258261647959,0.13258261647959));
#3121=CARTESIAN_POINT('Ctrl Pts',(0.519531172427018,-0.0776650985988334,
0.187500134360347));
#3122=CARTESIAN_POINT('Ctrl Pts',(0.515624922427018,-3.44432159076146E-17,
0.187500134360347));
#3123=CARTESIAN_POINT('Ctrl Pts',(0.511718672427018,0.0776650985988333,
0.187500134360347));
#3124=CARTESIAN_POINT('Ctrl Pts',(0.507812422427018,0.13258261647959,0.13258261647959));
#3125=CARTESIAN_POINT('Ctrl Pts',(0.503906172427018,0.187500134360347,0.0776650985988334));
#3126=CARTESIAN_POINT('Ctrl Pts',(0.499999922427018,0.187500134360347,0.));
#3127=CARTESIAN_POINT('Ctrl Pts',(0.496093672427018,0.187500134360347,-0.0776650985988333));
#3128=CARTESIAN_POINT('Ctrl Pts',(0.492187422427018,0.13258261647959,-0.13258261647959));
#3129=CARTESIAN_POINT('Ctrl Pts',(0.488281172427018,0.0776650985988333,
-0.187500134360347));
#3130=CARTESIAN_POINT('Ctrl Pts',(0.484374922427018,1.14810719692049E-17,
-0.187500134360347));
#3131=CARTESIAN_POINT('Ctrl Pts',(0.480468672427018,-0.0776650985988333,
-0.187500134360347));
#3132=CARTESIAN_POINT('Ctrl Pts',(0.476562422427018,-0.13258261647959,-0.13258261647959));
#3133=CARTESIAN_POINT('Ctrl Pts',(0.472656172427018,-0.187500134360347,
-0.0776650985988333));
#3134=CARTESIAN_POINT('Ctrl Pts',(0.468749922427018,-0.187500134360347,
-2.29621439384098E-17));
#3135=CARTESIAN_POINT('Ctrl Pts',(0.464843672427018,-0.187500134360347,
0.0776650985988332));
#3136=CARTESIAN_POINT('Ctrl Pts',(0.460937422427018,-0.13258261647959,0.13258261647959));
#3137=CARTESIAN_POINT('Ctrl Pts',(0.457031172427018,-0.0776650985988334,
0.187500134360347));
#3138=CARTESIAN_POINT('Ctrl Pts',(0.453124922427018,-3.44432159076146E-17,
0.187500134360347));
#3139=CARTESIAN_POINT('Ctrl Pts',(0.449218672427018,0.0776650985988333,
0.187500134360347));
#3140=CARTESIAN_POINT('Ctrl Pts',(0.445312422427018,0.13258261647959,0.13258261647959));
#3141=CARTESIAN_POINT('Ctrl Pts',(0.441406172427018,0.187500134360347,0.0776650985988334));
#3142=CARTESIAN_POINT('Ctrl Pts',(0.437499922427018,0.187500134360347,0.));
#3143=CARTESIAN_POINT('Ctrl Pts',(0.433593672427018,0.187500134360347,-0.0776650985988333));
#3144=CARTESIAN_POINT('Ctrl Pts',(0.429687422427018,0.13258261647959,-0.13258261647959));
#3145=CARTESIAN_POINT('Ctrl Pts',(0.425781172427018,0.0776650985988333,
-0.187500134360347));
#3146=CARTESIAN_POINT('Ctrl Pts',(0.421874922427018,1.14810719692049E-17,
-0.187500134360347));
#3147=CARTESIAN_POINT('Ctrl Pts',(0.417968672427018,-0.0776650985988333,
-0.187500134360347));
#3148=CARTESIAN_POINT('Ctrl Pts',(0.414062422427018,-0.13258261647959,-0.13258261647959));
#3149=CARTESIAN_POINT('Ctrl Pts',(0.410156172427018,-0.187500134360347,
-0.0776650985988333));
#3150=CARTESIAN_POINT('Ctrl Pts',(0.406249922427018,-0.187500134360347,
-2.29621439384098E-17));
#3151=CARTESIAN_POINT('Ctrl Pts',(0.402343672427018,-0.187500134360347,
0.0776650985988332));
#3152=CARTESIAN_POINT('Ctrl Pts',(0.398437422427018,-0.13258261647959,0.13258261647959));
#3153=CARTESIAN_POINT('Ctrl Pts',(0.394531172427018,-0.0776650985988334,
0.187500134360347));
#3154=CARTESIAN_POINT('Ctrl Pts',(0.390624922427018,-3.44432159076146E-17,
0.187500134360347));
#3155=CARTESIAN_POINT('Ctrl Pts',(0.386718672427018,0.0776650985988333,
0.187500134360347));
#3156=CARTESIAN_POINT('Ctrl Pts',(0.382812422427018,0.13258261647959,0.13258261647959));
#3157=CARTESIAN_POINT('Ctrl Pts',(0.378906172427018,0.187500134360347,0.0776650985988334));
#3158=CARTESIAN_POINT('Ctrl Pts',(0.374999922427018,0.187500134360347,0.));
#3159=CARTESIAN_POINT('Ctrl Pts',(0.371093672427018,0.187500134360347,-0.0776650985988333));
#3160=CARTESIAN_POINT('Ctrl Pts',(0.367187422427018,0.13258261647959,-0.13258261647959));
#3161=CARTESIAN_POINT('Ctrl Pts',(0.363281172427018,0.0776650985988333,
-0.187500134360347));
#3162=CARTESIAN_POINT('Ctrl Pts',(0.359374922427018,1.14810719692049E-17,
-0.187500134360347));
#3163=CARTESIAN_POINT('Ctrl Pts',(0.355468672427018,-0.0776650985988333,
-0.187500134360347));
#3164=CARTESIAN_POINT('Ctrl Pts',(0.351562422427018,-0.13258261647959,-0.13258261647959));
#3165=CARTESIAN_POINT('Ctrl Pts',(0.347656172427018,-0.187500134360347,
-0.0776650985988333));
#3166=CARTESIAN_POINT('Ctrl Pts',(0.343749922427018,-0.187500134360347,
-2.29621439384098E-17));
#3167=CARTESIAN_POINT('Ctrl Pts',(0.339843672427018,-0.187500134360347,
0.0776650985988332));
#3168=CARTESIAN_POINT('Ctrl Pts',(0.335937422427018,-0.13258261647959,0.13258261647959));
#3169=CARTESIAN_POINT('Ctrl Pts',(0.332031172427018,-0.0776650985988334,
0.187500134360347));
#3170=CARTESIAN_POINT('Ctrl Pts',(0.328124922427018,-3.44432159076146E-17,
0.187500134360347));
#3171=CARTESIAN_POINT('Ctrl Pts',(0.324218672427018,0.0776650985988333,
0.187500134360347));
#3172=CARTESIAN_POINT('Ctrl Pts',(0.320312422427018,0.13258261647959,0.13258261647959));
#3173=CARTESIAN_POINT('Ctrl Pts',(0.316406172427018,0.187500134360347,0.0776650985988334));
#3174=CARTESIAN_POINT('Ctrl Pts',(0.312499922427018,0.187500134360347,0.));
#3175=CARTESIAN_POINT('Ctrl Pts',(0.308593672427018,0.187500134360347,-0.0776650985988333));
#3176=CARTESIAN_POINT('Ctrl Pts',(0.304687422427018,0.13258261647959,-0.13258261647959));
#3177=CARTESIAN_POINT('Ctrl Pts',(0.300781172427018,0.0776650985988333,
-0.187500134360347));
#3178=CARTESIAN_POINT('Ctrl Pts',(0.296874922427018,1.14810719692049E-17,
-0.187500134360347));
#3179=CARTESIAN_POINT('Ctrl Pts',(0.292968672427018,-0.0776650985988333,
-0.187500134360347));
#3180=CARTESIAN_POINT('Ctrl Pts',(0.289062422427018,-0.13258261647959,-0.13258261647959));
#3181=CARTESIAN_POINT('Ctrl Pts',(0.285156172427018,-0.187500134360347,
-0.0776650985988333));
#3182=CARTESIAN_POINT('Ctrl Pts',(0.281249922427018,-0.187500134360347,
-2.29621439384098E-17));
#3183=CARTESIAN_POINT('Ctrl Pts',(0.277343672427018,-0.187500134360347,
0.0776650985988332));
#3184=CARTESIAN_POINT('Ctrl Pts',(0.273437422427018,-0.13258261647959,0.13258261647959));
#3185=CARTESIAN_POINT('Ctrl Pts',(0.269531172427018,-0.0776650985988334,
0.187500134360347));
#3186=CARTESIAN_POINT('Ctrl Pts',(0.265624922427018,-3.44432159076146E-17,
0.187500134360347));
#3187=CARTESIAN_POINT('Ctrl Pts',(0.261718672427018,0.0776650985988333,
0.187500134360347));
#3188=CARTESIAN_POINT('Ctrl Pts',(0.257812422427018,0.13258261647959,0.13258261647959));
#3189=CARTESIAN_POINT('Ctrl Pts',(0.253906172427018,0.187500134360347,0.0776650985988334));
#3190=CARTESIAN_POINT('Ctrl Pts',(0.249999922427018,0.187500134360347,0.));
#3191=CARTESIAN_POINT('Ctrl Pts',(0.246093672427018,0.187500134360347,-0.0776650985988333));
#3192=CARTESIAN_POINT('Ctrl Pts',(0.242187422427018,0.13258261647959,-0.13258261647959));
#3193=CARTESIAN_POINT('Ctrl Pts',(0.238281172427018,0.0776650985988333,
-0.187500134360347));
#3194=CARTESIAN_POINT('Ctrl Pts',(0.234374922427018,1.14810719692049E-17,
-0.187500134360347));
#3195=CARTESIAN_POINT('Ctrl Pts',(0.230468672427018,-0.0776650985988333,
-0.187500134360347));
#3196=CARTESIAN_POINT('Ctrl Pts',(0.226562422427018,-0.13258261647959,-0.13258261647959));
#3197=CARTESIAN_POINT('Ctrl Pts',(0.222656172427018,-0.187500134360347,
-0.0776650985988333));
#3198=CARTESIAN_POINT('Ctrl Pts',(0.218749922427018,-0.187500134360347,
-2.29621439384098E-17));
#3199=CARTESIAN_POINT('Ctrl Pts',(0.214843672427018,-0.187500134360347,
0.0776650985988332));
#3200=CARTESIAN_POINT('Ctrl Pts',(0.210937422427018,-0.13258261647959,0.13258261647959));
#3201=CARTESIAN_POINT('Ctrl Pts',(0.207031172427018,-0.0776650985988334,
0.187500134360347));
#3202=CARTESIAN_POINT('Ctrl Pts',(0.203124922427018,-3.44432159076146E-17,
0.187500134360347));
#3203=CARTESIAN_POINT('Ctrl Pts',(0.199218672427018,0.0776650985988333,
0.187500134360347));
#3204=CARTESIAN_POINT('Ctrl Pts',(0.195312422427018,0.13258261647959,0.13258261647959));
#3205=CARTESIAN_POINT('Ctrl Pts',(0.191406172427018,0.187500134360347,0.0776650985988334));
#3206=CARTESIAN_POINT('Ctrl Pts',(0.187499922427018,0.187500134360347,0.));
#3207=CARTESIAN_POINT('Ctrl Pts',(0.183593672427018,0.187500134360347,-0.0776650985988333));
#3208=CARTESIAN_POINT('Ctrl Pts',(0.179687422427018,0.13258261647959,-0.13258261647959));
#3209=CARTESIAN_POINT('Ctrl Pts',(0.175781172427018,0.0776650985988333,
-0.187500134360347));
#3210=CARTESIAN_POINT('Ctrl Pts',(0.171874922427018,1.14810719692049E-17,
-0.187500134360347));
#3211=CARTESIAN_POINT('Ctrl Pts',(0.167968672427018,-0.0776650985988333,
-0.187500134360347));
#3212=CARTESIAN_POINT('Ctrl Pts',(0.164062422427018,-0.13258261647959,-0.13258261647959));
#3213=CARTESIAN_POINT('Ctrl Pts',(0.160156172427018,-0.187500134360347,
-0.0776650985988333));
#3214=CARTESIAN_POINT('Ctrl Pts',(0.156249922427018,-0.187500134360347,
-2.29621439384098E-17));
#3215=CARTESIAN_POINT('Ctrl Pts',(0.152343672427018,-0.187500134360347,
0.0776650985988332));
#3216=CARTESIAN_POINT('Ctrl Pts',(0.148437422427018,-0.13258261647959,0.13258261647959));
#3217=CARTESIAN_POINT('Ctrl Pts',(0.144531172427018,-0.0776650985988334,
0.187500134360347));
#3218=CARTESIAN_POINT('Ctrl Pts',(0.140624922427018,-3.44432159076146E-17,
0.187500134360347));
#3219=CARTESIAN_POINT('Ctrl Pts',(0.136718672427018,0.0776650985988333,
0.187500134360347));
#3220=CARTESIAN_POINT('Ctrl Pts',(0.132812422427018,0.13258261647959,0.13258261647959));
#3221=CARTESIAN_POINT('Ctrl Pts',(0.128906172427018,0.187500134360347,0.0776650985988334));
#3222=CARTESIAN_POINT('Ctrl Pts',(0.124999922427018,0.187500134360347,0.));
#3223=CARTESIAN_POINT('Ctrl Pts',(0.121093672427018,0.187500134360347,-0.0776650985988333));
#3224=CARTESIAN_POINT('Ctrl Pts',(0.117187422427018,0.13258261647959,-0.13258261647959));
#3225=CARTESIAN_POINT('Ctrl Pts',(0.113281172427018,0.0776650985988333,
-0.187500134360347));
#3226=CARTESIAN_POINT('Ctrl Pts',(0.109374922427018,1.14810719692049E-17,
-0.187500134360347));
#3227=CARTESIAN_POINT('Ctrl Pts',(0.105468672427018,-0.0776650985988333,
-0.187500134360347));
#3228=CARTESIAN_POINT('Ctrl Pts',(0.101562422427018,-0.13258261647959,-0.13258261647959));
#3229=CARTESIAN_POINT('Ctrl Pts',(0.0976561724270178,-0.187500134360347,
-0.0776650985988333));
#3230=CARTESIAN_POINT('Ctrl Pts',(0.0937499224270179,-0.187500134360347,
-2.29621439384098E-17));
#3231=CARTESIAN_POINT('Ctrl Pts',(0.0898436724270178,-0.187500134360347,
0.0776650985988332));
#3232=CARTESIAN_POINT('Ctrl Pts',(0.0859374224270178,-0.13258261647959,
0.13258261647959));
#3233=CARTESIAN_POINT('Ctrl Pts',(0.0820311724270179,-0.0776650985988334,
0.187500134360347));
#3234=CARTESIAN_POINT('Ctrl Pts',(0.0781249224270178,-3.44432159076146E-17,
0.187500134360347));
#3235=CARTESIAN_POINT('Ctrl Pts',(0.0742186724270178,0.0776650985988333,
0.187500134360347));
#3236=CARTESIAN_POINT('Ctrl Pts',(0.0703124224270179,0.13258261647959,0.13258261647959));
#3237=CARTESIAN_POINT('Ctrl Pts',(0.0664061724270178,0.187500134360347,
0.0776650985988334));
#3238=CARTESIAN_POINT('Ctrl Pts',(0.0624999224270178,0.187500134360347,
0.));
#3239=CARTESIAN_POINT('Ctrl Pts',(0.0585936724270178,0.187500134360347,
-0.0776650985988333));
#3240=CARTESIAN_POINT('Ctrl Pts',(0.0546874224270178,0.13258261647959,-0.13258261647959));
#3241=CARTESIAN_POINT('Ctrl Pts',(0.0507811724270177,0.0776650985988333,
-0.187500134360347));
#3242=CARTESIAN_POINT('Ctrl Pts',(0.0468749224270178,1.14810719692049E-17,
-0.187500134360347));
#3243=CARTESIAN_POINT('Ctrl Pts',(0.0429686724270178,-0.0776650985988333,
-0.187500134360347));
#3244=CARTESIAN_POINT('Ctrl Pts',(0.0390624224270177,-0.13258261647959,
-0.13258261647959));
#3245=CARTESIAN_POINT('Ctrl Pts',(0.0351561724270178,-0.187500134360347,
-0.0776650985988333));
#3246=CARTESIAN_POINT('Ctrl Pts',(0.0312499224270178,-0.187500134360347,
-2.29621439384098E-17));
#3247=CARTESIAN_POINT('Ctrl Pts',(0.0273436724270179,-0.187500134360347,
0.0776650985988332));
#3248=CARTESIAN_POINT('Ctrl Pts',(0.0234374224270178,-0.13258261647959,
0.13258261647959));
#3249=CARTESIAN_POINT('Ctrl Pts',(0.0195311724270178,-0.0776650985988334,
0.187500134360347));
#3250=CARTESIAN_POINT('Ctrl Pts',(0.0156249224270179,-3.44432159076146E-17,
0.187500134360347));
#3251=CARTESIAN_POINT('Ctrl Pts',(0.0117186724270178,0.0776650985988333,
0.187500134360347));
#3252=CARTESIAN_POINT('Ctrl Pts',(0.00781242242701777,0.13258261647959,
0.13258261647959));
#3253=CARTESIAN_POINT('Ctrl Pts',(0.00390617242701786,0.187500134360347,
0.0776650985988334));
#3254=CARTESIAN_POINT('Ctrl Pts',(-7.75729821892237E-8,0.187500134360347,
0.));
#3255=CARTESIAN_POINT('Ctrl Pts',(-0.00390632757298224,0.187500134360347,
-0.0776650985988333));
#3256=CARTESIAN_POINT('Ctrl Pts',(-0.00781257757298215,0.13258261647959,
-0.13258261647959));
#3257=CARTESIAN_POINT('Ctrl Pts',(-0.0117188275729822,0.0776650985988333,
-0.187500134360347));
#3258=CARTESIAN_POINT('Ctrl Pts',(-0.0156250775729822,1.14810719692049E-17,
-0.187500134360347));
#3259=CARTESIAN_POINT('Ctrl Pts',(-0.0195313275729822,-0.0776650985988333,
-0.187500134360347));
#3260=CARTESIAN_POINT('Ctrl Pts',(-0.0234375775729822,-0.13258261647959,
-0.13258261647959));
#3261=CARTESIAN_POINT('Ctrl Pts',(-0.0273438275729822,-0.187500134360347,
-0.0776650985988333));
#3262=CARTESIAN_POINT('Ctrl Pts',(-0.0312500775729822,-0.187500134360347,
-2.29621439384098E-17));
#3263=CARTESIAN_POINT('Ctrl Pts',(-0.0351563275729822,-0.187500134360347,
0.0776650985988332));
#3264=CARTESIAN_POINT('Ctrl Pts',(-0.0390625775729821,-0.13258261647959,
0.13258261647959));
#3265=CARTESIAN_POINT('Ctrl Pts',(-0.0429688275729822,-0.0776650985988334,
0.187500134360347));
#3266=CARTESIAN_POINT('Ctrl Pts',(-0.0468750775729822,-3.44432159076146E-17,
0.187500134360347));
#3267=CARTESIAN_POINT('Ctrl Pts',(-0.0507813275729821,0.0776650985988333,
0.187500134360347));
#3268=CARTESIAN_POINT('Ctrl Pts',(-0.0546875775729822,0.13258261647959,
0.13258261647959));
#3269=CARTESIAN_POINT('Ctrl Pts',(-0.0585938275729822,0.187500134360347,
0.0776650985988334));
#3270=CARTESIAN_POINT('Ctrl Pts',(-0.0625000775729821,0.187500134360347,
0.));
#3271=CARTESIAN_POINT('Ctrl Pts',(1.02343756031203,0.146904954734109,0.));
#3272=CARTESIAN_POINT('Ctrl Pts',(1.01953131031203,0.146904954734109,-0.0608500246306736));
#3273=CARTESIAN_POINT('Ctrl Pts',(1.01562506031203,0.103877489682391,-0.103877489682391));
#3274=CARTESIAN_POINT('Ctrl Pts',(1.01171881031203,0.0608500246306736,-0.146904954734109));
#3275=CARTESIAN_POINT('Ctrl Pts',(1.00781256031203,8.99533412970068E-18,
-0.146904954734109));
#3276=CARTESIAN_POINT('Ctrl Pts',(1.00390631031203,-0.0608500246306736,
-0.146904954734109));
#3277=CARTESIAN_POINT('Ctrl Pts',(1.00000006031203,-0.103877489682391,-0.103877489682391));
#3278=CARTESIAN_POINT('Ctrl Pts',(0.996093810312028,-0.146904954734109,
-0.0608500246306736));
#3279=CARTESIAN_POINT('Ctrl Pts',(0.992187560312028,-0.146904954734109,
-1.79906682594014E-17));
#3280=CARTESIAN_POINT('Ctrl Pts',(0.988281310312028,-0.146904954734109,
0.0608500246306736));
#3281=CARTESIAN_POINT('Ctrl Pts',(0.984375060312028,-0.103877489682391,
0.103877489682391));
#3282=CARTESIAN_POINT('Ctrl Pts',(0.980468810312028,-0.0608500246306737,
0.146904954734109));
#3283=CARTESIAN_POINT('Ctrl Pts',(0.976562560312028,-2.6986002389102E-17,
0.146904954734109));
#3284=CARTESIAN_POINT('Ctrl Pts',(0.972656310312028,0.0608500246306737,
0.146904954734109));
#3285=CARTESIAN_POINT('Ctrl Pts',(0.968750060312028,0.103877489682391,0.103877489682391));
#3286=CARTESIAN_POINT('Ctrl Pts',(0.964843810312028,0.146904954734109,0.0608500246306737));
#3287=CARTESIAN_POINT('Ctrl Pts',(0.960937560312028,0.146904954734109,0.));
#3288=CARTESIAN_POINT('Ctrl Pts',(0.957031310312028,0.146904954734109,-0.0608500246306736));
#3289=CARTESIAN_POINT('Ctrl Pts',(0.953125060312028,0.103877489682391,-0.103877489682391));
#3290=CARTESIAN_POINT('Ctrl Pts',(0.949218810312028,0.0608500246306736,
-0.146904954734109));
#3291=CARTESIAN_POINT('Ctrl Pts',(0.945312560312028,8.99533412970068E-18,
-0.146904954734109));
#3292=CARTESIAN_POINT('Ctrl Pts',(0.941406310312028,-0.0608500246306736,
-0.146904954734109));
#3293=CARTESIAN_POINT('Ctrl Pts',(0.937500060312028,-0.103877489682391,
-0.103877489682391));
#3294=CARTESIAN_POINT('Ctrl Pts',(0.933593810312028,-0.146904954734109,
-0.0608500246306736));
#3295=CARTESIAN_POINT('Ctrl Pts',(0.929687560312028,-0.146904954734109,
-1.79906682594014E-17));
#3296=CARTESIAN_POINT('Ctrl Pts',(0.925781310312028,-0.146904954734109,
0.0608500246306736));
#3297=CARTESIAN_POINT('Ctrl Pts',(0.921875060312028,-0.103877489682391,
0.103877489682391));
#3298=CARTESIAN_POINT('Ctrl Pts',(0.917968810312028,-0.0608500246306737,
0.146904954734109));
#3299=CARTESIAN_POINT('Ctrl Pts',(0.914062560312028,-2.6986002389102E-17,
0.146904954734109));
#3300=CARTESIAN_POINT('Ctrl Pts',(0.910156310312028,0.0608500246306737,
0.146904954734109));
#3301=CARTESIAN_POINT('Ctrl Pts',(0.906250060312028,0.103877489682391,0.103877489682391));
#3302=CARTESIAN_POINT('Ctrl Pts',(0.902343810312028,0.146904954734109,0.0608500246306737));
#3303=CARTESIAN_POINT('Ctrl Pts',(0.898437560312028,0.146904954734109,0.));
#3304=CARTESIAN_POINT('Ctrl Pts',(0.894531310312029,0.146904954734109,-0.0608500246306736));
#3305=CARTESIAN_POINT('Ctrl Pts',(0.890625060312028,0.103877489682391,-0.103877489682391));
#3306=CARTESIAN_POINT('Ctrl Pts',(0.886718810312028,0.0608500246306736,
-0.146904954734109));
#3307=CARTESIAN_POINT('Ctrl Pts',(0.882812560312028,8.99533412970068E-18,
-0.146904954734109));
#3308=CARTESIAN_POINT('Ctrl Pts',(0.878906310312028,-0.0608500246306736,
-0.146904954734109));
#3309=CARTESIAN_POINT('Ctrl Pts',(0.875000060312028,-0.103877489682391,
-0.103877489682391));
#3310=CARTESIAN_POINT('Ctrl Pts',(0.871093810312028,-0.146904954734109,
-0.0608500246306736));
#3311=CARTESIAN_POINT('Ctrl Pts',(0.867187560312028,-0.146904954734109,
-1.79906682594014E-17));
#3312=CARTESIAN_POINT('Ctrl Pts',(0.863281310312028,-0.146904954734109,
0.0608500246306736));
#3313=CARTESIAN_POINT('Ctrl Pts',(0.859375060312028,-0.103877489682391,
0.103877489682391));
#3314=CARTESIAN_POINT('Ctrl Pts',(0.855468810312028,-0.0608500246306737,
0.146904954734109));
#3315=CARTESIAN_POINT('Ctrl Pts',(0.851562560312028,-2.6986002389102E-17,
0.146904954734109));
#3316=CARTESIAN_POINT('Ctrl Pts',(0.847656310312028,0.0608500246306737,
0.146904954734109));
#3317=CARTESIAN_POINT('Ctrl Pts',(0.843750060312028,0.103877489682391,0.103877489682391));
#3318=CARTESIAN_POINT('Ctrl Pts',(0.839843810312028,0.146904954734109,0.0608500246306737));
#3319=CARTESIAN_POINT('Ctrl Pts',(0.835937560312028,0.146904954734109,0.));
#3320=CARTESIAN_POINT('Ctrl Pts',(0.832031310312028,0.146904954734109,-0.0608500246306736));
#3321=CARTESIAN_POINT('Ctrl Pts',(0.828125060312028,0.103877489682391,-0.103877489682391));
#3322=CARTESIAN_POINT('Ctrl Pts',(0.824218810312028,0.0608500246306736,
-0.146904954734109));
#3323=CARTESIAN_POINT('Ctrl Pts',(0.820312560312028,8.99533412970068E-18,
-0.146904954734109));
#3324=CARTESIAN_POINT('Ctrl Pts',(0.816406310312028,-0.0608500246306736,
-0.146904954734109));
#3325=CARTESIAN_POINT('Ctrl Pts',(0.812500060312028,-0.103877489682391,
-0.103877489682391));
#3326=CARTESIAN_POINT('Ctrl Pts',(0.808593810312028,-0.146904954734109,
-0.0608500246306736));
#3327=CARTESIAN_POINT('Ctrl Pts',(0.804687560312028,-0.146904954734109,
-1.79906682594014E-17));
#3328=CARTESIAN_POINT('Ctrl Pts',(0.800781310312028,-0.146904954734109,
0.0608500246306736));
#3329=CARTESIAN_POINT('Ctrl Pts',(0.796875060312028,-0.103877489682391,
0.103877489682391));
#3330=CARTESIAN_POINT('Ctrl Pts',(0.792968810312028,-0.0608500246306737,
0.146904954734109));
#3331=CARTESIAN_POINT('Ctrl Pts',(0.789062560312028,-2.6986002389102E-17,
0.146904954734109));
#3332=CARTESIAN_POINT('Ctrl Pts',(0.785156310312028,0.0608500246306737,
0.146904954734109));
#3333=CARTESIAN_POINT('Ctrl Pts',(0.781250060312028,0.103877489682391,0.103877489682391));
#3334=CARTESIAN_POINT('Ctrl Pts',(0.777343810312028,0.146904954734109,0.0608500246306737));
#3335=CARTESIAN_POINT('Ctrl Pts',(0.773437560312028,0.146904954734109,0.));
#3336=CARTESIAN_POINT('Ctrl Pts',(0.769531310312028,0.146904954734109,-0.0608500246306736));
#3337=CARTESIAN_POINT('Ctrl Pts',(0.765625060312028,0.103877489682391,-0.103877489682391));
#3338=CARTESIAN_POINT('Ctrl Pts',(0.761718810312028,0.0608500246306736,
-0.146904954734109));
#3339=CARTESIAN_POINT('Ctrl Pts',(0.757812560312028,8.99533412970068E-18,
-0.146904954734109));
#3340=CARTESIAN_POINT('Ctrl Pts',(0.753906310312028,-0.0608500246306736,
-0.146904954734109));
#3341=CARTESIAN_POINT('Ctrl Pts',(0.750000060312028,-0.103877489682391,
-0.103877489682391));
#3342=CARTESIAN_POINT('Ctrl Pts',(0.746093810312028,-0.146904954734109,
-0.0608500246306736));
#3343=CARTESIAN_POINT('Ctrl Pts',(0.742187560312028,-0.146904954734109,
-1.79906682594014E-17));
#3344=CARTESIAN_POINT('Ctrl Pts',(0.738281310312028,-0.146904954734109,
0.0608500246306736));
#3345=CARTESIAN_POINT('Ctrl Pts',(0.734375060312028,-0.103877489682391,
0.103877489682391));
#3346=CARTESIAN_POINT('Ctrl Pts',(0.730468810312028,-0.0608500246306737,
0.146904954734109));
#3347=CARTESIAN_POINT('Ctrl Pts',(0.726562560312028,-2.6986002389102E-17,
0.146904954734109));
#3348=CARTESIAN_POINT('Ctrl Pts',(0.722656310312028,0.0608500246306737,
0.146904954734109));
#3349=CARTESIAN_POINT('Ctrl Pts',(0.718750060312028,0.103877489682391,0.103877489682391));
#3350=CARTESIAN_POINT('Ctrl Pts',(0.714843810312028,0.146904954734109,0.0608500246306737));
#3351=CARTESIAN_POINT('Ctrl Pts',(0.710937560312028,0.146904954734109,0.));
#3352=CARTESIAN_POINT('Ctrl Pts',(0.707031310312028,0.146904954734109,-0.0608500246306736));
#3353=CARTESIAN_POINT('Ctrl Pts',(0.703125060312028,0.103877489682391,-0.103877489682391));
#3354=CARTESIAN_POINT('Ctrl Pts',(0.699218810312028,0.0608500246306736,
-0.146904954734109));
#3355=CARTESIAN_POINT('Ctrl Pts',(0.695312560312028,8.99533412970068E-18,
-0.146904954734109));
#3356=CARTESIAN_POINT('Ctrl Pts',(0.691406310312028,-0.0608500246306736,
-0.146904954734109));
#3357=CARTESIAN_POINT('Ctrl Pts',(0.687500060312028,-0.103877489682391,
-0.103877489682391));
#3358=CARTESIAN_POINT('Ctrl Pts',(0.683593810312028,-0.146904954734109,
-0.0608500246306736));
#3359=CARTESIAN_POINT('Ctrl Pts',(0.679687560312028,-0.146904954734109,
-1.79906682594014E-17));
#3360=CARTESIAN_POINT('Ctrl Pts',(0.675781310312028,-0.146904954734109,
0.0608500246306736));
#3361=CARTESIAN_POINT('Ctrl Pts',(0.671875060312028,-0.103877489682391,
0.103877489682391));
#3362=CARTESIAN_POINT('Ctrl Pts',(0.667968810312028,-0.0608500246306737,
0.146904954734109));
#3363=CARTESIAN_POINT('Ctrl Pts',(0.664062560312028,-2.6986002389102E-17,
0.146904954734109));
#3364=CARTESIAN_POINT('Ctrl Pts',(0.660156310312028,0.0608500246306737,
0.146904954734109));
#3365=CARTESIAN_POINT('Ctrl Pts',(0.656250060312028,0.103877489682391,0.103877489682391));
#3366=CARTESIAN_POINT('Ctrl Pts',(0.652343810312028,0.146904954734109,0.0608500246306737));
#3367=CARTESIAN_POINT('Ctrl Pts',(0.648437560312028,0.146904954734109,0.));
#3368=CARTESIAN_POINT('Ctrl Pts',(0.644531310312028,0.146904954734109,-0.0608500246306736));
#3369=CARTESIAN_POINT('Ctrl Pts',(0.640625060312028,0.103877489682391,-0.103877489682391));
#3370=CARTESIAN_POINT('Ctrl Pts',(0.636718810312028,0.0608500246306736,
-0.146904954734109));
#3371=CARTESIAN_POINT('Ctrl Pts',(0.632812560312028,8.99533412970068E-18,
-0.146904954734109));
#3372=CARTESIAN_POINT('Ctrl Pts',(0.628906310312028,-0.0608500246306736,
-0.146904954734109));
#3373=CARTESIAN_POINT('Ctrl Pts',(0.625000060312028,-0.103877489682391,
-0.103877489682391));
#3374=CARTESIAN_POINT('Ctrl Pts',(0.621093810312028,-0.146904954734109,
-0.0608500246306736));
#3375=CARTESIAN_POINT('Ctrl Pts',(0.617187560312028,-0.146904954734109,
-1.79906682594014E-17));
#3376=CARTESIAN_POINT('Ctrl Pts',(0.613281310312028,-0.146904954734109,
0.0608500246306736));
#3377=CARTESIAN_POINT('Ctrl Pts',(0.609375060312028,-0.103877489682391,
0.103877489682391));
#3378=CARTESIAN_POINT('Ctrl Pts',(0.605468810312028,-0.0608500246306737,
0.146904954734109));
#3379=CARTESIAN_POINT('Ctrl Pts',(0.601562560312028,-2.6986002389102E-17,
0.146904954734109));
#3380=CARTESIAN_POINT('Ctrl Pts',(0.597656310312028,0.0608500246306737,
0.146904954734109));
#3381=CARTESIAN_POINT('Ctrl Pts',(0.593750060312028,0.103877489682391,0.103877489682391));
#3382=CARTESIAN_POINT('Ctrl Pts',(0.589843810312028,0.146904954734109,0.0608500246306737));
#3383=CARTESIAN_POINT('Ctrl Pts',(0.585937560312028,0.146904954734109,0.));
#3384=CARTESIAN_POINT('Ctrl Pts',(0.582031310312028,0.146904954734109,-0.0608500246306736));
#3385=CARTESIAN_POINT('Ctrl Pts',(0.578125060312028,0.103877489682391,-0.103877489682391));
#3386=CARTESIAN_POINT('Ctrl Pts',(0.574218810312028,0.0608500246306736,
-0.146904954734109));
#3387=CARTESIAN_POINT('Ctrl Pts',(0.570312560312028,8.99533412970068E-18,
-0.146904954734109));
#3388=CARTESIAN_POINT('Ctrl Pts',(0.566406310312028,-0.0608500246306736,
-0.146904954734109));
#3389=CARTESIAN_POINT('Ctrl Pts',(0.562500060312028,-0.103877489682391,
-0.103877489682391));
#3390=CARTESIAN_POINT('Ctrl Pts',(0.558593810312028,-0.146904954734109,
-0.0608500246306736));
#3391=CARTESIAN_POINT('Ctrl Pts',(0.554687560312028,-0.146904954734109,
-1.79906682594014E-17));
#3392=CARTESIAN_POINT('Ctrl Pts',(0.550781310312028,-0.146904954734109,
0.0608500246306736));
#3393=CARTESIAN_POINT('Ctrl Pts',(0.546875060312028,-0.103877489682391,
0.103877489682391));
#3394=CARTESIAN_POINT('Ctrl Pts',(0.542968810312028,-0.0608500246306737,
0.146904954734109));
#3395=CARTESIAN_POINT('Ctrl Pts',(0.539062560312028,-2.6986002389102E-17,
0.146904954734109));
#3396=CARTESIAN_POINT('Ctrl Pts',(0.535156310312028,0.0608500246306737,
0.146904954734109));
#3397=CARTESIAN_POINT('Ctrl Pts',(0.531250060312028,0.103877489682391,0.103877489682391));
#3398=CARTESIAN_POINT('Ctrl Pts',(0.527343810312028,0.146904954734109,0.0608500246306737));
#3399=CARTESIAN_POINT('Ctrl Pts',(0.523437560312028,0.146904954734109,0.));
#3400=CARTESIAN_POINT('Ctrl Pts',(0.519531310312028,0.146904954734109,-0.0608500246306736));
#3401=CARTESIAN_POINT('Ctrl Pts',(0.515625060312028,0.103877489682391,-0.103877489682391));
#3402=CARTESIAN_POINT('Ctrl Pts',(0.511718810312028,0.0608500246306736,
-0.146904954734109));
#3403=CARTESIAN_POINT('Ctrl Pts',(0.507812560312028,8.99533412970068E-18,
-0.146904954734109));
#3404=CARTESIAN_POINT('Ctrl Pts',(0.503906310312028,-0.0608500246306736,
-0.146904954734109));
#3405=CARTESIAN_POINT('Ctrl Pts',(0.500000060312028,-0.103877489682391,
-0.103877489682391));
#3406=CARTESIAN_POINT('Ctrl Pts',(0.496093810312028,-0.146904954734109,
-0.0608500246306736));
#3407=CARTESIAN_POINT('Ctrl Pts',(0.492187560312028,-0.146904954734109,
-1.79906682594014E-17));
#3408=CARTESIAN_POINT('Ctrl Pts',(0.488281310312028,-0.146904954734109,
0.0608500246306736));
#3409=CARTESIAN_POINT('Ctrl Pts',(0.484375060312028,-0.103877489682391,
0.103877489682391));
#3410=CARTESIAN_POINT('Ctrl Pts',(0.480468810312028,-0.0608500246306737,
0.146904954734109));
#3411=CARTESIAN_POINT('Ctrl Pts',(0.476562560312028,-2.6986002389102E-17,
0.146904954734109));
#3412=CARTESIAN_POINT('Ctrl Pts',(0.472656310312028,0.0608500246306737,
0.146904954734109));
#3413=CARTESIAN_POINT('Ctrl Pts',(0.468750060312028,0.103877489682391,0.103877489682391));
#3414=CARTESIAN_POINT('Ctrl Pts',(0.464843810312028,0.146904954734109,0.0608500246306737));
#3415=CARTESIAN_POINT('Ctrl Pts',(0.460937560312028,0.146904954734109,0.));
#3416=CARTESIAN_POINT('Ctrl Pts',(0.457031310312028,0.146904954734109,-0.0608500246306736));
#3417=CARTESIAN_POINT('Ctrl Pts',(0.453125060312028,0.103877489682391,-0.103877489682391));
#3418=CARTESIAN_POINT('Ctrl Pts',(0.449218810312028,0.0608500246306736,
-0.146904954734109));
#3419=CARTESIAN_POINT('Ctrl Pts',(0.445312560312028,8.99533412970068E-18,
-0.146904954734109));
#3420=CARTESIAN_POINT('Ctrl Pts',(0.441406310312028,-0.0608500246306736,
-0.146904954734109));
#3421=CARTESIAN_POINT('Ctrl Pts',(0.437500060312028,-0.103877489682391,
-0.103877489682391));
#3422=CARTESIAN_POINT('Ctrl Pts',(0.433593810312028,-0.146904954734109,
-0.0608500246306736));
#3423=CARTESIAN_POINT('Ctrl Pts',(0.429687560312028,-0.146904954734109,
-1.79906682594014E-17));
#3424=CARTESIAN_POINT('Ctrl Pts',(0.425781310312028,-0.146904954734109,
0.0608500246306736));
#3425=CARTESIAN_POINT('Ctrl Pts',(0.421875060312028,-0.103877489682391,
0.103877489682391));
#3426=CARTESIAN_POINT('Ctrl Pts',(0.417968810312028,-0.0608500246306737,
0.146904954734109));
#3427=CARTESIAN_POINT('Ctrl Pts',(0.414062560312028,-2.6986002389102E-17,
0.146904954734109));
#3428=CARTESIAN_POINT('Ctrl Pts',(0.410156310312028,0.0608500246306737,
0.146904954734109));
#3429=CARTESIAN_POINT('Ctrl Pts',(0.406250060312028,0.103877489682391,0.103877489682391));
#3430=CARTESIAN_POINT('Ctrl Pts',(0.402343810312028,0.146904954734109,0.0608500246306737));
#3431=CARTESIAN_POINT('Ctrl Pts',(0.398437560312028,0.146904954734109,0.));
#3432=CARTESIAN_POINT('Ctrl Pts',(0.394531310312028,0.146904954734109,-0.0608500246306736));
#3433=CARTESIAN_POINT('Ctrl Pts',(0.390625060312028,0.103877489682391,-0.103877489682391));
#3434=CARTESIAN_POINT('Ctrl Pts',(0.386718810312028,0.0608500246306736,
-0.146904954734109));
#3435=CARTESIAN_POINT('Ctrl Pts',(0.382812560312028,8.99533412970068E-18,
-0.146904954734109));
#3436=CARTESIAN_POINT('Ctrl Pts',(0.378906310312028,-0.0608500246306736,
-0.146904954734109));
#3437=CARTESIAN_POINT('Ctrl Pts',(0.375000060312028,-0.103877489682391,
-0.103877489682391));
#3438=CARTESIAN_POINT('Ctrl Pts',(0.371093810312028,-0.146904954734109,
-0.0608500246306736));
#3439=CARTESIAN_POINT('Ctrl Pts',(0.367187560312028,-0.146904954734109,
-1.79906682594014E-17));
#3440=CARTESIAN_POINT('Ctrl Pts',(0.363281310312028,-0.146904954734109,
0.0608500246306736));
#3441=CARTESIAN_POINT('Ctrl Pts',(0.359375060312028,-0.103877489682391,
0.103877489682391));
#3442=CARTESIAN_POINT('Ctrl Pts',(0.355468810312028,-0.0608500246306737,
0.146904954734109));
#3443=CARTESIAN_POINT('Ctrl Pts',(0.351562560312028,-2.6986002389102E-17,
0.146904954734109));
#3444=CARTESIAN_POINT('Ctrl Pts',(0.347656310312028,0.0608500246306737,
0.146904954734109));
#3445=CARTESIAN_POINT('Ctrl Pts',(0.343750060312028,0.103877489682391,0.103877489682391));
#3446=CARTESIAN_POINT('Ctrl Pts',(0.339843810312028,0.146904954734109,0.0608500246306737));
#3447=CARTESIAN_POINT('Ctrl Pts',(0.335937560312028,0.146904954734109,0.));
#3448=CARTESIAN_POINT('Ctrl Pts',(0.332031310312028,0.146904954734109,-0.0608500246306736));
#3449=CARTESIAN_POINT('Ctrl Pts',(0.328125060312028,0.103877489682391,-0.103877489682391));
#3450=CARTESIAN_POINT('Ctrl Pts',(0.324218810312028,0.0608500246306736,
-0.146904954734109));
#3451=CARTESIAN_POINT('Ctrl Pts',(0.320312560312028,8.99533412970068E-18,
-0.146904954734109));
#3452=CARTESIAN_POINT('Ctrl Pts',(0.316406310312028,-0.0608500246306736,
-0.146904954734109));
#3453=CARTESIAN_POINT('Ctrl Pts',(0.312500060312028,-0.103877489682391,
-0.103877489682391));
#3454=CARTESIAN_POINT('Ctrl Pts',(0.308593810312028,-0.146904954734109,
-0.0608500246306736));
#3455=CARTESIAN_POINT('Ctrl Pts',(0.304687560312028,-0.146904954734109,
-1.79906682594014E-17));
#3456=CARTESIAN_POINT('Ctrl Pts',(0.300781310312028,-0.146904954734109,
0.0608500246306736));
#3457=CARTESIAN_POINT('Ctrl Pts',(0.296875060312028,-0.103877489682391,
0.103877489682391));
#3458=CARTESIAN_POINT('Ctrl Pts',(0.292968810312028,-0.0608500246306737,
0.146904954734109));
#3459=CARTESIAN_POINT('Ctrl Pts',(0.289062560312028,-2.6986002389102E-17,
0.146904954734109));
#3460=CARTESIAN_POINT('Ctrl Pts',(0.285156310312028,0.0608500246306737,
0.146904954734109));
#3461=CARTESIAN_POINT('Ctrl Pts',(0.281250060312028,0.103877489682391,0.103877489682391));
#3462=CARTESIAN_POINT('Ctrl Pts',(0.277343810312028,0.146904954734109,0.0608500246306737));
#3463=CARTESIAN_POINT('Ctrl Pts',(0.273437560312028,0.146904954734109,0.));
#3464=CARTESIAN_POINT('Ctrl Pts',(0.269531310312028,0.146904954734109,-0.0608500246306736));
#3465=CARTESIAN_POINT('Ctrl Pts',(0.265625060312028,0.103877489682391,-0.103877489682391));
#3466=CARTESIAN_POINT('Ctrl Pts',(0.261718810312028,0.0608500246306736,
-0.146904954734109));
#3467=CARTESIAN_POINT('Ctrl Pts',(0.257812560312028,8.99533412970068E-18,
-0.146904954734109));
#3468=CARTESIAN_POINT('Ctrl Pts',(0.253906310312028,-0.0608500246306736,
-0.146904954734109));
#3469=CARTESIAN_POINT('Ctrl Pts',(0.250000060312028,-0.103877489682391,
-0.103877489682391));
#3470=CARTESIAN_POINT('Ctrl Pts',(0.246093810312028,-0.146904954734109,
-0.0608500246306736));
#3471=CARTESIAN_POINT('Ctrl Pts',(0.242187560312028,-0.146904954734109,
-1.79906682594014E-17));
#3472=CARTESIAN_POINT('Ctrl Pts',(0.238281310312028,-0.146904954734109,
0.0608500246306736));
#3473=CARTESIAN_POINT('Ctrl Pts',(0.234375060312028,-0.103877489682391,
0.103877489682391));
#3474=CARTESIAN_POINT('Ctrl Pts',(0.230468810312028,-0.0608500246306737,
0.146904954734109));
#3475=CARTESIAN_POINT('Ctrl Pts',(0.226562560312028,-2.6986002389102E-17,
0.146904954734109));
#3476=CARTESIAN_POINT('Ctrl Pts',(0.222656310312028,0.0608500246306737,
0.146904954734109));
#3477=CARTESIAN_POINT('Ctrl Pts',(0.218750060312028,0.103877489682391,0.103877489682391));
#3478=CARTESIAN_POINT('Ctrl Pts',(0.214843810312028,0.146904954734109,0.0608500246306737));
#3479=CARTESIAN_POINT('Ctrl Pts',(0.210937560312028,0.146904954734109,0.));
#3480=CARTESIAN_POINT('Ctrl Pts',(0.207031310312028,0.146904954734109,-0.0608500246306736));
#3481=CARTESIAN_POINT('Ctrl Pts',(0.203125060312028,0.103877489682391,-0.103877489682391));
#3482=CARTESIAN_POINT('Ctrl Pts',(0.199218810312028,0.0608500246306736,
-0.146904954734109));
#3483=CARTESIAN_POINT('Ctrl Pts',(0.195312560312028,8.99533412970068E-18,
-0.146904954734109));
#3484=CARTESIAN_POINT('Ctrl Pts',(0.191406310312028,-0.0608500246306736,
-0.146904954734109));
#3485=CARTESIAN_POINT('Ctrl Pts',(0.187500060312028,-0.103877489682391,
-0.103877489682391));
#3486=CARTESIAN_POINT('Ctrl Pts',(0.183593810312028,-0.146904954734109,
-0.0608500246306736));
#3487=CARTESIAN_POINT('Ctrl Pts',(0.179687560312028,-0.146904954734109,
-1.79906682594014E-17));
#3488=CARTESIAN_POINT('Ctrl Pts',(0.175781310312028,-0.146904954734109,
0.0608500246306736));
#3489=CARTESIAN_POINT('Ctrl Pts',(0.171875060312028,-0.103877489682391,
0.103877489682391));
#3490=CARTESIAN_POINT('Ctrl Pts',(0.167968810312028,-0.0608500246306737,
0.146904954734109));
#3491=CARTESIAN_POINT('Ctrl Pts',(0.164062560312028,-2.6986002389102E-17,
0.146904954734109));
#3492=CARTESIAN_POINT('Ctrl Pts',(0.160156310312028,0.0608500246306737,
0.146904954734109));
#3493=CARTESIAN_POINT('Ctrl Pts',(0.156250060312028,0.103877489682391,0.103877489682391));
#3494=CARTESIAN_POINT('Ctrl Pts',(0.152343810312028,0.146904954734109,0.0608500246306737));
#3495=CARTESIAN_POINT('Ctrl Pts',(0.148437560312028,0.146904954734109,0.));
#3496=CARTESIAN_POINT('Ctrl Pts',(0.144531310312028,0.146904954734109,-0.0608500246306736));
#3497=CARTESIAN_POINT('Ctrl Pts',(0.140625060312028,0.103877489682391,-0.103877489682391));
#3498=CARTESIAN_POINT('Ctrl Pts',(0.136718810312028,0.0608500246306736,
-0.146904954734109));
#3499=CARTESIAN_POINT('Ctrl Pts',(0.132812560312028,8.99533412970068E-18,
-0.146904954734109));
#3500=CARTESIAN_POINT('Ctrl Pts',(0.128906310312028,-0.0608500246306736,
-0.146904954734109));
#3501=CARTESIAN_POINT('Ctrl Pts',(0.125000060312028,-0.103877489682391,
-0.103877489682391));
#3502=CARTESIAN_POINT('Ctrl Pts',(0.121093810312028,-0.146904954734109,
-0.0608500246306736));
#3503=CARTESIAN_POINT('Ctrl Pts',(0.117187560312028,-0.146904954734109,
-1.79906682594014E-17));
#3504=CARTESIAN_POINT('Ctrl Pts',(0.113281310312028,-0.146904954734109,
0.0608500246306736));
#3505=CARTESIAN_POINT('Ctrl Pts',(0.109375060312028,-0.103877489682391,
0.103877489682391));
#3506=CARTESIAN_POINT('Ctrl Pts',(0.105468810312028,-0.0608500246306737,
0.146904954734109));
#3507=CARTESIAN_POINT('Ctrl Pts',(0.101562560312028,-2.6986002389102E-17,
0.146904954734109));
#3508=CARTESIAN_POINT('Ctrl Pts',(0.0976563103120282,0.0608500246306737,
0.146904954734109));
#3509=CARTESIAN_POINT('Ctrl Pts',(0.0937500603120283,0.103877489682391,
0.103877489682391));
#3510=CARTESIAN_POINT('Ctrl Pts',(0.0898438103120282,0.146904954734109,
0.0608500246306737));
#3511=CARTESIAN_POINT('Ctrl Pts',(0.0859375603120282,0.146904954734109,
0.));
#3512=CARTESIAN_POINT('Ctrl Pts',(0.0820313103120283,0.146904954734109,
-0.0608500246306736));
#3513=CARTESIAN_POINT('Ctrl Pts',(0.0781250603120282,0.103877489682391,
-0.103877489682391));
#3514=CARTESIAN_POINT('Ctrl Pts',(0.0742188103120282,0.0608500246306736,
-0.146904954734109));
#3515=CARTESIAN_POINT('Ctrl Pts',(0.0703125603120282,8.99533412970068E-18,
-0.146904954734109));
#3516=CARTESIAN_POINT('Ctrl Pts',(0.0664063103120282,-0.0608500246306736,
-0.146904954734109));
#3517=CARTESIAN_POINT('Ctrl Pts',(0.0625000603120282,-0.103877489682391,
-0.103877489682391));
#3518=CARTESIAN_POINT('Ctrl Pts',(0.0585938103120282,-0.146904954734109,
-0.0608500246306736));
#3519=CARTESIAN_POINT('Ctrl Pts',(0.0546875603120282,-0.146904954734109,
-1.79906682594014E-17));
#3520=CARTESIAN_POINT('Ctrl Pts',(0.0507813103120283,-0.146904954734109,
0.0608500246306736));
#3521=CARTESIAN_POINT('Ctrl Pts',(0.0468750603120282,-0.103877489682391,
0.103877489682391));
#3522=CARTESIAN_POINT('Ctrl Pts',(0.0429688103120282,-0.0608500246306737,
0.146904954734109));
#3523=CARTESIAN_POINT('Ctrl Pts',(0.0390625603120283,-2.6986002389102E-17,
0.146904954734109));
#3524=CARTESIAN_POINT('Ctrl Pts',(0.0351563103120282,0.0608500246306737,
0.146904954734109));
#3525=CARTESIAN_POINT('Ctrl Pts',(0.0312500603120282,0.103877489682391,
0.103877489682391));
#3526=CARTESIAN_POINT('Ctrl Pts',(0.0273438103120283,0.146904954734109,
0.0608500246306737));
#3527=CARTESIAN_POINT('Ctrl Pts',(0.0234375603120282,0.146904954734109,
0.));
#3528=CARTESIAN_POINT('Ctrl Pts',(0.0195313103120282,0.146904954734109,
-0.0608500246306736));
#3529=CARTESIAN_POINT('Ctrl Pts',(0.0156250603120283,0.103877489682391,
-0.103877489682391));
#3530=CARTESIAN_POINT('Ctrl Pts',(0.0117188103120282,0.0608500246306736,
-0.146904954734109));
#3531=CARTESIAN_POINT('Ctrl Pts',(0.00781256031202817,8.99533412970068E-18,
-0.146904954734109));
#3532=CARTESIAN_POINT('Ctrl Pts',(0.00390631031202826,-0.0608500246306736,
-0.146904954734109));
#3533=CARTESIAN_POINT('Ctrl Pts',(6.0312028210338E-8,-0.103877489682391,
-0.103877489682391));
#3534=CARTESIAN_POINT('Ctrl Pts',(-0.00390618968797184,-0.146904954734109,
-0.0608500246306736));
#3535=CARTESIAN_POINT('Ctrl Pts',(-0.00781243968797175,-0.146904954734109,
-1.79906682594014E-17));
#3536=CARTESIAN_POINT('Ctrl Pts',(-0.0117186896879718,-0.146904954734109,
0.0608500246306736));
#3537=CARTESIAN_POINT('Ctrl Pts',(-0.0156249396879717,-0.103877489682391,
0.103877489682391));
#3538=CARTESIAN_POINT('Ctrl Pts',(-0.0195311896879718,-0.0608500246306737,
0.146904954734109));
#3539=CARTESIAN_POINT('Ctrl Pts',(-0.0234374396879718,-2.6986002389102E-17,
0.146904954734109));
#3540=CARTESIAN_POINT('Ctrl Pts',(-0.0273436896879717,0.0608500246306737,
0.146904954734109));
#3541=CARTESIAN_POINT('Ctrl Pts',(-0.0312499396879718,0.103877489682391,
0.103877489682391));
#3542=CARTESIAN_POINT('Ctrl Pts',(-0.0351561896879718,0.146904954734109,
0.0608500246306737));
#3543=CARTESIAN_POINT('Ctrl Pts',(-0.0390624396879717,0.146904954734109,
0.));
#3544=CARTESIAN_POINT('Ctrl Pts',(0.179687499999999,-0.146905059197608,
-1.79906810524903E-17));
#3545=CARTESIAN_POINT('Ctrl Pts',(0.175781249999999,-0.146905059197608,
0.0608500679008717));
#3546=CARTESIAN_POINT('Ctrl Pts',(0.171874999999999,-0.10387756354924,0.10387756354924));
#3547=CARTESIAN_POINT('Ctrl Pts',(0.167968749999999,-0.0608500679008718,
0.146905059197608));
#3548=CARTESIAN_POINT('Ctrl Pts',(0.164062499999999,-2.69860215787355E-17,
0.146905059197608));
#3549=CARTESIAN_POINT('Ctrl Pts',(0.160156249999999,0.0608500679008717,
0.146905059197608));
#3550=CARTESIAN_POINT('Ctrl Pts',(0.156249999999999,0.10387756354924,0.10387756354924));
#3551=CARTESIAN_POINT('Ctrl Pts',(0.152343749999999,0.146905059197608,0.0608500679008718));
#3552=CARTESIAN_POINT('Ctrl Pts',(0.148437499999999,0.146905059197608,0.));
#3553=CARTESIAN_POINT('Ctrl Pts',(0.144531249999999,0.146905059197608,-0.0608500679008717));
#3554=CARTESIAN_POINT('Ctrl Pts',(0.140624999999999,0.10387756354924,-0.10387756354924));
#3555=CARTESIAN_POINT('Ctrl Pts',(0.136718749999999,0.0608500679008717,
-0.146905059197608));
#3556=CARTESIAN_POINT('Ctrl Pts',(0.132812499999999,8.99534052624516E-18,
-0.146905059197608));
#3557=CARTESIAN_POINT('Ctrl Pts',(0.130483388697662,-0.0362820047093514,
-0.146905059197608));
#3558=CARTESIAN_POINT('Ctrl Pts',(0.127972936923804,-0.0683922800385157,
-0.130013816377284));
#3559=CARTESIAN_POINT('Ctrl Pts',(0.171875000046449,9.23512311258437E-10,
-0.1875));
#3560=CARTESIAN_POINT('Ctrl Pts',(0.17186520520282,-0.00019474261637972,
-0.187500000000959));
#3561=CARTESIAN_POINT('Ctrl Pts',(0.171855403361682,-0.000389499609829538,
-0.18749969660157));
#3562=CARTESIAN_POINT('Ctrl Pts',(0.170582265008276,-0.0256697257412131,
-0.187420920424328));
#3563=CARTESIAN_POINT('Ctrl Pts',(0.169227737768813,-0.0504834921489365,
-0.182309344325179));
#3564=CARTESIAN_POINT('Ctrl Pts',(0.166548980654654,-0.0957473613475083,
-0.163005649750237));
#3565=CARTESIAN_POINT('Ctrl Pts',(0.165253199747877,-0.115902303147437,
-0.149347140064675));
#3566=CARTESIAN_POINT('Ctrl Pts',(0.162775834423139,-0.150608318045968,
-0.114467242941528));
#3567=CARTESIAN_POINT('Ctrl Pts',(0.161421378413322,-0.164553552419887,
-0.0933139138022774));
#3568=CARTESIAN_POINT('Ctrl Pts',(0.15874244520786,-0.182938314387529,-0.0476659091633646));
#3569=CARTESIAN_POINT('Ctrl Pts',(0.157445871827653,-0.187546140454809,
-0.0237575118318884));
#3570=CARTESIAN_POINT('Ctrl Pts',(0.154968950980423,-0.187451293972884,
0.0254499634456244));
#3571=CARTESIAN_POINT('Ctrl Pts',(0.153614561337148,-0.182367994462685,
0.0502727066780303));
#3572=CARTESIAN_POINT('Ctrl Pts',(0.150935465556263,-0.163113735342371,
0.0955637861692364));
#3573=CARTESIAN_POINT('Ctrl Pts',(0.149638156504601,-0.149476300046503,
0.115736198604513));
#3574=CARTESIAN_POINT('Ctrl Pts',(0.147161647330832,-0.114630855580673,
0.150484294329117));
#3575=CARTESIAN_POINT('Ctrl Pts',(0.145807319475599,-0.0934901697543287,
0.164453900940434));
#3576=CARTESIAN_POINT('Ctrl Pts',(0.143128073605623,-0.0478567235016104,
0.182888817858157));
#3577=CARTESIAN_POINT('Ctrl Pts',(0.141830081930236,-0.023950683979411,
0.187521866560401));
#3578=CARTESIAN_POINT('Ctrl Pts',(0.139353953938387,0.0252617696202275,
0.187477095869551));
#3579=CARTESIAN_POINT('Ctrl Pts',(0.13799968356801,0.0500921744604233,0.182418018215842));
#3580=CARTESIAN_POINT('Ctrl Pts',(0.13532029914281,0.0954065332596217,0.163206105389533));
#3581=CARTESIAN_POINT('Ctrl Pts',(0.134021674337934,0.115593904631118,0.149586713653139));
#3582=CARTESIAN_POINT('Ctrl Pts',(0.131545899201898,0.150378006805435,0.11477077786956));
#3583=CARTESIAN_POINT('Ctrl Pts',(0.130191682278216,0.164368464234666,0.0936409343037097));
#3584=CARTESIAN_POINT('Ctrl Pts',(0.127512169950742,0.182846306492731,0.0480199705342795));
#3585=CARTESIAN_POINT('Ctrl Pts',(0.126212958154593,0.187500941805213,0.0241159483663633));
#3586=CARTESIAN_POINT('Ctrl Pts',(0.123737509573582,0.187499020027031,-0.0251007456172241));
#3587=CARTESIAN_POINT('Ctrl Pts',(0.122383342312482,0.182460672522106,-0.0499376871216612));
#3588=CARTESIAN_POINT('Ctrl Pts',(0.119704130039157,0.163287993439208,-0.0952648743027158));
#3589=CARTESIAN_POINT('Ctrl Pts',(0.118404703535737,0.149686629436932,-0.115466528755327));
#3590=CARTESIAN_POINT('Ctrl Pts',(0.115929033329553,0.114898608222025,-0.150278754977491));
#3591=CARTESIAN_POINT('Ctrl Pts',(0.114575495793576,0.0937830135828011,
-0.164288425219857));
#3592=CARTESIAN_POINT('Ctrl Pts',(0.111895927703502,0.0481767016859037,
-0.182804316832101));
#3593=CARTESIAN_POINT('Ctrl Pts',(0.110596337032364,0.0242753212042641,
-0.187481632128509));
#3594=CARTESIAN_POINT('Ctrl Pts',(0.109379771368676,9.48580956299745E-5,
-0.187499982004229));
#3595=CARTESIAN_POINT('Ctrl Pts',(0.10937738547287,4.74285703544024E-5,
-0.187500000000028));
#3596=CARTESIAN_POINT('Ctrl Pts',(0.109374999994366,-1.12013030667082E-10,
-0.1875));
#3597=CARTESIAN_POINT('Ctrl Pts',(0.993719940802407,-0.145075309614529,
-0.0231138693882462));
#3598=CARTESIAN_POINT('Ctrl Pts',(0.990823105530056,-0.150786621854597,
-0.00567799019410399));
#3599=CARTESIAN_POINT('Ctrl Pts',(0.988686019706347,-0.151984144805699,
0.00949976832826153));
#3600=CARTESIAN_POINT('Ctrl Pts',(0.984945136436089,-0.152515615882794,
0.0343993966335298));
#3601=CARTESIAN_POINT('Ctrl Pts',(0.982730753257507,-0.150804612343621,
0.0489571344577136));
#3602=CARTESIAN_POINT('Ctrl Pts',(0.977650685522094,-0.142204572084847,
0.0819069284076185));
#3603=CARTESIAN_POINT('Ctrl Pts',(0.974856508893776,-0.133851214880122,
0.0996830942054641));
#3604=CARTESIAN_POINT('Ctrl Pts',(0.97039859569675,-0.114279607484089,0.126928813245402));
#3605=CARTESIAN_POINT('Ctrl Pts',(0.967546030441969,-0.100196067554939,
0.143534017176813));
#3606=CARTESIAN_POINT('Ctrl Pts',(0.962136850052839,-0.0670523787717006,
0.165963057540651));
#3607=CARTESIAN_POINT('Ctrl Pts',(0.960318591138514,-0.0549384759808487,
0.172262630325246));
#3608=CARTESIAN_POINT('Ctrl Pts',(0.955989739854817,-0.0237925928908924,
0.184136650230554));
#3609=CARTESIAN_POINT('Ctrl Pts',(0.954116069061285,-0.00832817931592571,
0.186508930938716));
#3610=CARTESIAN_POINT('Ctrl Pts',(0.953125,-3.44431912260193E-17,0.1875));
#3611=CARTESIAN_POINT('Ctrl Pts',(1.03124938755298,0.146903998408261,0.));
#3612=CARTESIAN_POINT('Ctrl Pts',(1.02734313755298,0.146903998408261,-0.0608496285075373));
#3613=CARTESIAN_POINT('Ctrl Pts',(1.02343688755298,0.103876813457899,-0.103876813457899));
#3614=CARTESIAN_POINT('Ctrl Pts',(1.01953063755298,0.0608496285075373,-0.146903998408261));
#3615=CARTESIAN_POINT('Ctrl Pts',(1.01562438755298,8.99527557163124E-18,
-0.146903998408261));
#3616=CARTESIAN_POINT('Ctrl Pts',(1.01171813755298,-0.0608496285075373,
-0.146903998408261));
#3617=CARTESIAN_POINT('Ctrl Pts',(1.00781188755298,-0.103876813457899,-0.103876813457899));
#3618=CARTESIAN_POINT('Ctrl Pts',(1.00390563755298,-0.146903998408261,-0.0608496285075373));
#3619=CARTESIAN_POINT('Ctrl Pts',(0.999999387552984,-0.146903998408261,
-1.79905511432625E-17));
#3620=CARTESIAN_POINT('Ctrl Pts',(0.996093137552984,-0.146903998408261,
0.0608496285075373));
#3621=CARTESIAN_POINT('Ctrl Pts',(0.992186887552984,-0.103876813457899,
0.103876813457899));
#3622=CARTESIAN_POINT('Ctrl Pts',(0.988280637552984,-0.0608496285075373,
0.146903998408261));
#3623=CARTESIAN_POINT('Ctrl Pts',(0.984374387552984,-2.69858267148937E-17,
0.146903998408261));
#3624=CARTESIAN_POINT('Ctrl Pts',(0.980468137552984,0.0608496285075373,
0.146903998408261));
#3625=CARTESIAN_POINT('Ctrl Pts',(0.976561887552984,0.103876813457899,0.103876813457899));
#3626=CARTESIAN_POINT('Ctrl Pts',(0.972655637552984,0.146903998408261,0.0608496285075374));
#3627=CARTESIAN_POINT('Ctrl Pts',(0.968749387552984,0.146903998408261,0.));
#3628=CARTESIAN_POINT('Ctrl Pts',(0.964843137552984,0.146903998408261,-0.0608496285075373));
#3629=CARTESIAN_POINT('Ctrl Pts',(0.960936887552984,0.103876813457899,-0.103876813457899));
#3630=CARTESIAN_POINT('Ctrl Pts',(0.957030637552984,0.0608496285075373,
-0.146903998408261));
#3631=CARTESIAN_POINT('Ctrl Pts',(0.953124387552984,8.99527557163124E-18,
-0.146903998408261));
#3632=CARTESIAN_POINT('Ctrl Pts',(0.949218137552984,-0.0608496285075373,
-0.146903998408261));
#3633=CARTESIAN_POINT('Ctrl Pts',(0.945311887552984,-0.103876813457899,
-0.103876813457899));
#3634=CARTESIAN_POINT('Ctrl Pts',(0.941405637552984,-0.146903998408261,
-0.0608496285075373));
#3635=CARTESIAN_POINT('Ctrl Pts',(0.937499387552984,-0.146903998408261,
-1.79905511432625E-17));
#3636=CARTESIAN_POINT('Ctrl Pts',(0.933593137552984,-0.146903998408261,
0.0608496285075373));
#3637=CARTESIAN_POINT('Ctrl Pts',(0.929686887552984,-0.103876813457899,
0.103876813457899));
#3638=CARTESIAN_POINT('Ctrl Pts',(0.925780637552984,-0.0608496285075373,
0.146903998408261));
#3639=CARTESIAN_POINT('Ctrl Pts',(0.921874387552984,-2.69858267148937E-17,
0.146903998408261));
#3640=CARTESIAN_POINT('Ctrl Pts',(0.917968137552984,0.0608496285075373,
0.146903998408261));
#3641=CARTESIAN_POINT('Ctrl Pts',(0.914061887552984,0.103876813457899,0.103876813457899));
#3642=CARTESIAN_POINT('Ctrl Pts',(0.910155637552984,0.146903998408261,0.0608496285075374));
#3643=CARTESIAN_POINT('Ctrl Pts',(0.906249387552984,0.146903998408261,0.));
#3644=CARTESIAN_POINT('Ctrl Pts',(0.902343137552984,0.146903998408261,-0.0608496285075373));
#3645=CARTESIAN_POINT('Ctrl Pts',(0.898436887552984,0.103876813457899,-0.103876813457899));
#3646=CARTESIAN_POINT('Ctrl Pts',(0.894530637552984,0.0608496285075373,
-0.146903998408261));
#3647=CARTESIAN_POINT('Ctrl Pts',(0.890624387552984,8.99527557163124E-18,
-0.146903998408261));
#3648=CARTESIAN_POINT('Ctrl Pts',(0.886718137552984,-0.0608496285075373,
-0.146903998408261));
#3649=CARTESIAN_POINT('Ctrl Pts',(0.882811887552984,-0.103876813457899,
-0.103876813457899));
#3650=CARTESIAN_POINT('Ctrl Pts',(0.878905637552984,-0.146903998408261,
-0.0608496285075373));
#3651=CARTESIAN_POINT('Ctrl Pts',(0.874999387552984,-0.146903998408261,
-1.79905511432625E-17));
#3652=CARTESIAN_POINT('Ctrl Pts',(0.871093137552984,-0.146903998408261,
0.0608496285075373));
#3653=CARTESIAN_POINT('Ctrl Pts',(0.867186887552984,-0.103876813457899,
0.103876813457899));
#3654=CARTESIAN_POINT('Ctrl Pts',(0.863280637552984,-0.0608496285075373,
0.146903998408261));
#3655=CARTESIAN_POINT('Ctrl Pts',(0.859374387552984,-2.69858267148937E-17,
0.146903998408261));
#3656=CARTESIAN_POINT('Ctrl Pts',(0.855468137552984,0.0608496285075373,
0.146903998408261));
#3657=CARTESIAN_POINT('Ctrl Pts',(0.851561887552984,0.103876813457899,0.103876813457899));
#3658=CARTESIAN_POINT('Ctrl Pts',(0.847655637552984,0.146903998408261,0.0608496285075374));
#3659=CARTESIAN_POINT('Ctrl Pts',(0.843749387552984,0.146903998408261,0.));
#3660=CARTESIAN_POINT('Ctrl Pts',(0.839843137552984,0.146903998408261,-0.0608496285075373));
#3661=CARTESIAN_POINT('Ctrl Pts',(0.835936887552984,0.103876813457899,-0.103876813457899));
#3662=CARTESIAN_POINT('Ctrl Pts',(0.832030637552984,0.0608496285075373,
-0.146903998408261));
#3663=CARTESIAN_POINT('Ctrl Pts',(0.828124387552984,8.99527557163124E-18,
-0.146903998408261));
#3664=CARTESIAN_POINT('Ctrl Pts',(0.824218137552984,-0.0608496285075373,
-0.146903998408261));
#3665=CARTESIAN_POINT('Ctrl Pts',(0.820311887552984,-0.103876813457899,
-0.103876813457899));
#3666=CARTESIAN_POINT('Ctrl Pts',(0.816405637552984,-0.146903998408261,
-0.0608496285075373));
#3667=CARTESIAN_POINT('Ctrl Pts',(0.812499387552984,-0.146903998408261,
-1.79905511432625E-17));
#3668=CARTESIAN_POINT('Ctrl Pts',(0.808593137552984,-0.146903998408261,
0.0608496285075373));
#3669=CARTESIAN_POINT('Ctrl Pts',(0.804686887552984,-0.103876813457899,
0.103876813457899));
#3670=CARTESIAN_POINT('Ctrl Pts',(0.800780637552984,-0.0608496285075373,
0.146903998408261));
#3671=CARTESIAN_POINT('Ctrl Pts',(0.796874387552984,-2.69858267148937E-17,
0.146903998408261));
#3672=CARTESIAN_POINT('Ctrl Pts',(0.792968137552984,0.0608496285075373,
0.146903998408261));
#3673=CARTESIAN_POINT('Ctrl Pts',(0.789061887552984,0.103876813457899,0.103876813457899));
#3674=CARTESIAN_POINT('Ctrl Pts',(0.785155637552984,0.146903998408261,0.0608496285075374));
#3675=CARTESIAN_POINT('Ctrl Pts',(0.781249387552984,0.146903998408261,0.));
#3676=CARTESIAN_POINT('Ctrl Pts',(0.777343137552984,0.146903998408261,-0.0608496285075373));
#3677=CARTESIAN_POINT('Ctrl Pts',(0.773436887552984,0.103876813457899,-0.103876813457899));
#3678=CARTESIAN_POINT('Ctrl Pts',(0.769530637552984,0.0608496285075373,
-0.146903998408261));
#3679=CARTESIAN_POINT('Ctrl Pts',(0.765624387552984,8.99527557163124E-18,
-0.146903998408261));
#3680=CARTESIAN_POINT('Ctrl Pts',(0.761718137552984,-0.0608496285075373,
-0.146903998408261));
#3681=CARTESIAN_POINT('Ctrl Pts',(0.757811887552984,-0.103876813457899,
-0.103876813457899));
#3682=CARTESIAN_POINT('Ctrl Pts',(0.753905637552984,-0.146903998408261,
-0.0608496285075373));
#3683=CARTESIAN_POINT('Ctrl Pts',(0.749999387552984,-0.146903998408261,
-1.79905511432625E-17));
#3684=CARTESIAN_POINT('Ctrl Pts',(0.746093137552984,-0.146903998408261,
0.0608496285075373));
#3685=CARTESIAN_POINT('Ctrl Pts',(0.742186887552984,-0.103876813457899,
0.103876813457899));
#3686=CARTESIAN_POINT('Ctrl Pts',(0.738280637552984,-0.0608496285075373,
0.146903998408261));
#3687=CARTESIAN_POINT('Ctrl Pts',(0.734374387552984,-2.69858267148937E-17,
0.146903998408261));
#3688=CARTESIAN_POINT('Ctrl Pts',(0.730468137552984,0.0608496285075373,
0.146903998408261));
#3689=CARTESIAN_POINT('Ctrl Pts',(0.726561887552984,0.103876813457899,0.103876813457899));
#3690=CARTESIAN_POINT('Ctrl Pts',(0.722655637552984,0.146903998408261,0.0608496285075374));
#3691=CARTESIAN_POINT('Ctrl Pts',(0.718749387552984,0.146903998408261,0.));
#3692=CARTESIAN_POINT('Ctrl Pts',(0.714843137552984,0.146903998408261,-0.0608496285075373));
#3693=CARTESIAN_POINT('Ctrl Pts',(0.710936887552984,0.103876813457899,-0.103876813457899));
#3694=CARTESIAN_POINT('Ctrl Pts',(0.707030637552984,0.0608496285075373,
-0.146903998408261));
#3695=CARTESIAN_POINT('Ctrl Pts',(0.703124387552984,8.99527557163124E-18,
-0.146903998408261));
#3696=CARTESIAN_POINT('Ctrl Pts',(0.699218137552984,-0.0608496285075373,
-0.146903998408261));
#3697=CARTESIAN_POINT('Ctrl Pts',(0.695311887552984,-0.103876813457899,
-0.103876813457899));
#3698=CARTESIAN_POINT('Ctrl Pts',(0.691405637552984,-0.146903998408261,
-0.0608496285075373));
#3699=CARTESIAN_POINT('Ctrl Pts',(0.687499387552984,-0.146903998408261,
-1.79905511432625E-17));
#3700=CARTESIAN_POINT('Ctrl Pts',(0.683593137552984,-0.146903998408261,
0.0608496285075373));
#3701=CARTESIAN_POINT('Ctrl Pts',(0.679686887552984,-0.103876813457899,
0.103876813457899));
#3702=CARTESIAN_POINT('Ctrl Pts',(0.675780637552984,-0.0608496285075373,
0.146903998408261));
#3703=CARTESIAN_POINT('Ctrl Pts',(0.671874387552984,-2.69858267148937E-17,
0.146903998408261));
#3704=CARTESIAN_POINT('Ctrl Pts',(0.667968137552984,0.0608496285075373,
0.146903998408261));
#3705=CARTESIAN_POINT('Ctrl Pts',(0.664061887552984,0.103876813457899,0.103876813457899));
#3706=CARTESIAN_POINT('Ctrl Pts',(0.660155637552984,0.146903998408261,0.0608496285075374));
#3707=CARTESIAN_POINT('Ctrl Pts',(0.656249387552984,0.146903998408261,0.));
#3708=CARTESIAN_POINT('Ctrl Pts',(0.652343137552984,0.146903998408261,-0.0608496285075373));
#3709=CARTESIAN_POINT('Ctrl Pts',(0.648436887552984,0.103876813457899,-0.103876813457899));
#3710=CARTESIAN_POINT('Ctrl Pts',(0.644530637552984,0.0608496285075373,
-0.146903998408261));
#3711=CARTESIAN_POINT('Ctrl Pts',(0.640624387552984,8.99527557163124E-18,
-0.146903998408261));
#3712=CARTESIAN_POINT('Ctrl Pts',(0.636718137552984,-0.0608496285075373,
-0.146903998408261));
#3713=CARTESIAN_POINT('Ctrl Pts',(0.632811887552984,-0.103876813457899,
-0.103876813457899));
#3714=CARTESIAN_POINT('Ctrl Pts',(0.628905637552984,-0.146903998408261,
-0.0608496285075373));
#3715=CARTESIAN_POINT('Ctrl Pts',(0.624999387552984,-0.146903998408261,
-1.79905511432625E-17));
#3716=CARTESIAN_POINT('Ctrl Pts',(0.621093137552984,-0.146903998408261,
0.0608496285075373));
#3717=CARTESIAN_POINT('Ctrl Pts',(0.617186887552984,-0.103876813457899,
0.103876813457899));
#3718=CARTESIAN_POINT('Ctrl Pts',(0.613280637552984,-0.0608496285075373,
0.146903998408261));
#3719=CARTESIAN_POINT('Ctrl Pts',(0.609374387552984,-2.69858267148937E-17,
0.146903998408261));
#3720=CARTESIAN_POINT('Ctrl Pts',(0.605468137552984,0.0608496285075373,
0.146903998408261));
#3721=CARTESIAN_POINT('Ctrl Pts',(0.601561887552984,0.103876813457899,0.103876813457899));
#3722=CARTESIAN_POINT('Ctrl Pts',(0.597655637552984,0.146903998408261,0.0608496285075374));
#3723=CARTESIAN_POINT('Ctrl Pts',(0.593749387552984,0.146903998408261,0.));
#3724=CARTESIAN_POINT('Ctrl Pts',(0.589843137552984,0.146903998408261,-0.0608496285075373));
#3725=CARTESIAN_POINT('Ctrl Pts',(0.585936887552984,0.103876813457899,-0.103876813457899));
#3726=CARTESIAN_POINT('Ctrl Pts',(0.582030637552984,0.0608496285075373,
-0.146903998408261));
#3727=CARTESIAN_POINT('Ctrl Pts',(0.578124387552984,8.99527557163124E-18,
-0.146903998408261));
#3728=CARTESIAN_POINT('Ctrl Pts',(0.574218137552984,-0.0608496285075373,
-0.146903998408261));
#3729=CARTESIAN_POINT('Ctrl Pts',(0.570311887552984,-0.103876813457899,
-0.103876813457899));
#3730=CARTESIAN_POINT('Ctrl Pts',(0.566405637552984,-0.146903998408261,
-0.0608496285075373));
#3731=CARTESIAN_POINT('Ctrl Pts',(0.562499387552984,-0.146903998408261,
-1.79905511432625E-17));
#3732=CARTESIAN_POINT('Ctrl Pts',(0.558593137552984,-0.146903998408261,
0.0608496285075373));
#3733=CARTESIAN_POINT('Ctrl Pts',(0.554686887552984,-0.103876813457899,
0.103876813457899));
#3734=CARTESIAN_POINT('Ctrl Pts',(0.550780637552984,-0.0608496285075373,
0.146903998408261));
#3735=CARTESIAN_POINT('Ctrl Pts',(0.546874387552984,-2.69858267148937E-17,
0.146903998408261));
#3736=CARTESIAN_POINT('Ctrl Pts',(0.542968137552984,0.0608496285075373,
0.146903998408261));
#3737=CARTESIAN_POINT('Ctrl Pts',(0.539061887552984,0.103876813457899,0.103876813457899));
#3738=CARTESIAN_POINT('Ctrl Pts',(0.535155637552984,0.146903998408261,0.0608496285075374));
#3739=CARTESIAN_POINT('Ctrl Pts',(0.531249387552984,0.146903998408261,0.));
#3740=CARTESIAN_POINT('Ctrl Pts',(0.527343137552984,0.146903998408261,-0.0608496285075373));
#3741=CARTESIAN_POINT('Ctrl Pts',(0.523436887552984,0.103876813457899,-0.103876813457899));
#3742=CARTESIAN_POINT('Ctrl Pts',(0.519530637552984,0.0608496285075373,
-0.146903998408261));
#3743=CARTESIAN_POINT('Ctrl Pts',(0.515624387552984,8.99527557163124E-18,
-0.146903998408261));
#3744=CARTESIAN_POINT('Ctrl Pts',(0.511718137552984,-0.0608496285075373,
-0.146903998408261));
#3745=CARTESIAN_POINT('Ctrl Pts',(0.507811887552984,-0.103876813457899,
-0.103876813457899));
#3746=CARTESIAN_POINT('Ctrl Pts',(0.503905637552984,-0.146903998408261,
-0.0608496285075373));
#3747=CARTESIAN_POINT('Ctrl Pts',(0.499999387552984,-0.146903998408261,
-1.79905511432625E-17));
#3748=CARTESIAN_POINT('Ctrl Pts',(0.496093137552984,-0.146903998408261,
0.0608496285075373));
#3749=CARTESIAN_POINT('Ctrl Pts',(0.492186887552984,-0.103876813457899,
0.103876813457899));
#3750=CARTESIAN_POINT('Ctrl Pts',(0.488280637552984,-0.0608496285075373,
0.146903998408261));
#3751=CARTESIAN_POINT('Ctrl Pts',(0.484374387552984,-2.69858267148937E-17,
0.146903998408261));
#3752=CARTESIAN_POINT('Ctrl Pts',(0.480468137552984,0.0608496285075373,
0.146903998408261));
#3753=CARTESIAN_POINT('Ctrl Pts',(0.476561887552984,0.103876813457899,0.103876813457899));
#3754=CARTESIAN_POINT('Ctrl Pts',(0.472655637552984,0.146903998408261,0.0608496285075374));
#3755=CARTESIAN_POINT('Ctrl Pts',(0.468749387552984,0.146903998408261,0.));
#3756=CARTESIAN_POINT('Ctrl Pts',(0.464843137552984,0.146903998408261,-0.0608496285075373));
#3757=CARTESIAN_POINT('Ctrl Pts',(0.460936887552984,0.103876813457899,-0.103876813457899));
#3758=CARTESIAN_POINT('Ctrl Pts',(0.457030637552984,0.0608496285075373,
-0.146903998408261));
#3759=CARTESIAN_POINT('Ctrl Pts',(0.453124387552984,8.99527557163124E-18,
-0.146903998408261));
#3760=CARTESIAN_POINT('Ctrl Pts',(0.449218137552984,-0.0608496285075373,
-0.146903998408261));
#3761=CARTESIAN_POINT('Ctrl Pts',(0.445311887552984,-0.103876813457899,
-0.103876813457899));
#3762=CARTESIAN_POINT('Ctrl Pts',(0.441405637552984,-0.146903998408261,
-0.0608496285075373));
#3763=CARTESIAN_POINT('Ctrl Pts',(0.437499387552984,-0.146903998408261,
-1.79905511432625E-17));
#3764=CARTESIAN_POINT('Ctrl Pts',(0.433593137552984,-0.146903998408261,
0.0608496285075373));
#3765=CARTESIAN_POINT('Ctrl Pts',(0.429686887552984,-0.103876813457899,
0.103876813457899));
#3766=CARTESIAN_POINT('Ctrl Pts',(0.425780637552984,-0.0608496285075373,
0.146903998408261));
#3767=CARTESIAN_POINT('Ctrl Pts',(0.421874387552984,-2.69858267148937E-17,
0.146903998408261));
#3768=CARTESIAN_POINT('Ctrl Pts',(0.417968137552984,0.0608496285075373,
0.146903998408261));
#3769=CARTESIAN_POINT('Ctrl Pts',(0.414061887552984,0.103876813457899,0.103876813457899));
#3770=CARTESIAN_POINT('Ctrl Pts',(0.410155637552984,0.146903998408261,0.0608496285075374));
#3771=CARTESIAN_POINT('Ctrl Pts',(0.406249387552984,0.146903998408261,0.));
#3772=CARTESIAN_POINT('Ctrl Pts',(0.402343137552984,0.146903998408261,-0.0608496285075373));
#3773=CARTESIAN_POINT('Ctrl Pts',(0.398436887552984,0.103876813457899,-0.103876813457899));
#3774=CARTESIAN_POINT('Ctrl Pts',(0.394530637552984,0.0608496285075373,
-0.146903998408261));
#3775=CARTESIAN_POINT('Ctrl Pts',(0.390624387552984,8.99527557163124E-18,
-0.146903998408261));
#3776=CARTESIAN_POINT('Ctrl Pts',(0.386718137552984,-0.0608496285075373,
-0.146903998408261));
#3777=CARTESIAN_POINT('Ctrl Pts',(0.382811887552984,-0.103876813457899,
-0.103876813457899));
#3778=CARTESIAN_POINT('Ctrl Pts',(0.378905637552984,-0.146903998408261,
-0.0608496285075373));
#3779=CARTESIAN_POINT('Ctrl Pts',(0.374999387552984,-0.146903998408261,
-1.79905511432625E-17));
#3780=CARTESIAN_POINT('Ctrl Pts',(0.371093137552984,-0.146903998408261,
0.0608496285075373));
#3781=CARTESIAN_POINT('Ctrl Pts',(0.367186887552984,-0.103876813457899,
0.103876813457899));
#3782=CARTESIAN_POINT('Ctrl Pts',(0.363280637552984,-0.0608496285075373,
0.146903998408261));
#3783=CARTESIAN_POINT('Ctrl Pts',(0.359374387552984,-2.69858267148937E-17,
0.146903998408261));
#3784=CARTESIAN_POINT('Ctrl Pts',(0.355468137552984,0.0608496285075373,
0.146903998408261));
#3785=CARTESIAN_POINT('Ctrl Pts',(0.351561887552984,0.103876813457899,0.103876813457899));
#3786=CARTESIAN_POINT('Ctrl Pts',(0.347655637552984,0.146903998408261,0.0608496285075374));
#3787=CARTESIAN_POINT('Ctrl Pts',(0.343749387552984,0.146903998408261,0.));
#3788=CARTESIAN_POINT('Ctrl Pts',(0.339843137552984,0.146903998408261,-0.0608496285075373));
#3789=CARTESIAN_POINT('Ctrl Pts',(0.335936887552984,0.103876813457899,-0.103876813457899));
#3790=CARTESIAN_POINT('Ctrl Pts',(0.332030637552984,0.0608496285075373,
-0.146903998408261));
#3791=CARTESIAN_POINT('Ctrl Pts',(0.328124387552984,8.99527557163124E-18,
-0.146903998408261));
#3792=CARTESIAN_POINT('Ctrl Pts',(0.324218137552984,-0.0608496285075373,
-0.146903998408261));
#3793=CARTESIAN_POINT('Ctrl Pts',(0.320311887552984,-0.103876813457899,
-0.103876813457899));
#3794=CARTESIAN_POINT('Ctrl Pts',(0.316405637552984,-0.146903998408261,
-0.0608496285075373));
#3795=CARTESIAN_POINT('Ctrl Pts',(0.312499387552984,-0.146903998408261,
-1.79905511432625E-17));
#3796=CARTESIAN_POINT('Ctrl Pts',(0.308593137552984,-0.146903998408261,
0.0608496285075373));
#3797=CARTESIAN_POINT('Ctrl Pts',(0.304686887552984,-0.103876813457899,
0.103876813457899));
#3798=CARTESIAN_POINT('Ctrl Pts',(0.300780637552984,-0.0608496285075373,
0.146903998408261));
#3799=CARTESIAN_POINT('Ctrl Pts',(0.296874387552984,-2.69858267148937E-17,
0.146903998408261));
#3800=CARTESIAN_POINT('Ctrl Pts',(0.292968137552984,0.0608496285075373,
0.146903998408261));
#3801=CARTESIAN_POINT('Ctrl Pts',(0.289061887552984,0.103876813457899,0.103876813457899));
#3802=CARTESIAN_POINT('Ctrl Pts',(0.285155637552984,0.146903998408261,0.0608496285075374));
#3803=CARTESIAN_POINT('Ctrl Pts',(0.281249387552984,0.146903998408261,0.));
#3804=CARTESIAN_POINT('Ctrl Pts',(0.277343137552984,0.146903998408261,-0.0608496285075373));
#3805=CARTESIAN_POINT('Ctrl Pts',(0.273436887552984,0.103876813457899,-0.103876813457899));
#3806=CARTESIAN_POINT('Ctrl Pts',(0.269530637552984,0.0608496285075373,
-0.146903998408261));
#3807=CARTESIAN_POINT('Ctrl Pts',(0.265624387552984,8.99527557163124E-18,
-0.146903998408261));
#3808=CARTESIAN_POINT('Ctrl Pts',(0.261718137552984,-0.0608496285075373,
-0.146903998408261));
#3809=CARTESIAN_POINT('Ctrl Pts',(0.257811887552984,-0.103876813457899,
-0.103876813457899));
#3810=CARTESIAN_POINT('Ctrl Pts',(0.253905637552984,-0.146903998408261,
-0.0608496285075373));
#3811=CARTESIAN_POINT('Ctrl Pts',(0.249999387552984,-0.146903998408261,
-1.79905511432625E-17));
#3812=CARTESIAN_POINT('Ctrl Pts',(0.246093137552984,-0.146903998408261,
0.0608496285075373));
#3813=CARTESIAN_POINT('Ctrl Pts',(0.242186887552984,-0.103876813457899,
0.103876813457899));
#3814=CARTESIAN_POINT('Ctrl Pts',(0.238280637552984,-0.0608496285075373,
0.146903998408261));
#3815=CARTESIAN_POINT('Ctrl Pts',(0.234374387552984,-2.69858267148937E-17,
0.146903998408261));
#3816=CARTESIAN_POINT('Ctrl Pts',(0.230468137552984,0.0608496285075373,
0.146903998408261));
#3817=CARTESIAN_POINT('Ctrl Pts',(0.226561887552984,0.103876813457899,0.103876813457899));
#3818=CARTESIAN_POINT('Ctrl Pts',(0.222655637552984,0.146903998408261,0.0608496285075374));
#3819=CARTESIAN_POINT('Ctrl Pts',(0.218749387552984,0.146903998408261,0.));
#3820=CARTESIAN_POINT('Ctrl Pts',(0.214843137552984,0.146903998408261,-0.0608496285075373));
#3821=CARTESIAN_POINT('Ctrl Pts',(0.210936887552984,0.103876813457899,-0.103876813457899));
#3822=CARTESIAN_POINT('Ctrl Pts',(0.207030637552984,0.0608496285075373,
-0.146903998408261));
#3823=CARTESIAN_POINT('Ctrl Pts',(0.203124387552984,8.99527557163124E-18,
-0.146903998408261));
#3824=CARTESIAN_POINT('Ctrl Pts',(0.199218137552984,-0.0608496285075373,
-0.146903998408261));
#3825=CARTESIAN_POINT('Ctrl Pts',(0.195311887552984,-0.103876813457899,
-0.103876813457899));
#3826=CARTESIAN_POINT('Ctrl Pts',(0.191405637552984,-0.146903998408261,
-0.0608496285075373));
#3827=CARTESIAN_POINT('Ctrl Pts',(0.187499387552984,-0.146903998408261,
-1.79905511432625E-17));
#3828=CARTESIAN_POINT('Ctrl Pts',(0.183593137552984,-0.146903998408261,
0.0608496285075373));
#3829=CARTESIAN_POINT('Ctrl Pts',(0.179686887552984,-0.103876813457899,
0.103876813457899));
#3830=CARTESIAN_POINT('Ctrl Pts',(0.175780637552984,-0.0608496285075373,
0.146903998408261));
#3831=CARTESIAN_POINT('Ctrl Pts',(0.171874387552984,-2.69858267148937E-17,
0.146903998408261));
#3832=CARTESIAN_POINT('Ctrl Pts',(0.167968137552984,0.0608496285075373,
0.146903998408261));
#3833=CARTESIAN_POINT('Ctrl Pts',(0.164061887552984,0.103876813457899,0.103876813457899));
#3834=CARTESIAN_POINT('Ctrl Pts',(0.160155637552984,0.146903998408261,0.0608496285075374));
#3835=CARTESIAN_POINT('Ctrl Pts',(0.156249387552984,0.146903998408261,0.));
#3836=CARTESIAN_POINT('Ctrl Pts',(0.152343137552984,0.146903998408261,-0.0608496285075373));
#3837=CARTESIAN_POINT('Ctrl Pts',(0.148436887552984,0.103876813457899,-0.103876813457899));
#3838=CARTESIAN_POINT('Ctrl Pts',(0.144530637552984,0.0608496285075373,
-0.146903998408261));
#3839=CARTESIAN_POINT('Ctrl Pts',(0.140624387552984,8.99527557163124E-18,
-0.146903998408261));
#3840=CARTESIAN_POINT('Ctrl Pts',(0.136718137552984,-0.0608496285075373,
-0.146903998408261));
#3841=CARTESIAN_POINT('Ctrl Pts',(0.132811887552984,-0.103876813457899,
-0.103876813457899));
#3842=CARTESIAN_POINT('Ctrl Pts',(0.128905637552984,-0.146903998408261,
-0.0608496285075373));
#3843=CARTESIAN_POINT('Ctrl Pts',(0.124999387552984,-0.146903998408261,
-1.79905511432625E-17));
#3844=CARTESIAN_POINT('Ctrl Pts',(0.121093137552984,-0.146903998408261,
0.0608496285075373));
#3845=CARTESIAN_POINT('Ctrl Pts',(0.117186887552984,-0.103876813457899,
0.103876813457899));
#3846=CARTESIAN_POINT('Ctrl Pts',(0.113280637552984,-0.0608496285075373,
0.146903998408261));
#3847=CARTESIAN_POINT('Ctrl Pts',(0.109374387552984,-2.69858267148937E-17,
0.146903998408261));
#3848=CARTESIAN_POINT('Ctrl Pts',(0.105468137552984,0.0608496285075373,
0.146903998408261));
#3849=CARTESIAN_POINT('Ctrl Pts',(0.101561887552984,0.103876813457899,0.103876813457899));
#3850=CARTESIAN_POINT('Ctrl Pts',(0.0976556375529841,0.146903998408261,
0.0608496285075374));
#3851=CARTESIAN_POINT('Ctrl Pts',(0.0937493875529841,0.146903998408261,
0.));
#3852=CARTESIAN_POINT('Ctrl Pts',(0.0898431375529842,0.146903998408261,
-0.0608496285075373));
#3853=CARTESIAN_POINT('Ctrl Pts',(0.0859368875529841,0.103876813457899,
-0.103876813457899));
#3854=CARTESIAN_POINT('Ctrl Pts',(0.0820306375529841,0.0608496285075373,
-0.146903998408261));
#3855=CARTESIAN_POINT('Ctrl Pts',(0.0781243875529842,8.99527557163124E-18,
-0.146903998408261));
#3856=CARTESIAN_POINT('Ctrl Pts',(0.0742181375529841,-0.0608496285075373,
-0.146903998408261));
#3857=CARTESIAN_POINT('Ctrl Pts',(0.0703118875529841,-0.103876813457899,
-0.103876813457899));
#3858=CARTESIAN_POINT('Ctrl Pts',(0.0664056375529842,-0.146903998408261,
-0.0608496285075373));
#3859=CARTESIAN_POINT('Ctrl Pts',(0.0624993875529841,-0.146903998408261,
-1.79905511432625E-17));
#3860=CARTESIAN_POINT('Ctrl Pts',(0.0585931375529842,-0.146903998408261,
0.0608496285075373));
#3861=CARTESIAN_POINT('Ctrl Pts',(0.0546868875529842,-0.103876813457899,
0.103876813457899));
#3862=CARTESIAN_POINT('Ctrl Pts',(0.0507806375529841,-0.0608496285075373,
0.146903998408261));
#3863=CARTESIAN_POINT('Ctrl Pts',(0.0468743875529842,-2.69858267148937E-17,
0.146903998408261));
#3864=CARTESIAN_POINT('Ctrl Pts',(0.0429681375529842,0.0608496285075373,
0.146903998408261));
#3865=CARTESIAN_POINT('Ctrl Pts',(0.0390618875529841,0.103876813457899,
0.103876813457899));
#3866=CARTESIAN_POINT('Ctrl Pts',(0.0351556375529842,0.146903998408261,
0.0608496285075374));
#3867=CARTESIAN_POINT('Ctrl Pts',(0.0312493875529842,0.146903998408261,
0.));
#3868=CARTESIAN_POINT('Ctrl Pts',(0.0273431375529841,0.146903998408261,
-0.0608496285075373));
#3869=CARTESIAN_POINT('Ctrl Pts',(0.0234368875529842,0.103876813457899,
-0.103876813457899));
#3870=CARTESIAN_POINT('Ctrl Pts',(0.0195306375529842,0.0608496285075373,
-0.146903998408261));
#3871=CARTESIAN_POINT('Ctrl Pts',(0.0156243875529841,8.99527557163124E-18,
-0.146903998408261));
#3872=CARTESIAN_POINT('Ctrl Pts',(0.0117181375529842,-0.0608496285075373,
-0.146903998408261));
#3873=CARTESIAN_POINT('Ctrl Pts',(0.00781188755298414,-0.103876813457899,
-0.103876813457899));
#3874=CARTESIAN_POINT('Ctrl Pts',(0.00390563755298409,-0.146903998408261,
-0.0608496285075373));
#3875=CARTESIAN_POINT('Ctrl Pts',(-6.12447015818416E-7,-0.146903998408261,
-1.79905511432625E-17));
#3876=CARTESIAN_POINT('Ctrl Pts',(-0.00390686244701587,-0.146903998408261,
0.0608496285075373));
#3877=CARTESIAN_POINT('Ctrl Pts',(-0.00781311244701578,-0.103876813457899,
0.103876813457899));
#3878=CARTESIAN_POINT('Ctrl Pts',(-0.0117193624470158,-0.0608496285075373,
0.146903998408261));
#3879=CARTESIAN_POINT('Ctrl Pts',(-0.0156256124470159,-2.69858267148937E-17,
0.146903998408261));
#3880=CARTESIAN_POINT('Ctrl Pts',(-0.0195318624470158,0.0608496285075373,
0.146903998408261));
#3881=CARTESIAN_POINT('Ctrl Pts',(-0.0234381124470158,0.103876813457899,
0.103876813457899));
#3882=CARTESIAN_POINT('Ctrl Pts',(-0.0273443624470159,0.146903998408261,
0.0608496285075374));
#3883=CARTESIAN_POINT('Ctrl Pts',(-0.0312506124470158,0.146903998408261,
0.));
#3884=CARTESIAN_POINT('Ctrl Pts',(1.05468796252751,0.187500801121153,0.));
#3885=CARTESIAN_POINT('Ctrl Pts',(1.05078171252751,0.187500801121153,-0.0776653747802019));
#3886=CARTESIAN_POINT('Ctrl Pts',(1.04687546252751,0.132583087950677,-0.132583087950677));
#3887=CARTESIAN_POINT('Ctrl Pts',(1.04296921252751,0.0776653747802019,-0.187500801121153));
#3888=CARTESIAN_POINT('Ctrl Pts',(1.03906296252751,1.14811127965292E-17,
-0.187500801121153));
#3889=CARTESIAN_POINT('Ctrl Pts',(1.03515671252751,-0.0776653747802019,
-0.187500801121153));
#3890=CARTESIAN_POINT('Ctrl Pts',(1.03125046252751,-0.132583087950677,-0.132583087950677));
#3891=CARTESIAN_POINT('Ctrl Pts',(1.02734421252751,-0.187500801121153,-0.0776653747802019));
#3892=CARTESIAN_POINT('Ctrl Pts',(1.02343796252751,-0.187500801121153,-2.29622255930584E-17));
#3893=CARTESIAN_POINT('Ctrl Pts',(1.01953171252751,-0.187500801121153,0.0776653747802018));
#3894=CARTESIAN_POINT('Ctrl Pts',(1.01562546252751,-0.132583087950677,0.132583087950677));
#3895=CARTESIAN_POINT('Ctrl Pts',(1.01171921252751,-0.077665374780202,0.187500801121153));
#3896=CARTESIAN_POINT('Ctrl Pts',(1.00781296252751,-3.44433383895876E-17,
0.187500801121153));
#3897=CARTESIAN_POINT('Ctrl Pts',(1.00390671252751,0.0776653747802019,0.187500801121153));
#3898=CARTESIAN_POINT('Ctrl Pts',(1.00000046252751,0.132583087950677,0.132583087950677));
#3899=CARTESIAN_POINT('Ctrl Pts',(0.996094212527511,0.187500801121153,0.077665374780202));
#3900=CARTESIAN_POINT('Ctrl Pts',(0.992187962527511,0.187500801121153,0.));
#3901=CARTESIAN_POINT('Ctrl Pts',(0.988281712527511,0.187500801121153,-0.0776653747802019));
#3902=CARTESIAN_POINT('Ctrl Pts',(0.984375462527511,0.132583087950677,-0.132583087950677));
#3903=CARTESIAN_POINT('Ctrl Pts',(0.980469212527511,0.0776653747802019,
-0.187500801121153));
#3904=CARTESIAN_POINT('Ctrl Pts',(0.976562962527511,1.14811127965292E-17,
-0.187500801121153));
#3905=CARTESIAN_POINT('Ctrl Pts',(0.972656712527511,-0.0776653747802019,
-0.187500801121153));
#3906=CARTESIAN_POINT('Ctrl Pts',(0.968750462527511,-0.132583087950677,
-0.132583087950677));
#3907=CARTESIAN_POINT('Ctrl Pts',(0.964844212527511,-0.187500801121153,
-0.0776653747802019));
#3908=CARTESIAN_POINT('Ctrl Pts',(0.960937962527511,-0.187500801121153,
-2.29622255930584E-17));
#3909=CARTESIAN_POINT('Ctrl Pts',(0.957031712527511,-0.187500801121153,
0.0776653747802018));
#3910=CARTESIAN_POINT('Ctrl Pts',(0.953125462527511,-0.132583087950677,
0.132583087950677));
#3911=CARTESIAN_POINT('Ctrl Pts',(0.949219212527511,-0.077665374780202,
0.187500801121153));
#3912=CARTESIAN_POINT('Ctrl Pts',(0.945312962527511,-3.44433383895876E-17,
0.187500801121153));
#3913=CARTESIAN_POINT('Ctrl Pts',(0.941406712527511,0.0776653747802019,
0.187500801121153));
#3914=CARTESIAN_POINT('Ctrl Pts',(0.937500462527511,0.132583087950677,0.132583087950677));
#3915=CARTESIAN_POINT('Ctrl Pts',(0.933594212527511,0.187500801121153,0.077665374780202));
#3916=CARTESIAN_POINT('Ctrl Pts',(0.929687962527511,0.187500801121153,0.));
#3917=CARTESIAN_POINT('Ctrl Pts',(0.925781712527511,0.187500801121153,-0.0776653747802019));
#3918=CARTESIAN_POINT('Ctrl Pts',(0.921875462527511,0.132583087950677,-0.132583087950677));
#3919=CARTESIAN_POINT('Ctrl Pts',(0.917969212527511,0.0776653747802019,
-0.187500801121153));
#3920=CARTESIAN_POINT('Ctrl Pts',(0.914062962527511,1.14811127965292E-17,
-0.187500801121153));
#3921=CARTESIAN_POINT('Ctrl Pts',(0.910156712527511,-0.0776653747802019,
-0.187500801121153));
#3922=CARTESIAN_POINT('Ctrl Pts',(0.906250462527511,-0.132583087950677,
-0.132583087950677));
#3923=CARTESIAN_POINT('Ctrl Pts',(0.902344212527511,-0.187500801121153,
-0.0776653747802019));
#3924=CARTESIAN_POINT('Ctrl Pts',(0.898437962527511,-0.187500801121153,
-2.29622255930584E-17));
#3925=CARTESIAN_POINT('Ctrl Pts',(0.894531712527511,-0.187500801121153,
0.0776653747802018));
#3926=CARTESIAN_POINT('Ctrl Pts',(0.890625462527511,-0.132583087950677,
0.132583087950677));
#3927=CARTESIAN_POINT('Ctrl Pts',(0.886719212527511,-0.077665374780202,
0.187500801121153));
#3928=CARTESIAN_POINT('Ctrl Pts',(0.882812962527511,-3.44433383895876E-17,
0.187500801121153));
#3929=CARTESIAN_POINT('Ctrl Pts',(0.878906712527511,0.0776653747802019,
0.187500801121153));
#3930=CARTESIAN_POINT('Ctrl Pts',(0.875000462527511,0.132583087950677,0.132583087950677));
#3931=CARTESIAN_POINT('Ctrl Pts',(0.871094212527511,0.187500801121153,0.077665374780202));
#3932=CARTESIAN_POINT('Ctrl Pts',(0.867187962527511,0.187500801121153,0.));
#3933=CARTESIAN_POINT('Ctrl Pts',(0.863281712527511,0.187500801121153,-0.0776653747802019));
#3934=CARTESIAN_POINT('Ctrl Pts',(0.859375462527511,0.132583087950677,-0.132583087950677));
#3935=CARTESIAN_POINT('Ctrl Pts',(0.855469212527511,0.0776653747802019,
-0.187500801121153));
#3936=CARTESIAN_POINT('Ctrl Pts',(0.851562962527511,1.14811127965292E-17,
-0.187500801121153));
#3937=CARTESIAN_POINT('Ctrl Pts',(0.847656712527511,-0.0776653747802019,
-0.187500801121153));
#3938=CARTESIAN_POINT('Ctrl Pts',(0.843750462527511,-0.132583087950677,
-0.132583087950677));
#3939=CARTESIAN_POINT('Ctrl Pts',(0.839844212527511,-0.187500801121153,
-0.0776653747802019));
#3940=CARTESIAN_POINT('Ctrl Pts',(0.835937962527511,-0.187500801121153,
-2.29622255930584E-17));
#3941=CARTESIAN_POINT('Ctrl Pts',(0.832031712527511,-0.187500801121153,
0.0776653747802018));
#3942=CARTESIAN_POINT('Ctrl Pts',(0.828125462527511,-0.132583087950677,
0.132583087950677));
#3943=CARTESIAN_POINT('Ctrl Pts',(0.824219212527511,-0.077665374780202,
0.187500801121153));
#3944=CARTESIAN_POINT('Ctrl Pts',(0.820312962527511,-3.44433383895876E-17,
0.187500801121153));
#3945=CARTESIAN_POINT('Ctrl Pts',(0.816406712527511,0.0776653747802019,
0.187500801121153));
#3946=CARTESIAN_POINT('Ctrl Pts',(0.812500462527511,0.132583087950677,0.132583087950677));
#3947=CARTESIAN_POINT('Ctrl Pts',(0.808594212527511,0.187500801121153,0.077665374780202));
#3948=CARTESIAN_POINT('Ctrl Pts',(0.804687962527511,0.187500801121153,0.));
#3949=CARTESIAN_POINT('Ctrl Pts',(0.800781712527511,0.187500801121153,-0.0776653747802019));
#3950=CARTESIAN_POINT('Ctrl Pts',(0.796875462527511,0.132583087950677,-0.132583087950677));
#3951=CARTESIAN_POINT('Ctrl Pts',(0.792969212527511,0.0776653747802019,
-0.187500801121153));
#3952=CARTESIAN_POINT('Ctrl Pts',(0.789062962527511,1.14811127965292E-17,
-0.187500801121153));
#3953=CARTESIAN_POINT('Ctrl Pts',(0.785156712527511,-0.0776653747802019,
-0.187500801121153));
#3954=CARTESIAN_POINT('Ctrl Pts',(0.781250462527511,-0.132583087950677,
-0.132583087950677));
#3955=CARTESIAN_POINT('Ctrl Pts',(0.777344212527511,-0.187500801121153,
-0.0776653747802019));
#3956=CARTESIAN_POINT('Ctrl Pts',(0.773437962527511,-0.187500801121153,
-2.29622255930584E-17));
#3957=CARTESIAN_POINT('Ctrl Pts',(0.769531712527511,-0.187500801121153,
0.0776653747802018));
#3958=CARTESIAN_POINT('Ctrl Pts',(0.765625462527511,-0.132583087950677,
0.132583087950677));
#3959=CARTESIAN_POINT('Ctrl Pts',(0.761719212527511,-0.077665374780202,
0.187500801121153));
#3960=CARTESIAN_POINT('Ctrl Pts',(0.757812962527511,-3.44433383895876E-17,
0.187500801121153));
#3961=CARTESIAN_POINT('Ctrl Pts',(0.753906712527511,0.0776653747802019,
0.187500801121153));
#3962=CARTESIAN_POINT('Ctrl Pts',(0.750000462527511,0.132583087950677,0.132583087950677));
#3963=CARTESIAN_POINT('Ctrl Pts',(0.746094212527511,0.187500801121153,0.077665374780202));
#3964=CARTESIAN_POINT('Ctrl Pts',(0.742187962527511,0.187500801121153,0.));
#3965=CARTESIAN_POINT('Ctrl Pts',(0.738281712527511,0.187500801121153,-0.0776653747802019));
#3966=CARTESIAN_POINT('Ctrl Pts',(0.734375462527511,0.132583087950677,-0.132583087950677));
#3967=CARTESIAN_POINT('Ctrl Pts',(0.730469212527511,0.0776653747802019,
-0.187500801121153));
#3968=CARTESIAN_POINT('Ctrl Pts',(0.726562962527511,1.14811127965292E-17,
-0.187500801121153));
#3969=CARTESIAN_POINT('Ctrl Pts',(0.722656712527511,-0.0776653747802019,
-0.187500801121153));
#3970=CARTESIAN_POINT('Ctrl Pts',(0.718750462527511,-0.132583087950677,
-0.132583087950677));
#3971=CARTESIAN_POINT('Ctrl Pts',(0.714844212527511,-0.187500801121153,
-0.0776653747802019));
#3972=CARTESIAN_POINT('Ctrl Pts',(0.710937962527511,-0.187500801121153,
-2.29622255930584E-17));
#3973=CARTESIAN_POINT('Ctrl Pts',(0.707031712527511,-0.187500801121153,
0.0776653747802018));
#3974=CARTESIAN_POINT('Ctrl Pts',(0.703125462527511,-0.132583087950677,
0.132583087950677));
#3975=CARTESIAN_POINT('Ctrl Pts',(0.699219212527511,-0.077665374780202,
0.187500801121153));
#3976=CARTESIAN_POINT('Ctrl Pts',(0.695312962527511,-3.44433383895876E-17,
0.187500801121153));
#3977=CARTESIAN_POINT('Ctrl Pts',(0.691406712527511,0.0776653747802019,
0.187500801121153));
#3978=CARTESIAN_POINT('Ctrl Pts',(0.687500462527511,0.132583087950677,0.132583087950677));
#3979=CARTESIAN_POINT('Ctrl Pts',(0.683594212527511,0.187500801121153,0.077665374780202));
#3980=CARTESIAN_POINT('Ctrl Pts',(0.679687962527511,0.187500801121153,0.));
#3981=CARTESIAN_POINT('Ctrl Pts',(0.675781712527511,0.187500801121153,-0.0776653747802019));
#3982=CARTESIAN_POINT('Ctrl Pts',(0.671875462527511,0.132583087950677,-0.132583087950677));
#3983=CARTESIAN_POINT('Ctrl Pts',(0.667969212527511,0.0776653747802019,
-0.187500801121153));
#3984=CARTESIAN_POINT('Ctrl Pts',(0.664062962527511,1.14811127965292E-17,
-0.187500801121153));
#3985=CARTESIAN_POINT('Ctrl Pts',(0.660156712527511,-0.0776653747802019,
-0.187500801121153));
#3986=CARTESIAN_POINT('Ctrl Pts',(0.656250462527511,-0.132583087950677,
-0.132583087950677));
#3987=CARTESIAN_POINT('Ctrl Pts',(0.652344212527511,-0.187500801121153,
-0.0776653747802019));
#3988=CARTESIAN_POINT('Ctrl Pts',(0.648437962527511,-0.187500801121153,
-2.29622255930584E-17));
#3989=CARTESIAN_POINT('Ctrl Pts',(0.644531712527511,-0.187500801121153,
0.0776653747802018));
#3990=CARTESIAN_POINT('Ctrl Pts',(0.640625462527511,-0.132583087950677,
0.132583087950677));
#3991=CARTESIAN_POINT('Ctrl Pts',(0.636719212527511,-0.077665374780202,
0.187500801121153));
#3992=CARTESIAN_POINT('Ctrl Pts',(0.632812962527511,-3.44433383895876E-17,
0.187500801121153));
#3993=CARTESIAN_POINT('Ctrl Pts',(0.628906712527511,0.0776653747802019,
0.187500801121153));
#3994=CARTESIAN_POINT('Ctrl Pts',(0.625000462527511,0.132583087950677,0.132583087950677));
#3995=CARTESIAN_POINT('Ctrl Pts',(0.621094212527511,0.187500801121153,0.077665374780202));
#3996=CARTESIAN_POINT('Ctrl Pts',(0.617187962527511,0.187500801121153,0.));
#3997=CARTESIAN_POINT('Ctrl Pts',(0.613281712527511,0.187500801121153,-0.0776653747802019));
#3998=CARTESIAN_POINT('Ctrl Pts',(0.609375462527511,0.132583087950677,-0.132583087950677));
#3999=CARTESIAN_POINT('Ctrl Pts',(0.605469212527511,0.0776653747802019,
-0.187500801121153));
#4000=CARTESIAN_POINT('Ctrl Pts',(0.601562962527511,1.14811127965292E-17,
-0.187500801121153));
#4001=CARTESIAN_POINT('Ctrl Pts',(0.597656712527511,-0.0776653747802019,
-0.187500801121153));
#4002=CARTESIAN_POINT('Ctrl Pts',(0.593750462527511,-0.132583087950677,
-0.132583087950677));
#4003=CARTESIAN_POINT('Ctrl Pts',(0.589844212527511,-0.187500801121153,
-0.0776653747802019));
#4004=CARTESIAN_POINT('Ctrl Pts',(0.585937962527511,-0.187500801121153,
-2.29622255930584E-17));
#4005=CARTESIAN_POINT('Ctrl Pts',(0.582031712527511,-0.187500801121153,
0.0776653747802018));
#4006=CARTESIAN_POINT('Ctrl Pts',(0.578125462527511,-0.132583087950677,
0.132583087950677));
#4007=CARTESIAN_POINT('Ctrl Pts',(0.574219212527511,-0.077665374780202,
0.187500801121153));
#4008=CARTESIAN_POINT('Ctrl Pts',(0.570312962527511,-3.44433383895876E-17,
0.187500801121153));
#4009=CARTESIAN_POINT('Ctrl Pts',(0.566406712527511,0.0776653747802019,
0.187500801121153));
#4010=CARTESIAN_POINT('Ctrl Pts',(0.562500462527511,0.132583087950677,0.132583087950677));
#4011=CARTESIAN_POINT('Ctrl Pts',(0.558594212527511,0.187500801121153,0.077665374780202));
#4012=CARTESIAN_POINT('Ctrl Pts',(0.554687962527511,0.187500801121153,0.));
#4013=CARTESIAN_POINT('Ctrl Pts',(0.550781712527511,0.187500801121153,-0.0776653747802019));
#4014=CARTESIAN_POINT('Ctrl Pts',(0.546875462527511,0.132583087950677,-0.132583087950677));
#4015=CARTESIAN_POINT('Ctrl Pts',(0.542969212527511,0.0776653747802019,
-0.187500801121153));
#4016=CARTESIAN_POINT('Ctrl Pts',(0.539062962527511,1.14811127965292E-17,
-0.187500801121153));
#4017=CARTESIAN_POINT('Ctrl Pts',(0.535156712527511,-0.0776653747802019,
-0.187500801121153));
#4018=CARTESIAN_POINT('Ctrl Pts',(0.531250462527511,-0.132583087950677,
-0.132583087950677));
#4019=CARTESIAN_POINT('Ctrl Pts',(0.527344212527511,-0.187500801121153,
-0.0776653747802019));
#4020=CARTESIAN_POINT('Ctrl Pts',(0.523437962527511,-0.187500801121153,
-2.29622255930584E-17));
#4021=CARTESIAN_POINT('Ctrl Pts',(0.519531712527511,-0.187500801121153,
0.0776653747802018));
#4022=CARTESIAN_POINT('Ctrl Pts',(0.515625462527511,-0.132583087950677,
0.132583087950677));
#4023=CARTESIAN_POINT('Ctrl Pts',(0.511719212527511,-0.077665374780202,
0.187500801121153));
#4024=CARTESIAN_POINT('Ctrl Pts',(0.507812962527511,-3.44433383895876E-17,
0.187500801121153));
#4025=CARTESIAN_POINT('Ctrl Pts',(0.503906712527511,0.0776653747802019,
0.187500801121153));
#4026=CARTESIAN_POINT('Ctrl Pts',(0.500000462527511,0.132583087950677,0.132583087950677));
#4027=CARTESIAN_POINT('Ctrl Pts',(0.496094212527511,0.187500801121153,0.077665374780202));
#4028=CARTESIAN_POINT('Ctrl Pts',(0.492187962527511,0.187500801121153,0.));
#4029=CARTESIAN_POINT('Ctrl Pts',(0.488281712527511,0.187500801121153,-0.0776653747802019));
#4030=CARTESIAN_POINT('Ctrl Pts',(0.484375462527511,0.132583087950677,-0.132583087950677));
#4031=CARTESIAN_POINT('Ctrl Pts',(0.480469212527511,0.0776653747802019,
-0.187500801121153));
#4032=CARTESIAN_POINT('Ctrl Pts',(0.476562962527511,1.14811127965292E-17,
-0.187500801121153));
#4033=CARTESIAN_POINT('Ctrl Pts',(0.472656712527511,-0.0776653747802019,
-0.187500801121153));
#4034=CARTESIAN_POINT('Ctrl Pts',(0.468750462527511,-0.132583087950677,
-0.132583087950677));
#4035=CARTESIAN_POINT('Ctrl Pts',(0.464844212527511,-0.187500801121153,
-0.0776653747802019));
#4036=CARTESIAN_POINT('Ctrl Pts',(0.460937962527511,-0.187500801121153,
-2.29622255930584E-17));
#4037=CARTESIAN_POINT('Ctrl Pts',(0.457031712527511,-0.187500801121153,
0.0776653747802018));
#4038=CARTESIAN_POINT('Ctrl Pts',(0.453125462527511,-0.132583087950677,
0.132583087950677));
#4039=CARTESIAN_POINT('Ctrl Pts',(0.449219212527511,-0.077665374780202,
0.187500801121153));
#4040=CARTESIAN_POINT('Ctrl Pts',(0.445312962527511,-3.44433383895876E-17,
0.187500801121153));
#4041=CARTESIAN_POINT('Ctrl Pts',(0.441406712527511,0.0776653747802019,
0.187500801121153));
#4042=CARTESIAN_POINT('Ctrl Pts',(0.437500462527511,0.132583087950677,0.132583087950677));
#4043=CARTESIAN_POINT('Ctrl Pts',(0.433594212527511,0.187500801121153,0.077665374780202));
#4044=CARTESIAN_POINT('Ctrl Pts',(0.429687962527511,0.187500801121153,0.));
#4045=CARTESIAN_POINT('Ctrl Pts',(0.425781712527511,0.187500801121153,-0.0776653747802019));
#4046=CARTESIAN_POINT('Ctrl Pts',(0.421875462527511,0.132583087950677,-0.132583087950677));
#4047=CARTESIAN_POINT('Ctrl Pts',(0.417969212527511,0.0776653747802019,
-0.187500801121153));
#4048=CARTESIAN_POINT('Ctrl Pts',(0.414062962527511,1.14811127965292E-17,
-0.187500801121153));
#4049=CARTESIAN_POINT('Ctrl Pts',(0.410156712527511,-0.0776653747802019,
-0.187500801121153));
#4050=CARTESIAN_POINT('Ctrl Pts',(0.406250462527511,-0.132583087950677,
-0.132583087950677));
#4051=CARTESIAN_POINT('Ctrl Pts',(0.402344212527511,-0.187500801121153,
-0.0776653747802019));
#4052=CARTESIAN_POINT('Ctrl Pts',(0.398437962527511,-0.187500801121153,
-2.29622255930584E-17));
#4053=CARTESIAN_POINT('Ctrl Pts',(0.394531712527511,-0.187500801121153,
0.0776653747802018));
#4054=CARTESIAN_POINT('Ctrl Pts',(0.390625462527511,-0.132583087950677,
0.132583087950677));
#4055=CARTESIAN_POINT('Ctrl Pts',(0.386719212527511,-0.077665374780202,
0.187500801121153));
#4056=CARTESIAN_POINT('Ctrl Pts',(0.382812962527511,-3.44433383895876E-17,
0.187500801121153));
#4057=CARTESIAN_POINT('Ctrl Pts',(0.378906712527511,0.0776653747802019,
0.187500801121153));
#4058=CARTESIAN_POINT('Ctrl Pts',(0.375000462527511,0.132583087950677,0.132583087950677));
#4059=CARTESIAN_POINT('Ctrl Pts',(0.371094212527511,0.187500801121153,0.077665374780202));
#4060=CARTESIAN_POINT('Ctrl Pts',(0.367187962527511,0.187500801121153,0.));
#4061=CARTESIAN_POINT('Ctrl Pts',(0.363281712527511,0.187500801121153,-0.0776653747802019));
#4062=CARTESIAN_POINT('Ctrl Pts',(0.359375462527511,0.132583087950677,-0.132583087950677));
#4063=CARTESIAN_POINT('Ctrl Pts',(0.355469212527511,0.0776653747802019,
-0.187500801121153));
#4064=CARTESIAN_POINT('Ctrl Pts',(0.351562962527511,1.14811127965292E-17,
-0.187500801121153));
#4065=CARTESIAN_POINT('Ctrl Pts',(0.347656712527511,-0.0776653747802019,
-0.187500801121153));
#4066=CARTESIAN_POINT('Ctrl Pts',(0.343750462527511,-0.132583087950677,
-0.132583087950677));
#4067=CARTESIAN_POINT('Ctrl Pts',(0.339844212527511,-0.187500801121153,
-0.0776653747802019));
#4068=CARTESIAN_POINT('Ctrl Pts',(0.335937962527511,-0.187500801121153,
-2.29622255930584E-17));
#4069=CARTESIAN_POINT('Ctrl Pts',(0.332031712527511,-0.187500801121153,
0.0776653747802018));
#4070=CARTESIAN_POINT('Ctrl Pts',(0.328125462527511,-0.132583087950677,
0.132583087950677));
#4071=CARTESIAN_POINT('Ctrl Pts',(0.324219212527511,-0.077665374780202,
0.187500801121153));
#4072=CARTESIAN_POINT('Ctrl Pts',(0.320312962527511,-3.44433383895876E-17,
0.187500801121153));
#4073=CARTESIAN_POINT('Ctrl Pts',(0.316406712527511,0.0776653747802019,
0.187500801121153));
#4074=CARTESIAN_POINT('Ctrl Pts',(0.312500462527511,0.132583087950677,0.132583087950677));
#4075=CARTESIAN_POINT('Ctrl Pts',(0.308594212527511,0.187500801121153,0.077665374780202));
#4076=CARTESIAN_POINT('Ctrl Pts',(0.304687962527511,0.187500801121153,0.));
#4077=CARTESIAN_POINT('Ctrl Pts',(0.300781712527511,0.187500801121153,-0.0776653747802019));
#4078=CARTESIAN_POINT('Ctrl Pts',(0.296875462527511,0.132583087950677,-0.132583087950677));
#4079=CARTESIAN_POINT('Ctrl Pts',(0.292969212527511,0.0776653747802019,
-0.187500801121153));
#4080=CARTESIAN_POINT('Ctrl Pts',(0.289062962527511,1.14811127965292E-17,
-0.187500801121153));
#4081=CARTESIAN_POINT('Ctrl Pts',(0.285156712527511,-0.0776653747802019,
-0.187500801121153));
#4082=CARTESIAN_POINT('Ctrl Pts',(0.281250462527511,-0.132583087950677,
-0.132583087950677));
#4083=CARTESIAN_POINT('Ctrl Pts',(0.277344212527511,-0.187500801121153,
-0.0776653747802019));
#4084=CARTESIAN_POINT('Ctrl Pts',(0.273437962527511,-0.187500801121153,
-2.29622255930584E-17));
#4085=CARTESIAN_POINT('Ctrl Pts',(0.269531712527511,-0.187500801121153,
0.0776653747802018));
#4086=CARTESIAN_POINT('Ctrl Pts',(0.265625462527511,-0.132583087950677,
0.132583087950677));
#4087=CARTESIAN_POINT('Ctrl Pts',(0.261719212527511,-0.077665374780202,
0.187500801121153));
#4088=CARTESIAN_POINT('Ctrl Pts',(0.257812962527511,-3.44433383895876E-17,
0.187500801121153));
#4089=CARTESIAN_POINT('Ctrl Pts',(0.253906712527511,0.0776653747802019,
0.187500801121153));
#4090=CARTESIAN_POINT('Ctrl Pts',(0.250000462527511,0.132583087950677,0.132583087950677));
#4091=CARTESIAN_POINT('Ctrl Pts',(0.246094212527511,0.187500801121153,0.077665374780202));
#4092=CARTESIAN_POINT('Ctrl Pts',(0.242187962527511,0.187500801121153,0.));
#4093=CARTESIAN_POINT('Ctrl Pts',(0.238281712527511,0.187500801121153,-0.0776653747802019));
#4094=CARTESIAN_POINT('Ctrl Pts',(0.234375462527511,0.132583087950677,-0.132583087950677));
#4095=CARTESIAN_POINT('Ctrl Pts',(0.230469212527511,0.0776653747802019,
-0.187500801121153));
#4096=CARTESIAN_POINT('Ctrl Pts',(0.226562962527511,1.14811127965292E-17,
-0.187500801121153));
#4097=CARTESIAN_POINT('Ctrl Pts',(0.222656712527511,-0.0776653747802019,
-0.187500801121153));
#4098=CARTESIAN_POINT('Ctrl Pts',(0.218750462527511,-0.132583087950677,
-0.132583087950677));
#4099=CARTESIAN_POINT('Ctrl Pts',(0.214844212527511,-0.187500801121153,
-0.0776653747802019));
#4100=CARTESIAN_POINT('Ctrl Pts',(0.210937962527511,-0.187500801121153,
-2.29622255930584E-17));
#4101=CARTESIAN_POINT('Ctrl Pts',(0.207031712527511,-0.187500801121153,
0.0776653747802018));
#4102=CARTESIAN_POINT('Ctrl Pts',(0.203125462527511,-0.132583087950677,
0.132583087950677));
#4103=CARTESIAN_POINT('Ctrl Pts',(0.199219212527511,-0.077665374780202,
0.187500801121153));
#4104=CARTESIAN_POINT('Ctrl Pts',(0.195312962527511,-3.44433383895876E-17,
0.187500801121153));
#4105=CARTESIAN_POINT('Ctrl Pts',(0.191406712527511,0.0776653747802019,
0.187500801121153));
#4106=CARTESIAN_POINT('Ctrl Pts',(0.187500462527511,0.132583087950677,0.132583087950677));
#4107=CARTESIAN_POINT('Ctrl Pts',(0.183594212527511,0.187500801121153,0.077665374780202));
#4108=CARTESIAN_POINT('Ctrl Pts',(0.179687962527511,0.187500801121153,0.));
#4109=CARTESIAN_POINT('Ctrl Pts',(0.175781712527511,0.187500801121153,-0.0776653747802019));
#4110=CARTESIAN_POINT('Ctrl Pts',(0.171875462527511,0.132583087950677,-0.132583087950677));
#4111=CARTESIAN_POINT('Ctrl Pts',(0.167969212527511,0.0776653747802019,
-0.187500801121153));
#4112=CARTESIAN_POINT('Ctrl Pts',(0.164062962527511,1.14811127965292E-17,
-0.187500801121153));
#4113=CARTESIAN_POINT('Ctrl Pts',(0.160156712527511,-0.0776653747802019,
-0.187500801121153));
#4114=CARTESIAN_POINT('Ctrl Pts',(0.156250462527511,-0.132583087950677,
-0.132583087950677));
#4115=CARTESIAN_POINT('Ctrl Pts',(0.152344212527511,-0.187500801121153,
-0.0776653747802019));
#4116=CARTESIAN_POINT('Ctrl Pts',(0.148437962527511,-0.187500801121153,
-2.29622255930584E-17));
#4117=CARTESIAN_POINT('Ctrl Pts',(0.144531712527511,-0.187500801121153,
0.0776653747802018));
#4118=CARTESIAN_POINT('Ctrl Pts',(0.140625462527511,-0.132583087950677,
0.132583087950677));
#4119=CARTESIAN_POINT('Ctrl Pts',(0.136719212527511,-0.077665374780202,
0.187500801121153));
#4120=CARTESIAN_POINT('Ctrl Pts',(0.132812962527511,-3.44433383895876E-17,
0.187500801121153));
#4121=CARTESIAN_POINT('Ctrl Pts',(0.128906712527511,0.0776653747802019,
0.187500801121153));
#4122=CARTESIAN_POINT('Ctrl Pts',(0.125000462527511,0.132583087950677,0.132583087950677));
#4123=CARTESIAN_POINT('Ctrl Pts',(0.121094212527511,0.187500801121153,0.077665374780202));
#4124=CARTESIAN_POINT('Ctrl Pts',(0.117187962527511,0.187500801121153,0.));
#4125=CARTESIAN_POINT('Ctrl Pts',(0.113281712527511,0.187500801121153,-0.0776653747802019));
#4126=CARTESIAN_POINT('Ctrl Pts',(0.109375462527511,0.132583087950677,-0.132583087950677));
#4127=CARTESIAN_POINT('Ctrl Pts',(0.105469212527511,0.0776653747802019,
-0.187500801121153));
#4128=CARTESIAN_POINT('Ctrl Pts',(0.101562962527511,1.14811127965292E-17,
-0.187500801121153));
#4129=CARTESIAN_POINT('Ctrl Pts',(0.0976567125275111,-0.0776653747802019,
-0.187500801121153));
#4130=CARTESIAN_POINT('Ctrl Pts',(0.093750462527511,-0.132583087950677,
-0.132583087950677));
#4131=CARTESIAN_POINT('Ctrl Pts',(0.0898442125275111,-0.187500801121153,
-0.0776653747802019));
#4132=CARTESIAN_POINT('Ctrl Pts',(0.0859379625275111,-0.187500801121153,
-2.29622255930584E-17));
#4133=CARTESIAN_POINT('Ctrl Pts',(0.0820317125275112,-0.187500801121153,
0.0776653747802018));
#4134=CARTESIAN_POINT('Ctrl Pts',(0.0781254625275111,-0.132583087950677,
0.132583087950677));
#4135=CARTESIAN_POINT('Ctrl Pts',(0.0742192125275111,-0.077665374780202,
0.187500801121153));
#4136=CARTESIAN_POINT('Ctrl Pts',(0.0703129625275112,-3.44433383895876E-17,
0.187500801121153));
#4137=CARTESIAN_POINT('Ctrl Pts',(0.0664067125275111,0.0776653747802019,
0.187500801121153));
#4138=CARTESIAN_POINT('Ctrl Pts',(0.0625004625275111,0.132583087950677,
0.132583087950677));
#4139=CARTESIAN_POINT('Ctrl Pts',(0.0585942125275111,0.187500801121153,
0.077665374780202));
#4140=CARTESIAN_POINT('Ctrl Pts',(0.0546879625275111,0.187500801121153,
0.));
#4141=CARTESIAN_POINT('Ctrl Pts',(0.0507817125275111,0.187500801121153,
-0.0776653747802019));
#4142=CARTESIAN_POINT('Ctrl Pts',(0.0468754625275111,0.132583087950677,
-0.132583087950677));
#4143=CARTESIAN_POINT('Ctrl Pts',(0.0429692125275111,0.0776653747802019,
-0.187500801121153));
#4144=CARTESIAN_POINT('Ctrl Pts',(0.039062962527511,1.14811127965292E-17,
-0.187500801121153));
#4145=CARTESIAN_POINT('Ctrl Pts',(0.0351567125275111,-0.0776653747802019,
-0.187500801121153));
#4146=CARTESIAN_POINT('Ctrl Pts',(0.0312504625275111,-0.132583087950677,
-0.132583087950677));
#4147=CARTESIAN_POINT('Ctrl Pts',(0.027344212527511,-0.187500801121153,
-0.0776653747802019));
#4148=CARTESIAN_POINT('Ctrl Pts',(0.0234379625275111,-0.187500801121153,
-2.29622255930584E-17));
#4149=CARTESIAN_POINT('Ctrl Pts',(0.0195317125275111,-0.187500801121153,
0.0776653747802018));
#4150=CARTESIAN_POINT('Ctrl Pts',(0.0156254625275112,-0.132583087950677,
0.132583087950677));
#4151=CARTESIAN_POINT('Ctrl Pts',(0.0117192125275111,-0.077665374780202,
0.187500801121153));
#4152=CARTESIAN_POINT('Ctrl Pts',(0.00781296252751107,-3.44433383895876E-17,
0.187500801121153));
#4153=CARTESIAN_POINT('Ctrl Pts',(0.00390671252751116,0.0776653747802019,
0.187500801121153));
#4154=CARTESIAN_POINT('Ctrl Pts',(4.62527511115866E-7,0.132583087950677,
0.132583087950677));
#4155=CARTESIAN_POINT('Ctrl Pts',(-0.00390578747248893,0.187500801121153,
0.077665374780202));
#4156=CARTESIAN_POINT('Ctrl Pts',(-0.00781203747248884,0.187500801121153,
0.));
#4157=CARTESIAN_POINT('Ctrl Pts',(0.101562500056028,1.11400278219071E-9,
-0.1875));
#4158=CARTESIAN_POINT('Ctrl Pts',(0.102764459889351,0.0238976681459121,
-0.187499999858016));
#4159=CARTESIAN_POINT('Ctrl Pts',(0.104050951764753,0.0475835381639512,
-0.182931138472984));
#4160=CARTESIAN_POINT('Ctrl Pts',(0.106717752802047,0.0930539847756506,
-0.164700057580008));
#4161=CARTESIAN_POINT('Ctrl Pts',(0.108072394795012,0.11422589618788,-0.150790757590458));
#4162=CARTESIAN_POINT('Ctrl Pts',(0.110551018787133,0.149156512554377,-0.11614677374269));
#4163=CARTESIAN_POINT('Ctrl Pts',(0.111844565871702,0.162846062115385,-0.0960175619450404));
#4164=CARTESIAN_POINT('Ctrl Pts',(0.114522821161081,0.182222521736493,-0.0507938104216748));
#4165=CARTESIAN_POINT('Ctrl Pts',(0.115877547704013,0.187375718146966,-0.0259933211097797));
#4166=CARTESIAN_POINT('Ctrl Pts',(0.118356750491013,0.187615126713057,0.0231996446911216));
#4167=CARTESIAN_POINT('Ctrl Pts',(0.1196492754914,0.183080086565935,0.047114850121753));
#4168=CARTESIAN_POINT('Ctrl Pts',(0.122327298439352,0.164840053748384,0.0928047055692204));
#4169=CARTESIAN_POINT('Ctrl Pts',(0.123682115434382,0.150965206950599,0.113994367395737));
#4170=CARTESIAN_POINT('Ctrl Pts',(0.126161942150088,0.116380683127518,0.148973525763061));
#4171=CARTESIAN_POINT('Ctrl Pts',(0.127453369006006,0.0962761088747447,
0.162692800066178));
#4172=CARTESIAN_POINT('Ctrl Pts',(0.130131140376731,0.0510908201285111,
0.182138888950095));
#4173=CARTESIAN_POINT('Ctrl Pts',(0.131486054029176,0.0263031070872759,
0.187331911263107));
#4174=CARTESIAN_POINT('Ctrl Pts',(0.133966553035674,-0.0228814958743533,
0.187653728045129));
#4175=CARTESIAN_POINT('Ctrl Pts',(0.135256800872315,-0.0468005833545025,
0.183160161190313));
#4176=CARTESIAN_POINT('Ctrl Pts',(0.137934299863408,-0.0925141784795231,
0.16500259095346));
#4177=CARTESIAN_POINT('Ctrl Pts',(0.139289316677564,-0.113724441003469,
0.1511678873208));
#4178=CARTESIAN_POINT('Ctrl Pts',(0.141770539747332,-0.148760051607545,
0.116652626258289));
#4179=CARTESIAN_POINT('Ctrl Pts',(0.14305952271555,-0.162513916090136,0.0965767193829045));
#4180=CARTESIAN_POINT('Ctrl Pts',(0.145736726835902,-0.182040965976152,
0.051436243996068));
#4181=CARTESIAN_POINT('Ctrl Pts',(0.14709185360626,-0.187280294408151,0.0266634743135126));
#4182=CARTESIAN_POINT('Ctrl Pts',(0.149573856106193,-0.187697965078212,
-0.0225113175015199));
#4183=CARTESIAN_POINT('Ctrl Pts',(0.150861483244729,-0.183252621559211,
-0.0464349215220264));
#4184=CARTESIAN_POINT('Ctrl Pts',(0.153538368184098,-0.165190931088311,
-0.0921760226159393));
#4185=CARTESIAN_POINT('Ctrl Pts',(0.154893611981097,-0.151402936865432,
-0.113410145740787));
#4186=CARTESIAN_POINT('Ctrl Pts',(0.157376453056755,-0.11696824519354,-0.148511298878356));
#4187=CARTESIAN_POINT('Ctrl Pts',(0.158662628182797,-0.0969256423282826,
-0.162305353024934));
#4188=CARTESIAN_POINT('Ctrl Pts',(0.161339167672763,-0.0518373083097044,
-0.181926381050854));
#4189=CARTESIAN_POINT('Ctrl Pts',(0.162694535822073,-0.0270820031931859,
-0.187219458864752));
#4190=CARTESIAN_POINT('Ctrl Pts',(0.163994788948372,-0.00134475037850146,
-0.187496384123653));
#4191=CARTESIAN_POINT('Ctrl Pts',(0.164028686014771,-0.000672298141386667,
-0.1875));
#4192=CARTESIAN_POINT('Ctrl Pts',(0.164062499999998,0.,-0.1875));
#4193=CARTESIAN_POINT('Ctrl Pts',(0.0682530627158623,-7.86701269628456E-14,
0.183932949988868));
#4194=CARTESIAN_POINT('Ctrl Pts',(0.0677144716629181,0.0142650688738196,
0.184266890589951));
#4195=CARTESIAN_POINT('Ctrl Pts',(0.0671735033003969,0.0279831210964284,
0.18293770727316));
#4196=CARTESIAN_POINT('Ctrl Pts',(0.0659615948718513,0.0576550994940805,
0.176993121078234));
#4197=CARTESIAN_POINT('Ctrl Pts',(0.0652632707747318,0.0739426438270165,
0.17130048049934));
#4198=CARTESIAN_POINT('Ctrl Pts',(0.0642240026578797,0.0969800264703221,
0.159460327571802));
#4199=CARTESIAN_POINT('Ctrl Pts',(0.063877390954549,0.104454100335901,0.154926593296142));
#4200=CARTESIAN_POINT('Ctrl Pts',(0.0631836274102465,0.118978468457286,
0.144650133123286));
#4201=CARTESIAN_POINT('Ctrl Pts',(0.0628402159438752,0.125938108377973,
0.138928616366743));
#4202=CARTESIAN_POINT('Ctrl Pts',(0.0624999999999985,0.132582521472478,
0.132582521472478));
#4203=CARTESIAN_POINT('Ctrl Pts',(0.187499999999999,-0.146905059197608,
-1.79906810524903E-17));
#4204=CARTESIAN_POINT('Ctrl Pts',(0.183593749999999,-0.146905059197608,
0.0608500679008717));
#4205=CARTESIAN_POINT('Ctrl Pts',(0.179687499999999,-0.10387756354924,0.10387756354924));
#4206=CARTESIAN_POINT('Ctrl Pts',(0.175781249999999,-0.0608500679008718,
0.146905059197608));
#4207=CARTESIAN_POINT('Ctrl Pts',(0.171874999999999,-2.69860215787355E-17,
0.146905059197608));
#4208=CARTESIAN_POINT('Ctrl Pts',(0.167968749999999,0.0608500679008717,
0.146905059197608));
#4209=CARTESIAN_POINT('Ctrl Pts',(0.164062499999999,0.10387756354924,0.10387756354924));
#4210=CARTESIAN_POINT('Ctrl Pts',(0.160156249999999,0.146905059197608,0.0608500679008718));
#4211=CARTESIAN_POINT('Ctrl Pts',(0.156249999999999,0.146905059197608,0.));
#4212=CARTESIAN_POINT('Ctrl Pts',(0.152343749999999,0.146905059197608,-0.0608500679008717));
#4213=CARTESIAN_POINT('Ctrl Pts',(0.148437499999999,0.10387756354924,-0.10387756354924));
#4214=CARTESIAN_POINT('Ctrl Pts',(0.144531249999999,0.0608500679008717,
-0.146905059197608));
#4215=CARTESIAN_POINT('Ctrl Pts',(0.140624999999999,8.99534052624516E-18,
-0.146905059197608));
#4216=CARTESIAN_POINT('Ctrl Pts',(0.136718749999999,-0.0608500679008717,
-0.146905059197608));
#4217=CARTESIAN_POINT('Ctrl Pts',(0.132812499999999,-0.10387756354924,-0.10387756354924));
#4218=CARTESIAN_POINT('Ctrl Pts',(0.130483388697662,-0.129532815114267,
-0.0782223119842134));
#4219=CARTESIAN_POINT('Ctrl Pts',(0.127972936923804,-0.140294296204365,
-0.043573006212271));
#4220=CARTESIAN_POINT('',(0.96798377959881,1.33915544815499E-13,-0.17264122040119));
#4221=CARTESIAN_POINT('Ctrl Pts',(0.96798377959881,2.67834475070835E-13,
-0.17264122040119));
#4222=CARTESIAN_POINT('Ctrl Pts',(0.968289121721841,0.00881705688008438,
-0.172335878278158));
#4223=CARTESIAN_POINT('Ctrl Pts',(0.968615788091566,0.0179240116729234,
-0.171335033977411));
#4224=CARTESIAN_POINT('Ctrl Pts',(0.969365983177194,0.0380010094645458,
-0.167350258453014));
#4225=CARTESIAN_POINT('Ctrl Pts',(0.969778292092374,0.0485441298245018,
-0.16417240113701));
#4226=CARTESIAN_POINT('Ctrl Pts',(0.971006861735192,0.0785223085205103,
-0.151864252630455));
#4227=CARTESIAN_POINT('Ctrl Pts',(0.971824162229775,0.096623204254734,-0.14005705553089));
#4228=CARTESIAN_POINT('Ctrl Pts',(0.973001517001789,0.119976871487588,-0.117575088851434));
#4229=CARTESIAN_POINT('Ctrl Pts',(0.973390885389396,0.127138969204095,-0.109200437309042));
#4230=CARTESIAN_POINT('Ctrl Pts',(0.974588659762546,0.145312567060268,-0.0829855449546478));
#4231=CARTESIAN_POINT('Ctrl Pts',(0.975408105922678,0.153839350370529,-0.0637515088301066));
#4232=CARTESIAN_POINT('Ctrl Pts',(0.977010824288432,0.163137193890513,-0.0237478991892679));
#4233=CARTESIAN_POINT('Ctrl Pts',(0.977793704038486,0.164438835671245,-0.00181495816742972));
#4234=CARTESIAN_POINT('Ctrl Pts',(0.979459348624593,0.15721905014553,0.0407806682790425));
#4235=CARTESIAN_POINT('Ctrl Pts',(0.980275353721918,0.150118205113805,0.0598577361962291));
#4236=CARTESIAN_POINT('Ctrl Pts',(0.981930904398325,0.128817163874265,0.0950116711118911));
#4237=CARTESIAN_POINT('Ctrl Pts',(0.982718612313793,0.114457074428131,0.110794144845226));
#4238=CARTESIAN_POINT('Ctrl Pts',(0.984323443560621,0.0817065670095872,
0.13466211798608));
#4239=CARTESIAN_POINT('Ctrl Pts',(0.985135572326922,0.0639241957727297,
0.143074136112065));
#4240=CARTESIAN_POINT('Ctrl Pts',(0.98636335535539,0.0353592051703201,0.150487393514665));
#4241=CARTESIAN_POINT('Ctrl Pts',(0.986776717716893,0.0254470370796833,
0.152058662026516));
#4242=CARTESIAN_POINT('Ctrl Pts',(0.987590014942848,0.00533171023975296,
0.15327725864133));
#4243=CARTESIAN_POINT('Ctrl Pts',(0.987983954689045,-0.00495010501155149,
0.152904771461227));
#4244=CARTESIAN_POINT('Ctrl Pts',(0.989166231407662,-0.0337403055521376,
0.148844847954984));
#4245=CARTESIAN_POINT('Ctrl Pts',(0.989973377455644,-0.0517115710046276,
0.142741459478634));
#4246=CARTESIAN_POINT('Ctrl Pts',(0.991279283530125,-0.0781385420884036,
0.127795149587419));
#4247=CARTESIAN_POINT('Ctrl Pts',(0.991772312110957,-0.0875007420877237,
0.120970517486972));
#4248=CARTESIAN_POINT('Ctrl Pts',(0.992740003597602,-0.10464504227102,0.105156223437524));
#4249=CARTESIAN_POINT('Ctrl Pts',(0.993211633193837,-0.112374308005466,
0.0961430115176131));
#4250=CARTESIAN_POINT('Ctrl Pts',(0.993719940802392,-0.118927708995015,
0.0862397614273704));
#4251=CARTESIAN_POINT('Ctrl Pts',(0.953124999999999,-0.132582521472493,
0.132582521472463));
#4252=CARTESIAN_POINT('Ctrl Pts',(0.953416738008867,-0.138845746381849,
0.125906716714305));
#4253=CARTESIAN_POINT('Ctrl Pts',(0.953708887742751,-0.144435829297221,
0.118980813302129));
#4254=CARTESIAN_POINT('Ctrl Pts',(0.954300965994137,-0.15449609899088,0.104509720159471));
#4255=CARTESIAN_POINT('Ctrl Pts',(0.954596875320652,-0.15892764389056,0.0970728455721872));
#4256=CARTESIAN_POINT('Ctrl Pts',(0.955483337173354,-0.170463791053889,
0.0742087369132708));
#4257=CARTESIAN_POINT('Ctrl Pts',(0.956079406982334,-0.175984799830016,
0.0580846712359628));
#4258=CARTESIAN_POINT('Ctrl Pts',(0.957417310461131,-0.183366361279585,
0.0202152052497344));
#4259=CARTESIAN_POINT('Ctrl Pts',(0.958186821576453,-0.184282227236625,
-0.00422684346794673));
#4260=CARTESIAN_POINT('Ctrl Pts',(0.959916687950281,-0.174331118221655,
-0.0530465714340671));
#4261=CARTESIAN_POINT('Ctrl Pts',(0.960765625482337,-0.165195145995827,
-0.0748977301593424));
#4262=CARTESIAN_POINT('Ctrl Pts',(0.962350490711664,-0.140425237757365,
-0.111816278492767));
#4263=CARTESIAN_POINT('Ctrl Pts',(0.963119765784179,-0.124296743180507,
-0.129283859856647));
#4264=CARTESIAN_POINT('Ctrl Pts',(0.964847924186625,-0.0839410059166624,
-0.156116230854391));
#4265=CARTESIAN_POINT('Ctrl Pts',(0.965697302051069,-0.0626345049700275,
-0.164916134468575));
#4266=CARTESIAN_POINT('Ctrl Pts',(0.96699747457347,-0.0278669136674618,
-0.171839740025214));
#4267=CARTESIAN_POINT('Ctrl Pts',(0.96748796099642,-0.0143172542846952,
-0.173137039003581));
#4268=CARTESIAN_POINT('Ctrl Pts',(0.96798377959881,2.67844036538813E-13,
-0.17264122040119));
#4269=CARTESIAN_POINT('Origin',(1.02734375,4.6550689812039E-15,-4.64013083845148E-17));
#4270=CARTESIAN_POINT('Origin',(1.,0.,0.));
#4271=CARTESIAN_POINT('',(1.,-1.72215956130097E-17,-0.140625));
#4272=CARTESIAN_POINT('Origin',(1.,0.,0.));
#4273=CARTESIAN_POINT('Origin',(0.0625,0.,0.));
#4274=CARTESIAN_POINT('Origin',(0.01875,0.,0.));
#4275=CARTESIAN_POINT('Origin',(0.01875,-2.52583402324142E-17,-0.20625));
#4276=UNCERTAINTY_MEASURE_WITH_UNIT(LENGTH_MEASURE(0.000393700787401575),
#4281,'DISTANCE_ACCURACY_VALUE',
'Maximum model space distance between geometric entities at asserted c
onnectivities');
#4277=UNCERTAINTY_MEASURE_WITH_UNIT(LENGTH_MEASURE(0.000393700787401575),
#4281,'DISTANCE_ACCURACY_VALUE',
'Maximum model space distance between geometric entities at asserted c
onnectivities');
#4278=(
GEOMETRIC_REPRESENTATION_CONTEXT(3)
GLOBAL_UNCERTAINTY_ASSIGNED_CONTEXT((#4276))
GLOBAL_UNIT_ASSIGNED_CONTEXT((#4281,#4285,#4286))
REPRESENTATION_CONTEXT('','3D')
);
#4279=(
GEOMETRIC_REPRESENTATION_CONTEXT(3)
GLOBAL_UNCERTAINTY_ASSIGNED_CONTEXT((#4277))
GLOBAL_UNIT_ASSIGNED_CONTEXT((#4281,#4285,#4286))
REPRESENTATION_CONTEXT('','3D')
);
#4280=DIMENSIONAL_EXPONENTS(1.,0.,0.,0.,0.,0.,0.);
#4281=(
CONVERSION_BASED_UNIT('inch',#4284)
LENGTH_UNIT()
NAMED_UNIT(#4280)
);
#4282=(
LENGTH_UNIT()
NAMED_UNIT(*)
SI_UNIT(.MILLI.,.METRE.)
);
#4283=(
LENGTH_UNIT()
NAMED_UNIT(*)
SI_UNIT($,.METRE.)
);
#4284=LENGTH_MEASURE_WITH_UNIT(LENGTH_MEASURE(25.4),#4282);
#4285=(
NAMED_UNIT(*)
PLANE_ANGLE_UNIT()
SI_UNIT($,.RADIAN.)
);
#4286=(
NAMED_UNIT(*)
SI_UNIT($,.STERADIAN.)
SOLID_ANGLE_UNIT()
);
#4287=SHAPE_DEFINITION_REPRESENTATION(#4288,#4289);
#4288=PRODUCT_DEFINITION_SHAPE('',$,#4291);
#4289=SHAPE_REPRESENTATION('',(#994),#4278);
#4290=PRODUCT_DEFINITION_CONTEXT('part definition',#4295,'design');
#4291=PRODUCT_DEFINITION(
'91286A627_High-Strength Grade 8 Steel Hex Head Screw','Screw v3',#4292,
#4290);
#4292=PRODUCT_DEFINITION_FORMATION('',$,#4297);
#4293=PRODUCT_RELATED_PRODUCT_CATEGORY('Screw v3','Screw v3',(#4297));
#4294=APPLICATION_PROTOCOL_DEFINITION('international standard',
'automotive_design',2009,#4295);
#4295=APPLICATION_CONTEXT(
'Core Data for Automotive Mechanical Design Process');
#4296=PRODUCT_CONTEXT('part definition',#4295,'mechanical');
#4297=PRODUCT('91286A627_High-Strength Grade 8 Steel Hex Head Screw',
'Screw v3','STEP AP203',(#4296));
#4298=PRESENTATION_STYLE_ASSIGNMENT((#4299));
#4299=SURFACE_STYLE_USAGE(.BOTH.,#4300);
#4300=SURFACE_SIDE_STYLE('',(#4301));
#4301=SURFACE_STYLE_FILL_AREA(#4302);
#4302=FILL_AREA_STYLE('Steel - Satin',(#4303));
#4303=FILL_AREA_STYLE_COLOUR('Steel - Satin',#4304);
#4304=COLOUR_RGB('Steel - Satin',0.627450980392157,0.627450980392157,0.627450980392157);
ENDSEC;
END-ISO-10303-21;
