ISO-10303-21;
HEADER;
/* Generated by software containing ST-Developer
 * from STEP Tools, Inc. (www.steptools.com) 
 */

FILE_DESCRIPTION(
/* description */ (''),
/* implementation_level */ '2;1');

FILE_NAME(
/* name */ 'B_6mm_Triple.step',
/* time_stamp */ '2026-01-07T14:03:12-05:00',
/* author */ (''),
/* organization */ (''),
/* preprocessor_version */ 'ST-DEVELOPER v20.1',
/* originating_system */ 'Autodesk Translation Framework v14.21.0.0',
/* authorisation */ '');

FILE_SCHEMA (('AUTOMOTIVE_DESIGN { 1 0 10303 214 3 1 1 }'));
ENDSEC;

DATA;
#10=MECHANICAL_DESIGN_GEOMETRIC_PRESENTATION_REPRESENTATION('',(#13),#2879);
#11=SHAPE_REPRESENTATION_RELATIONSHIP('SRR','None',#2886,#12);
#12=ADVANCED_BREP_SHAPE_REPRESENTATION('',(#14),#2878);
#13=STYLED_ITEM('',(#2895),#14);
#14=MANIFOLD_SOLID_BREP('B_Triple',#1707);
#15=CYLINDRICAL_SURFACE('',#1745,3.);
#16=CYLINDRICAL_SURFACE('',#1779,3.00000000000003);
#17=CYLINDRICAL_SURFACE('',#1794,3.00000000000003);
#18=CYLINDRICAL_SURFACE('',#1809,3.00000000000003);
#19=CYLINDRICAL_SURFACE('',#1834,3.00000000000003);
#20=CYLINDRICAL_SURFACE('',#1849,3.);
#21=CYLINDRICAL_SURFACE('',#1873,3.);
#22=SPHERICAL_SURFACE('',#1743,1.0000000000001);
#23=SPHERICAL_SURFACE('',#1754,1.0000000000001);
#24=SPHERICAL_SURFACE('',#1767,1.3000000000001);
#25=SPHERICAL_SURFACE('',#1777,1.3000000000001);
#26=SPHERICAL_SURFACE('',#1792,1.3000000000001);
#27=SPHERICAL_SURFACE('',#1807,1.3000000000001);
#28=SPHERICAL_SURFACE('',#1821,1.3000000000001);
#29=SPHERICAL_SURFACE('',#1832,1.3000000000001);
#30=SPHERICAL_SURFACE('',#1847,1.0000000000001);
#31=SPHERICAL_SURFACE('',#1858,1.0000000000001);
#32=SPHERICAL_SURFACE('',#1871,1.0000000000001);
#33=SPHERICAL_SURFACE('',#1882,1.0000000000001);
#34=CONICAL_SURFACE('',#1741,1.18890872965373,0.78539816339736);
#35=CONICAL_SURFACE('',#1752,1.18890872965373,0.78539816339736);
#36=CONICAL_SURFACE('',#1765,1.40104076400988,0.785398163397338);
#37=CONICAL_SURFACE('',#1775,1.40104076400988,0.785398163397338);
#38=CONICAL_SURFACE('',#1790,1.40104076400988,0.785398163397338);
#39=CONICAL_SURFACE('',#1805,1.40104076400988,0.785398163397338);
#40=CONICAL_SURFACE('',#1819,1.40104076400988,0.785398163397338);
#41=CONICAL_SURFACE('',#1830,1.40104076400988,0.785398163397338);
#42=CONICAL_SURFACE('',#1845,1.18890872965373,0.78539816339736);
#43=CONICAL_SURFACE('',#1856,1.18890872965373,0.78539816339736);
#44=CONICAL_SURFACE('',#1869,1.18890872965373,0.78539816339736);
#45=CONICAL_SURFACE('',#1880,1.18890872965373,0.78539816339736);
#46=TOROIDAL_SURFACE('',#1738,2.16568542494678,0.699999999993485);
#47=TOROIDAL_SURFACE('',#1749,2.16568542494678,0.699999999993485);
#48=TOROIDAL_SURFACE('',#1762,2.16568542494678,0.399999999992969);
#49=TOROIDAL_SURFACE('',#1772,2.16568542494678,0.399999999992969);
#50=TOROIDAL_SURFACE('',#1787,2.16568542494678,0.399999999992969);
#51=TOROIDAL_SURFACE('',#1802,2.16568542494678,0.399999999992969);
#52=TOROIDAL_SURFACE('',#1816,2.16568542494678,0.399999999992969);
#53=TOROIDAL_SURFACE('',#1827,2.16568542494678,0.399999999992969);
#54=TOROIDAL_SURFACE('',#1842,2.16568542494678,0.699999999993485);
#55=TOROIDAL_SURFACE('',#1853,2.16568542494678,0.699999999993485);
#56=TOROIDAL_SURFACE('',#1866,2.16568542494678,0.699999999993485);
#57=TOROIDAL_SURFACE('',#1877,2.16568542494678,0.699999999993485);
#58=FACE_BOUND('',#251,.T.);
#59=FACE_BOUND('',#258,.T.);
#60=FACE_BOUND('',#267,.T.);
#61=FACE_BOUND('',#273,.T.);
#62=FACE_BOUND('',#284,.T.);
#63=FACE_BOUND('',#294,.T.);
#64=FACE_BOUND('',#303,.T.);
#65=FACE_BOUND('',#310,.T.);
#66=FACE_BOUND('',#321,.T.);
#67=FACE_BOUND('',#328,.T.);
#68=FACE_BOUND('',#337,.T.);
#69=FACE_BOUND('',#344,.T.);
#70=CIRCLE('',#1736,3.00000000000003);
#71=CIRCLE('',#1737,2.16568542494671);
#72=CIRCLE('',#1739,1.67071067812076);
#73=CIRCLE('',#1740,0.699999999993485);
#74=CIRCLE('',#1742,0.707106781186704);
#75=CIRCLE('',#1746,3.00000000000003);
#76=CIRCLE('',#1748,2.16568542494671);
#77=CIRCLE('',#1750,1.67071067812076);
#78=CIRCLE('',#1751,0.699999999993485);
#79=CIRCLE('',#1753,0.707106781186704);
#80=CIRCLE('',#1760,3.00000000000003);
#81=CIRCLE('',#1761,2.16568542494678);
#82=CIRCLE('',#1763,0.399999999992969);
#83=CIRCLE('',#1764,1.88284271247747);
#84=CIRCLE('',#1766,0.919238815542686);
#85=CIRCLE('',#1770,3.00000000000003);
#86=CIRCLE('',#1771,2.16568542494678);
#87=CIRCLE('',#1773,0.399999999992969);
#88=CIRCLE('',#1774,1.88284271247747);
#89=CIRCLE('',#1776,0.919238815542686);
#90=CIRCLE('',#1785,3.00000000000003);
#91=CIRCLE('',#1786,2.16568542494678);
#92=CIRCLE('',#1788,0.399999999992969);
#93=CIRCLE('',#1789,1.88284271247747);
#94=CIRCLE('',#1791,0.919238815542686);
#95=CIRCLE('',#1795,3.00000000000003);
#96=CIRCLE('',#1800,3.00000000000003);
#97=CIRCLE('',#1801,2.16568542494678);
#98=CIRCLE('',#1803,0.399999999992969);
#99=CIRCLE('',#1804,1.88284271247747);
#100=CIRCLE('',#1806,0.919238815542686);
#101=CIRCLE('',#1810,3.00000000000003);
#102=CIRCLE('',#1814,3.00000000000003);
#103=CIRCLE('',#1815,2.16568542494678);
#104=CIRCLE('',#1817,0.399999999992969);
#105=CIRCLE('',#1818,1.88284271247747);
#106=CIRCLE('',#1820,0.919238815542686);
#107=CIRCLE('',#1825,3.00000000000003);
#108=CIRCLE('',#1826,2.16568542494678);
#109=CIRCLE('',#1828,0.399999999992969);
#110=CIRCLE('',#1829,1.88284271247747);
#111=CIRCLE('',#1831,0.919238815542686);
#112=CIRCLE('',#1840,3.00000000000003);
#113=CIRCLE('',#1841,2.16568542494671);
#114=CIRCLE('',#1843,1.67071067812076);
#115=CIRCLE('',#1844,0.699999999993485);
#116=CIRCLE('',#1846,0.707106781186704);
#117=CIRCLE('',#1850,3.00000000000003);
#118=CIRCLE('',#1852,2.16568542494671);
#119=CIRCLE('',#1854,1.67071067812076);
#120=CIRCLE('',#1855,0.699999999993485);
#121=CIRCLE('',#1857,0.707106781186704);
#122=CIRCLE('',#1864,3.00000000000003);
#123=CIRCLE('',#1865,2.16568542494671);
#124=CIRCLE('',#1867,1.67071067812076);
#125=CIRCLE('',#1868,0.699999999993485);
#126=CIRCLE('',#1870,0.707106781186704);
#127=CIRCLE('',#1874,3.00000000000003);
#128=CIRCLE('',#1876,2.16568542494671);
#129=CIRCLE('',#1878,1.67071067812076);
#130=CIRCLE('',#1879,0.699999999993485);
#131=CIRCLE('',#1881,0.707106781186704);
#132=FACE_OUTER_BOUND('',#236,.T.);
#133=FACE_OUTER_BOUND('',#237,.T.);
#134=FACE_OUTER_BOUND('',#238,.T.);
#135=FACE_OUTER_BOUND('',#239,.T.);
#136=FACE_OUTER_BOUND('',#240,.T.);
#137=FACE_OUTER_BOUND('',#241,.T.);
#138=FACE_OUTER_BOUND('',#242,.T.);
#139=FACE_OUTER_BOUND('',#243,.T.);
#140=FACE_OUTER_BOUND('',#244,.T.);
#141=FACE_OUTER_BOUND('',#245,.T.);
#142=FACE_OUTER_BOUND('',#246,.T.);
#143=FACE_OUTER_BOUND('',#247,.T.);
#144=FACE_OUTER_BOUND('',#248,.T.);
#145=FACE_OUTER_BOUND('',#249,.T.);
#146=FACE_OUTER_BOUND('',#250,.T.);
#147=FACE_OUTER_BOUND('',#252,.T.);
#148=FACE_OUTER_BOUND('',#253,.T.);
#149=FACE_OUTER_BOUND('',#254,.T.);
#150=FACE_OUTER_BOUND('',#255,.T.);
#151=FACE_OUTER_BOUND('',#256,.T.);
#152=FACE_OUTER_BOUND('',#257,.T.);
#153=FACE_OUTER_BOUND('',#259,.T.);
#154=FACE_OUTER_BOUND('',#260,.T.);
#155=FACE_OUTER_BOUND('',#261,.T.);
#156=FACE_OUTER_BOUND('',#262,.T.);
#157=FACE_OUTER_BOUND('',#263,.T.);
#158=FACE_OUTER_BOUND('',#264,.T.);
#159=FACE_OUTER_BOUND('',#265,.T.);
#160=FACE_OUTER_BOUND('',#266,.T.);
#161=FACE_OUTER_BOUND('',#268,.T.);
#162=FACE_OUTER_BOUND('',#269,.T.);
#163=FACE_OUTER_BOUND('',#270,.T.);
#164=FACE_OUTER_BOUND('',#271,.T.);
#165=FACE_OUTER_BOUND('',#272,.T.);
#166=FACE_OUTER_BOUND('',#274,.T.);
#167=FACE_OUTER_BOUND('',#275,.T.);
#168=FACE_OUTER_BOUND('',#276,.T.);
#169=FACE_OUTER_BOUND('',#277,.T.);
#170=FACE_OUTER_BOUND('',#278,.T.);
#171=FACE_OUTER_BOUND('',#279,.T.);
#172=FACE_OUTER_BOUND('',#280,.T.);
#173=FACE_OUTER_BOUND('',#281,.T.);
#174=FACE_OUTER_BOUND('',#282,.T.);
#175=FACE_OUTER_BOUND('',#283,.T.);
#176=FACE_OUTER_BOUND('',#285,.T.);
#177=FACE_OUTER_BOUND('',#286,.T.);
#178=FACE_OUTER_BOUND('',#287,.T.);
#179=FACE_OUTER_BOUND('',#288,.T.);
#180=FACE_OUTER_BOUND('',#289,.T.);
#181=FACE_OUTER_BOUND('',#290,.T.);
#182=FACE_OUTER_BOUND('',#291,.T.);
#183=FACE_OUTER_BOUND('',#292,.T.);
#184=FACE_OUTER_BOUND('',#293,.T.);
#185=FACE_OUTER_BOUND('',#295,.T.);
#186=FACE_OUTER_BOUND('',#296,.T.);
#187=FACE_OUTER_BOUND('',#297,.T.);
#188=FACE_OUTER_BOUND('',#298,.T.);
#189=FACE_OUTER_BOUND('',#299,.T.);
#190=FACE_OUTER_BOUND('',#300,.T.);
#191=FACE_OUTER_BOUND('',#301,.T.);
#192=FACE_OUTER_BOUND('',#302,.T.);
#193=FACE_OUTER_BOUND('',#304,.T.);
#194=FACE_OUTER_BOUND('',#305,.T.);
#195=FACE_OUTER_BOUND('',#306,.T.);
#196=FACE_OUTER_BOUND('',#307,.T.);
#197=FACE_OUTER_BOUND('',#308,.T.);
#198=FACE_OUTER_BOUND('',#309,.T.);
#199=FACE_OUTER_BOUND('',#311,.T.);
#200=FACE_OUTER_BOUND('',#312,.T.);
#201=FACE_OUTER_BOUND('',#313,.T.);
#202=FACE_OUTER_BOUND('',#314,.T.);
#203=FACE_OUTER_BOUND('',#315,.T.);
#204=FACE_OUTER_BOUND('',#316,.T.);
#205=FACE_OUTER_BOUND('',#317,.T.);
#206=FACE_OUTER_BOUND('',#318,.T.);
#207=FACE_OUTER_BOUND('',#319,.T.);
#208=FACE_OUTER_BOUND('',#320,.T.);
#209=FACE_OUTER_BOUND('',#322,.T.);
#210=FACE_OUTER_BOUND('',#323,.T.);
#211=FACE_OUTER_BOUND('',#324,.T.);
#212=FACE_OUTER_BOUND('',#325,.T.);
#213=FACE_OUTER_BOUND('',#326,.T.);
#214=FACE_OUTER_BOUND('',#327,.T.);
#215=FACE_OUTER_BOUND('',#329,.T.);
#216=FACE_OUTER_BOUND('',#330,.T.);
#217=FACE_OUTER_BOUND('',#331,.T.);
#218=FACE_OUTER_BOUND('',#332,.T.);
#219=FACE_OUTER_BOUND('',#333,.T.);
#220=FACE_OUTER_BOUND('',#334,.T.);
#221=FACE_OUTER_BOUND('',#335,.T.);
#222=FACE_OUTER_BOUND('',#336,.T.);
#223=FACE_OUTER_BOUND('',#338,.T.);
#224=FACE_OUTER_BOUND('',#339,.T.);
#225=FACE_OUTER_BOUND('',#340,.T.);
#226=FACE_OUTER_BOUND('',#341,.T.);
#227=FACE_OUTER_BOUND('',#342,.T.);
#228=FACE_OUTER_BOUND('',#343,.T.);
#229=FACE_OUTER_BOUND('',#345,.T.);
#230=FACE_OUTER_BOUND('',#346,.T.);
#231=FACE_OUTER_BOUND('',#347,.T.);
#232=FACE_OUTER_BOUND('',#348,.T.);
#233=FACE_OUTER_BOUND('',#349,.T.);
#234=FACE_OUTER_BOUND('',#350,.T.);
#235=FACE_OUTER_BOUND('',#351,.T.);
#236=EDGE_LOOP('',(#1074,#1075,#1076,#1077));
#237=EDGE_LOOP('',(#1078,#1079,#1080,#1081));
#238=EDGE_LOOP('',(#1082,#1083,#1084,#1085));
#239=EDGE_LOOP('',(#1086,#1087,#1088,#1089));
#240=EDGE_LOOP('',(#1090,#1091,#1092,#1093));
#241=EDGE_LOOP('',(#1094,#1095,#1096,#1097));
#242=EDGE_LOOP('',(#1098,#1099,#1100,#1101));
#243=EDGE_LOOP('',(#1102,#1103,#1104,#1105));
#244=EDGE_LOOP('',(#1106,#1107,#1108,#1109));
#245=EDGE_LOOP('',(#1110,#1111,#1112,#1113));
#246=EDGE_LOOP('',(#1114,#1115,#1116,#1117));
#247=EDGE_LOOP('',(#1118,#1119,#1120,#1121));
#248=EDGE_LOOP('',(#1122,#1123,#1124,#1125,#1126,#1127));
#249=EDGE_LOOP('',(#1128,#1129,#1130,#1131));
#250=EDGE_LOOP('',(#1132,#1133,#1134,#1135,#1136));
#251=EDGE_LOOP('',(#1137));
#252=EDGE_LOOP('',(#1138,#1139,#1140,#1141));
#253=EDGE_LOOP('',(#1142,#1143,#1144,#1145));
#254=EDGE_LOOP('',(#1146));
#255=EDGE_LOOP('',(#1147,#1148,#1149,#1150));
#256=EDGE_LOOP('',(#1151,#1152,#1153,#1154));
#257=EDGE_LOOP('',(#1155,#1156,#1157,#1158,#1159));
#258=EDGE_LOOP('',(#1160));
#259=EDGE_LOOP('',(#1161,#1162,#1163,#1164));
#260=EDGE_LOOP('',(#1165,#1166,#1167,#1168));
#261=EDGE_LOOP('',(#1169));
#262=EDGE_LOOP('',(#1170,#1171,#1172,#1173));
#263=EDGE_LOOP('',(#1174,#1175,#1176,#1177));
#264=EDGE_LOOP('',(#1178,#1179,#1180,#1181,#1182,#1183,#1184,#1185,#1186,
#1187,#1188,#1189,#1190,#1191,#1192,#1193,#1194,#1195,#1196,#1197,#1198,
#1199,#1200,#1201,#1202,#1203,#1204,#1205));
#265=EDGE_LOOP('',(#1206,#1207,#1208,#1209,#1210));
#266=EDGE_LOOP('',(#1211,#1212,#1213,#1214,#1215));
#267=EDGE_LOOP('',(#1216));
#268=EDGE_LOOP('',(#1217,#1218,#1219,#1220));
#269=EDGE_LOOP('',(#1221,#1222,#1223,#1224));
#270=EDGE_LOOP('',(#1225));
#271=EDGE_LOOP('',(#1226,#1227,#1228,#1229,#1230));
#272=EDGE_LOOP('',(#1231,#1232,#1233,#1234,#1235));
#273=EDGE_LOOP('',(#1236));
#274=EDGE_LOOP('',(#1237,#1238,#1239,#1240));
#275=EDGE_LOOP('',(#1241,#1242,#1243,#1244));
#276=EDGE_LOOP('',(#1245));
#277=EDGE_LOOP('',(#1246,#1247,#1248,#1249));
#278=EDGE_LOOP('',(#1250,#1251,#1252,#1253));
#279=EDGE_LOOP('',(#1254,#1255,#1256,#1257,#1258,#1259));
#280=EDGE_LOOP('',(#1260,#1261,#1262,#1263));
#281=EDGE_LOOP('',(#1264,#1265,#1266,#1267,#1268));
#282=EDGE_LOOP('',(#1269,#1270,#1271,#1272,#1273));
#283=EDGE_LOOP('',(#1274,#1275,#1276,#1277,#1278));
#284=EDGE_LOOP('',(#1279));
#285=EDGE_LOOP('',(#1280,#1281,#1282,#1283));
#286=EDGE_LOOP('',(#1284,#1285,#1286,#1287));
#287=EDGE_LOOP('',(#1288));
#288=EDGE_LOOP('',(#1289,#1290,#1291,#1292));
#289=EDGE_LOOP('',(#1293,#1294,#1295,#1296));
#290=EDGE_LOOP('',(#1297,#1298,#1299,#1300,#1301,#1302,#1303,#1304,#1305));
#291=EDGE_LOOP('',(#1306,#1307,#1308,#1309,#1310));
#292=EDGE_LOOP('',(#1311,#1312,#1313,#1314,#1315));
#293=EDGE_LOOP('',(#1316,#1317,#1318,#1319,#1320));
#294=EDGE_LOOP('',(#1321));
#295=EDGE_LOOP('',(#1322,#1323,#1324,#1325));
#296=EDGE_LOOP('',(#1326,#1327,#1328,#1329));
#297=EDGE_LOOP('',(#1330));
#298=EDGE_LOOP('',(#1331,#1332,#1333,#1334));
#299=EDGE_LOOP('',(#1335,#1336,#1337,#1338));
#300=EDGE_LOOP('',(#1339,#1340,#1341,#1342,#1343,#1344,#1345,#1346,#1347));
#301=EDGE_LOOP('',(#1348,#1349,#1350,#1351,#1352));
#302=EDGE_LOOP('',(#1353,#1354,#1355,#1356,#1357));
#303=EDGE_LOOP('',(#1358));
#304=EDGE_LOOP('',(#1359,#1360,#1361,#1362));
#305=EDGE_LOOP('',(#1363,#1364,#1365,#1366));
#306=EDGE_LOOP('',(#1367));
#307=EDGE_LOOP('',(#1368,#1369,#1370,#1371,#1372));
#308=EDGE_LOOP('',(#1373,#1374,#1375,#1376,#1377,#1378));
#309=EDGE_LOOP('',(#1379,#1380,#1381,#1382,#1383));
#310=EDGE_LOOP('',(#1384));
#311=EDGE_LOOP('',(#1385,#1386,#1387,#1388));
#312=EDGE_LOOP('',(#1389,#1390,#1391,#1392));
#313=EDGE_LOOP('',(#1393));
#314=EDGE_LOOP('',(#1394,#1395,#1396,#1397));
#315=EDGE_LOOP('',(#1398,#1399,#1400,#1401));
#316=EDGE_LOOP('',(#1402,#1403,#1404,#1405));
#317=EDGE_LOOP('',(#1406,#1407,#1408,#1409));
#318=EDGE_LOOP('',(#1410,#1411,#1412,#1413,#1414,#1415));
#319=EDGE_LOOP('',(#1416,#1417,#1418,#1419));
#320=EDGE_LOOP('',(#1420,#1421,#1422,#1423,#1424));
#321=EDGE_LOOP('',(#1425));
#322=EDGE_LOOP('',(#1426,#1427,#1428,#1429));
#323=EDGE_LOOP('',(#1430,#1431,#1432,#1433));
#324=EDGE_LOOP('',(#1434));
#325=EDGE_LOOP('',(#1435,#1436,#1437,#1438));
#326=EDGE_LOOP('',(#1439,#1440,#1441,#1442));
#327=EDGE_LOOP('',(#1443,#1444,#1445,#1446,#1447));
#328=EDGE_LOOP('',(#1448));
#329=EDGE_LOOP('',(#1449,#1450,#1451,#1452));
#330=EDGE_LOOP('',(#1453,#1454,#1455,#1456));
#331=EDGE_LOOP('',(#1457));
#332=EDGE_LOOP('',(#1458,#1459,#1460,#1461));
#333=EDGE_LOOP('',(#1462,#1463,#1464,#1465));
#334=EDGE_LOOP('',(#1466,#1467,#1468,#1469,#1470,#1471));
#335=EDGE_LOOP('',(#1472,#1473,#1474,#1475));
#336=EDGE_LOOP('',(#1476,#1477,#1478,#1479,#1480));
#337=EDGE_LOOP('',(#1481));
#338=EDGE_LOOP('',(#1482,#1483,#1484,#1485));
#339=EDGE_LOOP('',(#1486,#1487,#1488,#1489));
#340=EDGE_LOOP('',(#1490));
#341=EDGE_LOOP('',(#1491,#1492,#1493,#1494));
#342=EDGE_LOOP('',(#1495,#1496,#1497,#1498));
#343=EDGE_LOOP('',(#1499,#1500,#1501,#1502,#1503));
#344=EDGE_LOOP('',(#1504));
#345=EDGE_LOOP('',(#1505,#1506,#1507,#1508));
#346=EDGE_LOOP('',(#1509,#1510,#1511,#1512));
#347=EDGE_LOOP('',(#1513));
#348=EDGE_LOOP('',(#1514,#1515,#1516,#1517));
#349=EDGE_LOOP('',(#1518,#1519,#1520,#1521,#1522,#1523,#1524,#1525,#1526,
#1527));
#350=EDGE_LOOP('',(#1528,#1529,#1530,#1531));
#351=EDGE_LOOP('',(#1532,#1533,#1534,#1535,#1536,#1537,#1538,#1539,#1540,
#1541));
#352=LINE('',#2397,#524);
#353=LINE('',#2399,#525);
#354=LINE('',#2401,#526);
#355=LINE('',#2402,#527);
#356=LINE('',#2406,#528);
#357=LINE('',#2408,#529);
#358=LINE('',#2410,#530);
#359=LINE('',#2411,#531);
#360=LINE('',#2415,#532);
#361=LINE('',#2417,#533);
#362=LINE('',#2419,#534);
#363=LINE('',#2420,#535);
#364=LINE('',#2423,#536);
#365=LINE('',#2425,#537);
#366=LINE('',#2426,#538);
#367=LINE('',#2430,#539);
#368=LINE('',#2432,#540);
#369=LINE('',#2434,#541);
#370=LINE('',#2435,#542);
#371=LINE('',#2439,#543);
#372=LINE('',#2441,#544);
#373=LINE('',#2443,#545);
#374=LINE('',#2444,#546);
#375=LINE('',#2448,#547);
#376=LINE('',#2450,#548);
#377=LINE('',#2452,#549);
#378=LINE('',#2453,#550);
#379=LINE('',#2457,#551);
#380=LINE('',#2459,#552);
#381=LINE('',#2461,#553);
#382=LINE('',#2462,#554);
#383=LINE('',#2465,#555);
#384=LINE('',#2467,#556);
#385=LINE('',#2468,#557);
#386=LINE('',#2472,#558);
#387=LINE('',#2474,#559);
#388=LINE('',#2476,#560);
#389=LINE('',#2477,#561);
#390=LINE('',#2479,#562);
#391=LINE('',#2480,#563);
#392=LINE('',#2484,#564);
#393=LINE('',#2485,#565);
#394=LINE('',#2486,#566);
#395=LINE('',#2489,#567);
#396=LINE('',#2491,#568);
#397=LINE('',#2493,#569);
#398=LINE('',#2495,#570);
#399=LINE('',#2496,#571);
#400=LINE('',#2498,#572);
#401=LINE('',#2499,#573);
#402=LINE('',#2504,#574);
#403=LINE('',#2505,#575);
#404=LINE('',#2514,#576);
#405=LINE('',#2519,#577);
#406=LINE('',#2521,#578);
#407=LINE('',#2522,#579);
#408=LINE('',#2526,#580);
#409=LINE('',#2535,#581);
#410=LINE('',#2540,#582);
#411=LINE('',#2541,#583);
#412=LINE('',#2544,#584);
#413=LINE('',#2545,#585);
#414=LINE('',#2548,#586);
#415=LINE('',#2550,#587);
#416=LINE('',#2551,#588);
#417=LINE('',#2553,#589);
#418=LINE('',#2555,#590);
#419=LINE('',#2556,#591);
#420=LINE('',#2558,#592);
#421=LINE('',#2560,#593);
#422=LINE('',#2561,#594);
#423=LINE('',#2563,#595);
#424=LINE('',#2565,#596);
#425=LINE('',#2566,#597);
#426=LINE('',#2568,#598);
#427=LINE('',#2570,#599);
#428=LINE('',#2571,#600);
#429=LINE('',#2573,#601);
#430=LINE('',#2575,#602);
#431=LINE('',#2576,#603);
#432=LINE('',#2579,#604);
#433=LINE('',#2580,#605);
#434=LINE('',#2583,#606);
#435=LINE('',#2586,#607);
#436=LINE('',#2596,#608);
#437=LINE('',#2600,#609);
#438=LINE('',#2601,#610);
#439=LINE('',#2604,#611);
#440=LINE('',#2608,#612);
#441=LINE('',#2609,#613);
#442=LINE('',#2619,#614);
#443=LINE('',#2622,#615);
#444=LINE('',#2623,#616);
#445=LINE('',#2625,#617);
#446=LINE('',#2629,#618);
#447=LINE('',#2630,#619);
#448=LINE('',#2633,#620);
#449=LINE('',#2634,#621);
#450=LINE('',#2637,#622);
#451=LINE('',#2639,#623);
#452=LINE('',#2640,#624);
#453=LINE('',#2645,#625);
#454=LINE('',#2646,#626);
#455=LINE('',#2656,#627);
#456=LINE('',#2660,#628);
#457=LINE('',#2662,#629);
#458=LINE('',#2663,#630);
#459=LINE('',#2668,#631);
#460=LINE('',#2670,#632);
#461=LINE('',#2672,#633);
#462=LINE('',#2673,#634);
#463=LINE('',#2676,#635);
#464=LINE('',#2677,#636);
#465=LINE('',#2680,#637);
#466=LINE('',#2682,#638);
#467=LINE('',#2683,#639);
#468=LINE('',#2686,#640);
#469=LINE('',#2697,#641);
#470=LINE('',#2701,#642);
#471=LINE('',#2703,#643);
#472=LINE('',#2704,#644);
#473=LINE('',#2709,#645);
#474=LINE('',#2711,#646);
#475=LINE('',#2712,#647);
#476=LINE('',#2715,#648);
#477=LINE('',#2716,#649);
#478=LINE('',#2719,#650);
#479=LINE('',#2721,#651);
#480=LINE('',#2724,#652);
#481=LINE('',#2734,#653);
#482=LINE('',#2738,#654);
#483=LINE('',#2739,#655);
#484=LINE('',#2742,#656);
#485=LINE('',#2743,#657);
#486=LINE('',#2747,#658);
#487=LINE('',#2757,#659);
#488=LINE('',#2760,#660);
#489=LINE('',#2761,#661);
#490=LINE('',#2764,#662);
#491=LINE('',#2767,#663);
#492=LINE('',#2768,#664);
#493=LINE('',#2771,#665);
#494=LINE('',#2773,#666);
#495=LINE('',#2775,#667);
#496=LINE('',#2776,#668);
#497=LINE('',#2778,#669);
#498=LINE('',#2781,#670);
#499=LINE('',#2783,#671);
#500=LINE('',#2793,#672);
#501=LINE('',#2798,#673);
#502=LINE('',#2800,#674);
#503=LINE('',#2801,#675);
#504=LINE('',#2805,#676);
#505=LINE('',#2814,#677);
#506=LINE('',#2819,#678);
#507=LINE('',#2820,#679);
#508=LINE('',#2823,#680);
#509=LINE('',#2824,#681);
#510=LINE('',#2827,#682);
#511=LINE('',#2829,#683);
#512=LINE('',#2831,#684);
#513=LINE('',#2832,#685);
#514=LINE('',#2834,#686);
#515=LINE('',#2837,#687);
#516=LINE('',#2847,#688);
#517=LINE('',#2852,#689);
#518=LINE('',#2853,#690);
#519=LINE('',#2854,#691);
#520=LINE('',#2866,#692);
#521=LINE('',#2870,#693);
#522=LINE('',#2872,#694);
#523=LINE('',#2874,#695);
#524=VECTOR('',#1891,10.);
#525=VECTOR('',#1892,10.);
#526=VECTOR('',#1893,10.);
#527=VECTOR('',#1894,10.);
#528=VECTOR('',#1897,10.);
#529=VECTOR('',#1898,10.);
#530=VECTOR('',#1899,10.);
#531=VECTOR('',#1900,10.);
#532=VECTOR('',#1903,10.);
#533=VECTOR('',#1904,10.);
#534=VECTOR('',#1905,10.);
#535=VECTOR('',#1906,10.);
#536=VECTOR('',#1909,10.);
#537=VECTOR('',#1910,10.);
#538=VECTOR('',#1911,10.);
#539=VECTOR('',#1914,10.);
#540=VECTOR('',#1915,10.);
#541=VECTOR('',#1916,10.);
#542=VECTOR('',#1917,10.);
#543=VECTOR('',#1920,10.);
#544=VECTOR('',#1921,10.);
#545=VECTOR('',#1922,10.);
#546=VECTOR('',#1923,10.);
#547=VECTOR('',#1926,10.);
#548=VECTOR('',#1927,10.);
#549=VECTOR('',#1928,10.);
#550=VECTOR('',#1929,10.);
#551=VECTOR('',#1932,10.);
#552=VECTOR('',#1933,10.);
#553=VECTOR('',#1934,10.);
#554=VECTOR('',#1935,10.);
#555=VECTOR('',#1938,10.);
#556=VECTOR('',#1939,10.);
#557=VECTOR('',#1940,10.);
#558=VECTOR('',#1943,10.);
#559=VECTOR('',#1944,10.);
#560=VECTOR('',#1945,10.);
#561=VECTOR('',#1946,10.);
#562=VECTOR('',#1949,10.);
#563=VECTOR('',#1950,10.);
#564=VECTOR('',#1953,10.);
#565=VECTOR('',#1954,10.);
#566=VECTOR('',#1955,10.);
#567=VECTOR('',#1958,10.);
#568=VECTOR('',#1959,10.);
#569=VECTOR('',#1960,10.);
#570=VECTOR('',#1961,10.);
#571=VECTOR('',#1962,10.);
#572=VECTOR('',#1965,10.);
#573=VECTOR('',#1966,10.);
#574=VECTOR('',#1971,10.);
#575=VECTOR('',#1972,10.);
#576=VECTOR('',#1983,1.18890872965373);
#577=VECTOR('',#1990,10.);
#578=VECTOR('',#1991,10.);
#579=VECTOR('',#1992,10.);
#580=VECTOR('',#1999,10.);
#581=VECTOR('',#2010,1.18890872965373);
#582=VECTOR('',#2017,10.);
#583=VECTOR('',#2018,10.);
#584=VECTOR('',#2021,10.);
#585=VECTOR('',#2022,10.);
#586=VECTOR('',#2025,10.);
#587=VECTOR('',#2026,10.);
#588=VECTOR('',#2027,10.);
#589=VECTOR('',#2028,10.);
#590=VECTOR('',#2029,10.);
#591=VECTOR('',#2030,10.);
#592=VECTOR('',#2031,10.);
#593=VECTOR('',#2032,10.);
#594=VECTOR('',#2033,10.);
#595=VECTOR('',#2034,10.);
#596=VECTOR('',#2035,10.);
#597=VECTOR('',#2036,10.);
#598=VECTOR('',#2037,10.);
#599=VECTOR('',#2038,10.);
#600=VECTOR('',#2039,10.);
#601=VECTOR('',#2040,10.);
#602=VECTOR('',#2041,10.);
#603=VECTOR('',#2042,10.);
#604=VECTOR('',#2045,10.);
#605=VECTOR('',#2046,10.);
#606=VECTOR('',#2049,10.);
#607=VECTOR('',#2052,10.);
#608=VECTOR('',#2065,1.40104076400988);
#609=VECTOR('',#2070,10.);
#610=VECTOR('',#2071,10.);
#611=VECTOR('',#2074,10.);
#612=VECTOR('',#2077,10.);
#613=VECTOR('',#2078,10.);
#614=VECTOR('',#2091,1.40104076400988);
#615=VECTOR('',#2096,10.);
#616=VECTOR('',#2097,10.);
#617=VECTOR('',#2100,10.);
#618=VECTOR('',#2105,10.);
#619=VECTOR('',#2106,10.);
#620=VECTOR('',#2109,10.);
#621=VECTOR('',#2110,10.);
#622=VECTOR('',#2113,10.);
#623=VECTOR('',#2114,10.);
#624=VECTOR('',#2115,10.);
#625=VECTOR('',#2120,10.);
#626=VECTOR('',#2121,10.);
#627=VECTOR('',#2134,1.40104076400989);
#628=VECTOR('',#2139,10.);
#629=VECTOR('',#2140,10.);
#630=VECTOR('',#2141,10.);
#631=VECTOR('',#2148,10.);
#632=VECTOR('',#2149,10.);
#633=VECTOR('',#2150,10.);
#634=VECTOR('',#2151,10.);
#635=VECTOR('',#2154,10.);
#636=VECTOR('',#2155,10.);
#637=VECTOR('',#2158,10.);
#638=VECTOR('',#2159,10.);
#639=VECTOR('',#2160,10.);
#640=VECTOR('',#2163,10.);
#641=VECTOR('',#2178,1.40104076400989);
#642=VECTOR('',#2183,10.);
#643=VECTOR('',#2184,10.);
#644=VECTOR('',#2185,10.);
#645=VECTOR('',#2192,10.);
#646=VECTOR('',#2193,10.);
#647=VECTOR('',#2194,10.);
#648=VECTOR('',#2197,10.);
#649=VECTOR('',#2198,10.);
#650=VECTOR('',#2201,10.);
#651=VECTOR('',#2202,10.);
#652=VECTOR('',#2205,10.);
#653=VECTOR('',#2218,1.40104076400988);
#654=VECTOR('',#2223,10.);
#655=VECTOR('',#2224,10.);
#656=VECTOR('',#2227,10.);
#657=VECTOR('',#2228,10.);
#658=VECTOR('',#2233,10.);
#659=VECTOR('',#2246,1.40104076400989);
#660=VECTOR('',#2251,10.);
#661=VECTOR('',#2252,10.);
#662=VECTOR('',#2257,10.);
#663=VECTOR('',#2260,10.);
#664=VECTOR('',#2261,10.);
#665=VECTOR('',#2264,10.);
#666=VECTOR('',#2265,10.);
#667=VECTOR('',#2266,10.);
#668=VECTOR('',#2267,10.);
#669=VECTOR('',#2270,10.);
#670=VECTOR('',#2273,10.);
#671=VECTOR('',#2274,10.);
#672=VECTOR('',#2287,1.18890872965373);
#673=VECTOR('',#2294,10.);
#674=VECTOR('',#2295,10.);
#675=VECTOR('',#2296,10.);
#676=VECTOR('',#2303,10.);
#677=VECTOR('',#2314,1.18890872965373);
#678=VECTOR('',#2321,10.);
#679=VECTOR('',#2322,10.);
#680=VECTOR('',#2325,10.);
#681=VECTOR('',#2326,10.);
#682=VECTOR('',#2329,10.);
#683=VECTOR('',#2330,10.);
#684=VECTOR('',#2331,10.);
#685=VECTOR('',#2332,10.);
#686=VECTOR('',#2335,10.);
#687=VECTOR('',#2338,10.);
#688=VECTOR('',#2351,1.18890872965373);
#689=VECTOR('',#2358,10.);
#690=VECTOR('',#2359,10.);
#691=VECTOR('',#2360,10.);
#692=VECTOR('',#2377,1.18890872965373);
#693=VECTOR('',#2384,10.);
#694=VECTOR('',#2387,10.);
#695=VECTOR('',#2390,10.);
#696=VERTEX_POINT('',#2395);
#697=VERTEX_POINT('',#2396);
#698=VERTEX_POINT('',#2398);
#699=VERTEX_POINT('',#2400);
#700=VERTEX_POINT('',#2404);
#701=VERTEX_POINT('',#2405);
#702=VERTEX_POINT('',#2407);
#703=VERTEX_POINT('',#2409);
#704=VERTEX_POINT('',#2413);
#705=VERTEX_POINT('',#2414);
#706=VERTEX_POINT('',#2416);
#707=VERTEX_POINT('',#2418);
#708=VERTEX_POINT('',#2422);
#709=VERTEX_POINT('',#2424);
#710=VERTEX_POINT('',#2428);
#711=VERTEX_POINT('',#2429);
#712=VERTEX_POINT('',#2431);
#713=VERTEX_POINT('',#2433);
#714=VERTEX_POINT('',#2437);
#715=VERTEX_POINT('',#2438);
#716=VERTEX_POINT('',#2440);
#717=VERTEX_POINT('',#2442);
#718=VERTEX_POINT('',#2446);
#719=VERTEX_POINT('',#2447);
#720=VERTEX_POINT('',#2449);
#721=VERTEX_POINT('',#2451);
#722=VERTEX_POINT('',#2455);
#723=VERTEX_POINT('',#2456);
#724=VERTEX_POINT('',#2458);
#725=VERTEX_POINT('',#2460);
#726=VERTEX_POINT('',#2464);
#727=VERTEX_POINT('',#2466);
#728=VERTEX_POINT('',#2470);
#729=VERTEX_POINT('',#2471);
#730=VERTEX_POINT('',#2473);
#731=VERTEX_POINT('',#2475);
#732=VERTEX_POINT('',#2482);
#733=VERTEX_POINT('',#2483);
#734=VERTEX_POINT('',#2488);
#735=VERTEX_POINT('',#2490);
#736=VERTEX_POINT('',#2492);
#737=VERTEX_POINT('',#2494);
#738=VERTEX_POINT('',#2501);
#739=VERTEX_POINT('',#2503);
#740=VERTEX_POINT('',#2506);
#741=VERTEX_POINT('',#2509);
#742=VERTEX_POINT('',#2513);
#743=VERTEX_POINT('',#2518);
#744=VERTEX_POINT('',#2520);
#745=VERTEX_POINT('',#2527);
#746=VERTEX_POINT('',#2530);
#747=VERTEX_POINT('',#2534);
#748=VERTEX_POINT('',#2539);
#749=VERTEX_POINT('',#2543);
#750=VERTEX_POINT('',#2547);
#751=VERTEX_POINT('',#2549);
#752=VERTEX_POINT('',#2552);
#753=VERTEX_POINT('',#2554);
#754=VERTEX_POINT('',#2557);
#755=VERTEX_POINT('',#2559);
#756=VERTEX_POINT('',#2562);
#757=VERTEX_POINT('',#2564);
#758=VERTEX_POINT('',#2567);
#759=VERTEX_POINT('',#2569);
#760=VERTEX_POINT('',#2572);
#761=VERTEX_POINT('',#2574);
#762=VERTEX_POINT('',#2578);
#763=VERTEX_POINT('',#2582);
#764=VERTEX_POINT('',#2584);
#765=VERTEX_POINT('',#2587);
#766=VERTEX_POINT('',#2590);
#767=VERTEX_POINT('',#2594);
#768=VERTEX_POINT('',#2599);
#769=VERTEX_POINT('',#2603);
#770=VERTEX_POINT('',#2605);
#771=VERTEX_POINT('',#2607);
#772=VERTEX_POINT('',#2610);
#773=VERTEX_POINT('',#2613);
#774=VERTEX_POINT('',#2617);
#775=VERTEX_POINT('',#2628);
#776=VERTEX_POINT('',#2632);
#777=VERTEX_POINT('',#2636);
#778=VERTEX_POINT('',#2638);
#779=VERTEX_POINT('',#2642);
#780=VERTEX_POINT('',#2644);
#781=VERTEX_POINT('',#2647);
#782=VERTEX_POINT('',#2650);
#783=VERTEX_POINT('',#2654);
#784=VERTEX_POINT('',#2659);
#785=VERTEX_POINT('',#2661);
#786=VERTEX_POINT('',#2667);
#787=VERTEX_POINT('',#2669);
#788=VERTEX_POINT('',#2671);
#789=VERTEX_POINT('',#2675);
#790=VERTEX_POINT('',#2679);
#791=VERTEX_POINT('',#2681);
#792=VERTEX_POINT('',#2685);
#793=VERTEX_POINT('',#2688);
#794=VERTEX_POINT('',#2691);
#795=VERTEX_POINT('',#2695);
#796=VERTEX_POINT('',#2700);
#797=VERTEX_POINT('',#2702);
#798=VERTEX_POINT('',#2708);
#799=VERTEX_POINT('',#2710);
#800=VERTEX_POINT('',#2714);
#801=VERTEX_POINT('',#2718);
#802=VERTEX_POINT('',#2720);
#803=VERTEX_POINT('',#2722);
#804=VERTEX_POINT('',#2725);
#805=VERTEX_POINT('',#2728);
#806=VERTEX_POINT('',#2732);
#807=VERTEX_POINT('',#2737);
#808=VERTEX_POINT('',#2741);
#809=VERTEX_POINT('',#2745);
#810=VERTEX_POINT('',#2748);
#811=VERTEX_POINT('',#2751);
#812=VERTEX_POINT('',#2755);
#813=VERTEX_POINT('',#2766);
#814=VERTEX_POINT('',#2770);
#815=VERTEX_POINT('',#2772);
#816=VERTEX_POINT('',#2774);
#817=VERTEX_POINT('',#2780);
#818=VERTEX_POINT('',#2782);
#819=VERTEX_POINT('',#2785);
#820=VERTEX_POINT('',#2788);
#821=VERTEX_POINT('',#2792);
#822=VERTEX_POINT('',#2797);
#823=VERTEX_POINT('',#2799);
#824=VERTEX_POINT('',#2806);
#825=VERTEX_POINT('',#2809);
#826=VERTEX_POINT('',#2813);
#827=VERTEX_POINT('',#2818);
#828=VERTEX_POINT('',#2822);
#829=VERTEX_POINT('',#2826);
#830=VERTEX_POINT('',#2828);
#831=VERTEX_POINT('',#2830);
#832=VERTEX_POINT('',#2836);
#833=VERTEX_POINT('',#2839);
#834=VERTEX_POINT('',#2842);
#835=VERTEX_POINT('',#2846);
#836=VERTEX_POINT('',#2851);
#837=VERTEX_POINT('',#2858);
#838=VERTEX_POINT('',#2861);
#839=VERTEX_POINT('',#2865);
#840=EDGE_CURVE('',#696,#697,#352,.T.);
#841=EDGE_CURVE('',#698,#696,#353,.T.);
#842=EDGE_CURVE('',#699,#698,#354,.T.);
#843=EDGE_CURVE('',#699,#697,#355,.T.);
#844=EDGE_CURVE('',#700,#701,#356,.T.);
#845=EDGE_CURVE('',#702,#700,#357,.T.);
#846=EDGE_CURVE('',#703,#702,#358,.T.);
#847=EDGE_CURVE('',#703,#701,#359,.T.);
#848=EDGE_CURVE('',#704,#705,#360,.T.);
#849=EDGE_CURVE('',#706,#704,#361,.T.);
#850=EDGE_CURVE('',#707,#706,#362,.T.);
#851=EDGE_CURVE('',#707,#705,#363,.T.);
#852=EDGE_CURVE('',#705,#708,#364,.T.);
#853=EDGE_CURVE('',#709,#707,#365,.T.);
#854=EDGE_CURVE('',#708,#709,#366,.T.);
#855=EDGE_CURVE('',#710,#711,#367,.T.);
#856=EDGE_CURVE('',#711,#712,#368,.T.);
#857=EDGE_CURVE('',#712,#713,#369,.T.);
#858=EDGE_CURVE('',#713,#710,#370,.T.);
#859=EDGE_CURVE('',#714,#715,#371,.T.);
#860=EDGE_CURVE('',#716,#715,#372,.T.);
#861=EDGE_CURVE('',#716,#717,#373,.T.);
#862=EDGE_CURVE('',#714,#717,#374,.T.);
#863=EDGE_CURVE('',#718,#719,#375,.T.);
#864=EDGE_CURVE('',#720,#719,#376,.T.);
#865=EDGE_CURVE('',#720,#721,#377,.T.);
#866=EDGE_CURVE('',#718,#721,#378,.T.);
#867=EDGE_CURVE('',#722,#723,#379,.T.);
#868=EDGE_CURVE('',#724,#723,#380,.T.);
#869=EDGE_CURVE('',#724,#725,#381,.T.);
#870=EDGE_CURVE('',#722,#725,#382,.T.);
#871=EDGE_CURVE('',#723,#726,#383,.T.);
#872=EDGE_CURVE('',#727,#726,#384,.T.);
#873=EDGE_CURVE('',#727,#724,#385,.T.);
#874=EDGE_CURVE('',#728,#729,#386,.T.);
#875=EDGE_CURVE('',#730,#729,#387,.T.);
#876=EDGE_CURVE('',#731,#730,#388,.T.);
#877=EDGE_CURVE('',#728,#731,#389,.T.);
#878=EDGE_CURVE('',#729,#711,#390,.T.);
#879=EDGE_CURVE('',#730,#710,#391,.T.);
#880=EDGE_CURVE('',#732,#733,#392,.T.);
#881=EDGE_CURVE('',#733,#700,#393,.T.);
#882=EDGE_CURVE('',#732,#701,#394,.T.);
#883=EDGE_CURVE('',#734,#732,#395,.T.);
#884=EDGE_CURVE('',#735,#734,#396,.T.);
#885=EDGE_CURVE('',#735,#736,#397,.T.);
#886=EDGE_CURVE('',#737,#736,#398,.T.);
#887=EDGE_CURVE('',#733,#737,#399,.T.);
#888=EDGE_CURVE('',#699,#734,#400,.T.);
#889=EDGE_CURVE('',#698,#735,#401,.T.);
#890=EDGE_CURVE('',#738,#737,#70,.T.);
#891=EDGE_CURVE('',#738,#739,#402,.T.);
#892=EDGE_CURVE('',#700,#739,#403,.T.);
#893=EDGE_CURVE('',#740,#740,#71,.T.);
#894=EDGE_CURVE('',#741,#741,#72,.T.);
#895=EDGE_CURVE('',#741,#740,#73,.T.);
#896=EDGE_CURVE('',#741,#742,#404,.T.);
#897=EDGE_CURVE('',#742,#742,#74,.T.);
#898=EDGE_CURVE('',#743,#738,#405,.T.);
#899=EDGE_CURVE('',#743,#744,#406,.T.);
#900=EDGE_CURVE('',#739,#744,#407,.T.);
#901=EDGE_CURVE('',#743,#736,#75,.T.);
#902=EDGE_CURVE('',#744,#698,#408,.T.);
#903=EDGE_CURVE('',#745,#745,#76,.T.);
#904=EDGE_CURVE('',#746,#746,#77,.T.);
#905=EDGE_CURVE('',#746,#745,#78,.T.);
#906=EDGE_CURVE('',#746,#747,#409,.T.);
#907=EDGE_CURVE('',#747,#747,#79,.T.);
#908=EDGE_CURVE('',#748,#739,#410,.T.);
#909=EDGE_CURVE('',#748,#702,#411,.T.);
#910=EDGE_CURVE('',#749,#696,#412,.T.);
#911=EDGE_CURVE('',#744,#749,#413,.T.);
#912=EDGE_CURVE('',#703,#750,#414,.T.);
#913=EDGE_CURVE('',#750,#751,#415,.T.);
#914=EDGE_CURVE('',#751,#720,#416,.T.);
#915=EDGE_CURVE('',#719,#752,#417,.T.);
#916=EDGE_CURVE('',#752,#753,#418,.T.);
#917=EDGE_CURVE('',#753,#716,#419,.T.);
#918=EDGE_CURVE('',#715,#754,#420,.T.);
#919=EDGE_CURVE('',#754,#755,#421,.T.);
#920=EDGE_CURVE('',#755,#722,#422,.T.);
#921=EDGE_CURVE('',#725,#756,#423,.T.);
#922=EDGE_CURVE('',#756,#757,#424,.T.);
#923=EDGE_CURVE('',#757,#728,#425,.T.);
#924=EDGE_CURVE('',#731,#758,#426,.T.);
#925=EDGE_CURVE('',#758,#759,#427,.T.);
#926=EDGE_CURVE('',#759,#706,#428,.T.);
#927=EDGE_CURVE('',#704,#760,#429,.T.);
#928=EDGE_CURVE('',#760,#761,#430,.T.);
#929=EDGE_CURVE('',#697,#761,#431,.T.);
#930=EDGE_CURVE('',#762,#710,#432,.T.);
#931=EDGE_CURVE('',#758,#762,#433,.T.);
#932=EDGE_CURVE('',#713,#763,#434,.T.);
#933=EDGE_CURVE('',#764,#763,#80,.T.);
#934=EDGE_CURVE('',#764,#762,#435,.T.);
#935=EDGE_CURVE('',#765,#765,#81,.T.);
#936=EDGE_CURVE('',#765,#766,#82,.T.);
#937=EDGE_CURVE('',#766,#766,#83,.T.);
#938=EDGE_CURVE('',#767,#767,#84,.T.);
#939=EDGE_CURVE('',#767,#766,#436,.T.);
#940=EDGE_CURVE('',#759,#768,#437,.T.);
#941=EDGE_CURVE('',#768,#709,#438,.T.);
#942=EDGE_CURVE('',#769,#768,#439,.T.);
#943=EDGE_CURVE('',#769,#770,#85,.T.);
#944=EDGE_CURVE('',#771,#770,#440,.T.);
#945=EDGE_CURVE('',#709,#771,#441,.T.);
#946=EDGE_CURVE('',#772,#772,#86,.T.);
#947=EDGE_CURVE('',#772,#773,#87,.T.);
#948=EDGE_CURVE('',#773,#773,#88,.T.);
#949=EDGE_CURVE('',#774,#774,#89,.T.);
#950=EDGE_CURVE('',#774,#773,#442,.T.);
#951=EDGE_CURVE('',#763,#770,#443,.T.);
#952=EDGE_CURVE('',#713,#771,#444,.T.);
#953=EDGE_CURVE('',#764,#769,#445,.T.);
#954=EDGE_CURVE('',#771,#775,#446,.T.);
#955=EDGE_CURVE('',#775,#708,#447,.T.);
#956=EDGE_CURVE('',#776,#755,#448,.T.);
#957=EDGE_CURVE('',#726,#776,#449,.T.);
#958=EDGE_CURVE('',#777,#754,#450,.T.);
#959=EDGE_CURVE('',#778,#777,#451,.T.);
#960=EDGE_CURVE('',#778,#776,#452,.T.);
#961=EDGE_CURVE('',#778,#779,#90,.T.);
#962=EDGE_CURVE('',#780,#779,#453,.T.);
#963=EDGE_CURVE('',#726,#780,#454,.T.);
#964=EDGE_CURVE('',#781,#781,#91,.T.);
#965=EDGE_CURVE('',#781,#782,#92,.T.);
#966=EDGE_CURVE('',#782,#782,#93,.T.);
#967=EDGE_CURVE('',#783,#783,#94,.T.);
#968=EDGE_CURVE('',#783,#782,#455,.T.);
#969=EDGE_CURVE('',#779,#784,#456,.T.);
#970=EDGE_CURVE('',#785,#784,#457,.T.);
#971=EDGE_CURVE('',#785,#780,#458,.T.);
#972=EDGE_CURVE('',#784,#777,#95,.T.);
#973=EDGE_CURVE('',#786,#714,#459,.T.);
#974=EDGE_CURVE('',#787,#786,#460,.T.);
#975=EDGE_CURVE('',#788,#787,#461,.T.);
#976=EDGE_CURVE('',#785,#788,#462,.T.);
#977=EDGE_CURVE('',#708,#789,#463,.T.);
#978=EDGE_CURVE('',#789,#760,#464,.T.);
#979=EDGE_CURVE('',#790,#789,#465,.T.);
#980=EDGE_CURVE('',#790,#791,#466,.T.);
#981=EDGE_CURVE('',#761,#791,#467,.T.);
#982=EDGE_CURVE('',#775,#792,#468,.T.);
#983=EDGE_CURVE('',#790,#792,#96,.T.);
#984=EDGE_CURVE('',#793,#793,#97,.T.);
#985=EDGE_CURVE('',#793,#794,#98,.T.);
#986=EDGE_CURVE('',#794,#794,#99,.T.);
#987=EDGE_CURVE('',#795,#795,#100,.T.);
#988=EDGE_CURVE('',#795,#794,#469,.T.);
#989=EDGE_CURVE('',#775,#796,#470,.T.);
#990=EDGE_CURVE('',#797,#796,#471,.T.);
#991=EDGE_CURVE('',#792,#797,#472,.T.);
#992=EDGE_CURVE('',#791,#797,#101,.T.);
#993=EDGE_CURVE('',#796,#798,#473,.T.);
#994=EDGE_CURVE('',#798,#799,#474,.T.);
#995=EDGE_CURVE('',#799,#749,#475,.T.);
#996=EDGE_CURVE('',#800,#727,#476,.T.);
#997=EDGE_CURVE('',#756,#800,#477,.T.);
#998=EDGE_CURVE('',#801,#727,#478,.T.);
#999=EDGE_CURVE('',#801,#802,#479,.T.);
#1000=EDGE_CURVE('',#803,#802,#102,.T.);
#1001=EDGE_CURVE('',#803,#800,#480,.T.);
#1002=EDGE_CURVE('',#804,#804,#103,.T.);
#1003=EDGE_CURVE('',#804,#805,#104,.T.);
#1004=EDGE_CURVE('',#805,#805,#105,.T.);
#1005=EDGE_CURVE('',#806,#806,#106,.T.);
#1006=EDGE_CURVE('',#806,#805,#481,.T.);
#1007=EDGE_CURVE('',#807,#757,#482,.T.);
#1008=EDGE_CURVE('',#711,#807,#483,.T.);
#1009=EDGE_CURVE('',#803,#808,#484,.T.);
#1010=EDGE_CURVE('',#808,#807,#485,.T.);
#1011=EDGE_CURVE('',#808,#809,#107,.T.);
#1012=EDGE_CURVE('',#712,#809,#486,.T.);
#1013=EDGE_CURVE('',#810,#810,#108,.T.);
#1014=EDGE_CURVE('',#810,#811,#109,.T.);
#1015=EDGE_CURVE('',#811,#811,#110,.T.);
#1016=EDGE_CURVE('',#812,#812,#111,.T.);
#1017=EDGE_CURVE('',#812,#811,#487,.T.);
#1018=EDGE_CURVE('',#809,#802,#488,.T.);
#1019=EDGE_CURVE('',#801,#712,#489,.T.);
#1020=EDGE_CURVE('',#780,#801,#490,.T.);
#1021=EDGE_CURVE('',#752,#813,#491,.T.);
#1022=EDGE_CURVE('',#813,#718,#492,.T.);
#1023=EDGE_CURVE('',#813,#814,#493,.T.);
#1024=EDGE_CURVE('',#814,#815,#494,.T.);
#1025=EDGE_CURVE('',#816,#815,#495,.T.);
#1026=EDGE_CURVE('',#816,#753,#496,.T.);
#1027=EDGE_CURVE('',#717,#816,#497,.T.);
#1028=EDGE_CURVE('',#817,#718,#498,.T.);
#1029=EDGE_CURVE('',#818,#817,#499,.T.);
#1030=EDGE_CURVE('',#818,#814,#112,.T.);
#1031=EDGE_CURVE('',#819,#819,#113,.T.);
#1032=EDGE_CURVE('',#820,#820,#114,.T.);
#1033=EDGE_CURVE('',#820,#819,#115,.T.);
#1034=EDGE_CURVE('',#820,#821,#500,.T.);
#1035=EDGE_CURVE('',#821,#821,#116,.T.);
#1036=EDGE_CURVE('',#822,#818,#501,.T.);
#1037=EDGE_CURVE('',#823,#817,#502,.T.);
#1038=EDGE_CURVE('',#822,#823,#503,.T.);
#1039=EDGE_CURVE('',#822,#815,#117,.T.);
#1040=EDGE_CURVE('',#717,#823,#504,.T.);
#1041=EDGE_CURVE('',#824,#824,#118,.T.);
#1042=EDGE_CURVE('',#825,#825,#119,.T.);
#1043=EDGE_CURVE('',#825,#824,#120,.T.);
#1044=EDGE_CURVE('',#825,#826,#505,.T.);
#1045=EDGE_CURVE('',#826,#826,#121,.T.);
#1046=EDGE_CURVE('',#721,#827,#506,.T.);
#1047=EDGE_CURVE('',#817,#827,#507,.T.);
#1048=EDGE_CURVE('',#750,#828,#508,.T.);
#1049=EDGE_CURVE('',#828,#702,#509,.T.);
#1050=EDGE_CURVE('',#828,#829,#510,.T.);
#1051=EDGE_CURVE('',#829,#830,#511,.T.);
#1052=EDGE_CURVE('',#831,#830,#512,.T.);
#1053=EDGE_CURVE('',#831,#751,#513,.T.);
#1054=EDGE_CURVE('',#721,#831,#514,.T.);
#1055=EDGE_CURVE('',#832,#748,#515,.T.);
#1056=EDGE_CURVE('',#832,#829,#122,.T.);
#1057=EDGE_CURVE('',#833,#833,#123,.T.);
#1058=EDGE_CURVE('',#834,#834,#124,.T.);
#1059=EDGE_CURVE('',#834,#833,#125,.T.);
#1060=EDGE_CURVE('',#834,#835,#516,.T.);
#1061=EDGE_CURVE('',#835,#835,#126,.T.);
#1062=EDGE_CURVE('',#836,#832,#517,.T.);
#1063=EDGE_CURVE('',#827,#748,#518,.T.);
#1064=EDGE_CURVE('',#836,#827,#519,.T.);
#1065=EDGE_CURVE('',#836,#830,#127,.T.);
#1066=EDGE_CURVE('',#837,#837,#128,.T.);
#1067=EDGE_CURVE('',#838,#838,#129,.T.);
#1068=EDGE_CURVE('',#838,#837,#130,.T.);
#1069=EDGE_CURVE('',#838,#839,#520,.T.);
#1070=EDGE_CURVE('',#839,#839,#131,.T.);
#1071=EDGE_CURVE('',#786,#823,#521,.T.);
#1072=EDGE_CURVE('',#787,#799,#522,.T.);
#1073=EDGE_CURVE('',#788,#798,#523,.T.);
#1074=ORIENTED_EDGE('',*,*,#840,.F.);
#1075=ORIENTED_EDGE('',*,*,#841,.F.);
#1076=ORIENTED_EDGE('',*,*,#842,.F.);
#1077=ORIENTED_EDGE('',*,*,#843,.T.);
#1078=ORIENTED_EDGE('',*,*,#844,.F.);
#1079=ORIENTED_EDGE('',*,*,#845,.F.);
#1080=ORIENTED_EDGE('',*,*,#846,.F.);
#1081=ORIENTED_EDGE('',*,*,#847,.T.);
#1082=ORIENTED_EDGE('',*,*,#848,.F.);
#1083=ORIENTED_EDGE('',*,*,#849,.F.);
#1084=ORIENTED_EDGE('',*,*,#850,.F.);
#1085=ORIENTED_EDGE('',*,*,#851,.T.);
#1086=ORIENTED_EDGE('',*,*,#852,.F.);
#1087=ORIENTED_EDGE('',*,*,#851,.F.);
#1088=ORIENTED_EDGE('',*,*,#853,.F.);
#1089=ORIENTED_EDGE('',*,*,#854,.F.);
#1090=ORIENTED_EDGE('',*,*,#855,.T.);
#1091=ORIENTED_EDGE('',*,*,#856,.T.);
#1092=ORIENTED_EDGE('',*,*,#857,.T.);
#1093=ORIENTED_EDGE('',*,*,#858,.T.);
#1094=ORIENTED_EDGE('',*,*,#859,.T.);
#1095=ORIENTED_EDGE('',*,*,#860,.F.);
#1096=ORIENTED_EDGE('',*,*,#861,.T.);
#1097=ORIENTED_EDGE('',*,*,#862,.F.);
#1098=ORIENTED_EDGE('',*,*,#863,.T.);
#1099=ORIENTED_EDGE('',*,*,#864,.F.);
#1100=ORIENTED_EDGE('',*,*,#865,.T.);
#1101=ORIENTED_EDGE('',*,*,#866,.F.);
#1102=ORIENTED_EDGE('',*,*,#867,.T.);
#1103=ORIENTED_EDGE('',*,*,#868,.F.);
#1104=ORIENTED_EDGE('',*,*,#869,.T.);
#1105=ORIENTED_EDGE('',*,*,#870,.F.);
#1106=ORIENTED_EDGE('',*,*,#871,.T.);
#1107=ORIENTED_EDGE('',*,*,#872,.F.);
#1108=ORIENTED_EDGE('',*,*,#873,.T.);
#1109=ORIENTED_EDGE('',*,*,#868,.T.);
#1110=ORIENTED_EDGE('',*,*,#874,.T.);
#1111=ORIENTED_EDGE('',*,*,#875,.F.);
#1112=ORIENTED_EDGE('',*,*,#876,.F.);
#1113=ORIENTED_EDGE('',*,*,#877,.F.);
#1114=ORIENTED_EDGE('',*,*,#878,.T.);
#1115=ORIENTED_EDGE('',*,*,#855,.F.);
#1116=ORIENTED_EDGE('',*,*,#879,.F.);
#1117=ORIENTED_EDGE('',*,*,#875,.T.);
#1118=ORIENTED_EDGE('',*,*,#880,.T.);
#1119=ORIENTED_EDGE('',*,*,#881,.T.);
#1120=ORIENTED_EDGE('',*,*,#844,.T.);
#1121=ORIENTED_EDGE('',*,*,#882,.F.);
#1122=ORIENTED_EDGE('',*,*,#880,.F.);
#1123=ORIENTED_EDGE('',*,*,#883,.F.);
#1124=ORIENTED_EDGE('',*,*,#884,.F.);
#1125=ORIENTED_EDGE('',*,*,#885,.T.);
#1126=ORIENTED_EDGE('',*,*,#886,.F.);
#1127=ORIENTED_EDGE('',*,*,#887,.F.);
#1128=ORIENTED_EDGE('',*,*,#884,.T.);
#1129=ORIENTED_EDGE('',*,*,#888,.F.);
#1130=ORIENTED_EDGE('',*,*,#842,.T.);
#1131=ORIENTED_EDGE('',*,*,#889,.T.);
#1132=ORIENTED_EDGE('',*,*,#881,.F.);
#1133=ORIENTED_EDGE('',*,*,#887,.T.);
#1134=ORIENTED_EDGE('',*,*,#890,.F.);
#1135=ORIENTED_EDGE('',*,*,#891,.T.);
#1136=ORIENTED_EDGE('',*,*,#892,.F.);
#1137=ORIENTED_EDGE('',*,*,#893,.T.);
#1138=ORIENTED_EDGE('',*,*,#894,.T.);
#1139=ORIENTED_EDGE('',*,*,#895,.T.);
#1140=ORIENTED_EDGE('',*,*,#893,.F.);
#1141=ORIENTED_EDGE('',*,*,#895,.F.);
#1142=ORIENTED_EDGE('',*,*,#894,.F.);
#1143=ORIENTED_EDGE('',*,*,#896,.T.);
#1144=ORIENTED_EDGE('',*,*,#897,.T.);
#1145=ORIENTED_EDGE('',*,*,#896,.F.);
#1146=ORIENTED_EDGE('',*,*,#897,.F.);
#1147=ORIENTED_EDGE('',*,*,#898,.F.);
#1148=ORIENTED_EDGE('',*,*,#899,.T.);
#1149=ORIENTED_EDGE('',*,*,#900,.F.);
#1150=ORIENTED_EDGE('',*,*,#891,.F.);
#1151=ORIENTED_EDGE('',*,*,#886,.T.);
#1152=ORIENTED_EDGE('',*,*,#901,.F.);
#1153=ORIENTED_EDGE('',*,*,#898,.T.);
#1154=ORIENTED_EDGE('',*,*,#890,.T.);
#1155=ORIENTED_EDGE('',*,*,#889,.F.);
#1156=ORIENTED_EDGE('',*,*,#902,.F.);
#1157=ORIENTED_EDGE('',*,*,#899,.F.);
#1158=ORIENTED_EDGE('',*,*,#901,.T.);
#1159=ORIENTED_EDGE('',*,*,#885,.F.);
#1160=ORIENTED_EDGE('',*,*,#903,.F.);
#1161=ORIENTED_EDGE('',*,*,#904,.F.);
#1162=ORIENTED_EDGE('',*,*,#905,.T.);
#1163=ORIENTED_EDGE('',*,*,#903,.T.);
#1164=ORIENTED_EDGE('',*,*,#905,.F.);
#1165=ORIENTED_EDGE('',*,*,#904,.T.);
#1166=ORIENTED_EDGE('',*,*,#906,.T.);
#1167=ORIENTED_EDGE('',*,*,#907,.F.);
#1168=ORIENTED_EDGE('',*,*,#906,.F.);
#1169=ORIENTED_EDGE('',*,*,#907,.T.);
#1170=ORIENTED_EDGE('',*,*,#845,.T.);
#1171=ORIENTED_EDGE('',*,*,#892,.T.);
#1172=ORIENTED_EDGE('',*,*,#908,.F.);
#1173=ORIENTED_EDGE('',*,*,#909,.T.);
#1174=ORIENTED_EDGE('',*,*,#841,.T.);
#1175=ORIENTED_EDGE('',*,*,#910,.F.);
#1176=ORIENTED_EDGE('',*,*,#911,.F.);
#1177=ORIENTED_EDGE('',*,*,#902,.T.);
#1178=ORIENTED_EDGE('',*,*,#888,.T.);
#1179=ORIENTED_EDGE('',*,*,#883,.T.);
#1180=ORIENTED_EDGE('',*,*,#882,.T.);
#1181=ORIENTED_EDGE('',*,*,#847,.F.);
#1182=ORIENTED_EDGE('',*,*,#912,.T.);
#1183=ORIENTED_EDGE('',*,*,#913,.T.);
#1184=ORIENTED_EDGE('',*,*,#914,.T.);
#1185=ORIENTED_EDGE('',*,*,#864,.T.);
#1186=ORIENTED_EDGE('',*,*,#915,.T.);
#1187=ORIENTED_EDGE('',*,*,#916,.T.);
#1188=ORIENTED_EDGE('',*,*,#917,.T.);
#1189=ORIENTED_EDGE('',*,*,#860,.T.);
#1190=ORIENTED_EDGE('',*,*,#918,.T.);
#1191=ORIENTED_EDGE('',*,*,#919,.T.);
#1192=ORIENTED_EDGE('',*,*,#920,.T.);
#1193=ORIENTED_EDGE('',*,*,#870,.T.);
#1194=ORIENTED_EDGE('',*,*,#921,.T.);
#1195=ORIENTED_EDGE('',*,*,#922,.T.);
#1196=ORIENTED_EDGE('',*,*,#923,.T.);
#1197=ORIENTED_EDGE('',*,*,#877,.T.);
#1198=ORIENTED_EDGE('',*,*,#924,.T.);
#1199=ORIENTED_EDGE('',*,*,#925,.T.);
#1200=ORIENTED_EDGE('',*,*,#926,.T.);
#1201=ORIENTED_EDGE('',*,*,#849,.T.);
#1202=ORIENTED_EDGE('',*,*,#927,.T.);
#1203=ORIENTED_EDGE('',*,*,#928,.T.);
#1204=ORIENTED_EDGE('',*,*,#929,.F.);
#1205=ORIENTED_EDGE('',*,*,#843,.F.);
#1206=ORIENTED_EDGE('',*,*,#930,.F.);
#1207=ORIENTED_EDGE('',*,*,#931,.F.);
#1208=ORIENTED_EDGE('',*,*,#924,.F.);
#1209=ORIENTED_EDGE('',*,*,#876,.T.);
#1210=ORIENTED_EDGE('',*,*,#879,.T.);
#1211=ORIENTED_EDGE('',*,*,#930,.T.);
#1212=ORIENTED_EDGE('',*,*,#858,.F.);
#1213=ORIENTED_EDGE('',*,*,#932,.T.);
#1214=ORIENTED_EDGE('',*,*,#933,.F.);
#1215=ORIENTED_EDGE('',*,*,#934,.T.);
#1216=ORIENTED_EDGE('',*,*,#935,.F.);
#1217=ORIENTED_EDGE('',*,*,#935,.T.);
#1218=ORIENTED_EDGE('',*,*,#936,.T.);
#1219=ORIENTED_EDGE('',*,*,#937,.T.);
#1220=ORIENTED_EDGE('',*,*,#936,.F.);
#1221=ORIENTED_EDGE('',*,*,#938,.T.);
#1222=ORIENTED_EDGE('',*,*,#939,.T.);
#1223=ORIENTED_EDGE('',*,*,#937,.F.);
#1224=ORIENTED_EDGE('',*,*,#939,.F.);
#1225=ORIENTED_EDGE('',*,*,#938,.F.);
#1226=ORIENTED_EDGE('',*,*,#926,.F.);
#1227=ORIENTED_EDGE('',*,*,#940,.T.);
#1228=ORIENTED_EDGE('',*,*,#941,.T.);
#1229=ORIENTED_EDGE('',*,*,#853,.T.);
#1230=ORIENTED_EDGE('',*,*,#850,.T.);
#1231=ORIENTED_EDGE('',*,*,#941,.F.);
#1232=ORIENTED_EDGE('',*,*,#942,.F.);
#1233=ORIENTED_EDGE('',*,*,#943,.T.);
#1234=ORIENTED_EDGE('',*,*,#944,.F.);
#1235=ORIENTED_EDGE('',*,*,#945,.F.);
#1236=ORIENTED_EDGE('',*,*,#946,.T.);
#1237=ORIENTED_EDGE('',*,*,#946,.F.);
#1238=ORIENTED_EDGE('',*,*,#947,.T.);
#1239=ORIENTED_EDGE('',*,*,#948,.F.);
#1240=ORIENTED_EDGE('',*,*,#947,.F.);
#1241=ORIENTED_EDGE('',*,*,#949,.F.);
#1242=ORIENTED_EDGE('',*,*,#950,.T.);
#1243=ORIENTED_EDGE('',*,*,#948,.T.);
#1244=ORIENTED_EDGE('',*,*,#950,.F.);
#1245=ORIENTED_EDGE('',*,*,#949,.T.);
#1246=ORIENTED_EDGE('',*,*,#951,.F.);
#1247=ORIENTED_EDGE('',*,*,#932,.F.);
#1248=ORIENTED_EDGE('',*,*,#952,.T.);
#1249=ORIENTED_EDGE('',*,*,#944,.T.);
#1250=ORIENTED_EDGE('',*,*,#953,.F.);
#1251=ORIENTED_EDGE('',*,*,#933,.T.);
#1252=ORIENTED_EDGE('',*,*,#951,.T.);
#1253=ORIENTED_EDGE('',*,*,#943,.F.);
#1254=ORIENTED_EDGE('',*,*,#940,.F.);
#1255=ORIENTED_EDGE('',*,*,#925,.F.);
#1256=ORIENTED_EDGE('',*,*,#931,.T.);
#1257=ORIENTED_EDGE('',*,*,#934,.F.);
#1258=ORIENTED_EDGE('',*,*,#953,.T.);
#1259=ORIENTED_EDGE('',*,*,#942,.T.);
#1260=ORIENTED_EDGE('',*,*,#854,.T.);
#1261=ORIENTED_EDGE('',*,*,#945,.T.);
#1262=ORIENTED_EDGE('',*,*,#954,.T.);
#1263=ORIENTED_EDGE('',*,*,#955,.T.);
#1264=ORIENTED_EDGE('',*,*,#920,.F.);
#1265=ORIENTED_EDGE('',*,*,#956,.F.);
#1266=ORIENTED_EDGE('',*,*,#957,.F.);
#1267=ORIENTED_EDGE('',*,*,#871,.F.);
#1268=ORIENTED_EDGE('',*,*,#867,.F.);
#1269=ORIENTED_EDGE('',*,*,#956,.T.);
#1270=ORIENTED_EDGE('',*,*,#919,.F.);
#1271=ORIENTED_EDGE('',*,*,#958,.F.);
#1272=ORIENTED_EDGE('',*,*,#959,.F.);
#1273=ORIENTED_EDGE('',*,*,#960,.T.);
#1274=ORIENTED_EDGE('',*,*,#957,.T.);
#1275=ORIENTED_EDGE('',*,*,#960,.F.);
#1276=ORIENTED_EDGE('',*,*,#961,.T.);
#1277=ORIENTED_EDGE('',*,*,#962,.F.);
#1278=ORIENTED_EDGE('',*,*,#963,.F.);
#1279=ORIENTED_EDGE('',*,*,#964,.T.);
#1280=ORIENTED_EDGE('',*,*,#964,.F.);
#1281=ORIENTED_EDGE('',*,*,#965,.T.);
#1282=ORIENTED_EDGE('',*,*,#966,.F.);
#1283=ORIENTED_EDGE('',*,*,#965,.F.);
#1284=ORIENTED_EDGE('',*,*,#967,.F.);
#1285=ORIENTED_EDGE('',*,*,#968,.T.);
#1286=ORIENTED_EDGE('',*,*,#966,.T.);
#1287=ORIENTED_EDGE('',*,*,#968,.F.);
#1288=ORIENTED_EDGE('',*,*,#967,.T.);
#1289=ORIENTED_EDGE('',*,*,#969,.T.);
#1290=ORIENTED_EDGE('',*,*,#970,.F.);
#1291=ORIENTED_EDGE('',*,*,#971,.T.);
#1292=ORIENTED_EDGE('',*,*,#962,.T.);
#1293=ORIENTED_EDGE('',*,*,#959,.T.);
#1294=ORIENTED_EDGE('',*,*,#972,.F.);
#1295=ORIENTED_EDGE('',*,*,#969,.F.);
#1296=ORIENTED_EDGE('',*,*,#961,.F.);
#1297=ORIENTED_EDGE('',*,*,#970,.T.);
#1298=ORIENTED_EDGE('',*,*,#972,.T.);
#1299=ORIENTED_EDGE('',*,*,#958,.T.);
#1300=ORIENTED_EDGE('',*,*,#918,.F.);
#1301=ORIENTED_EDGE('',*,*,#859,.F.);
#1302=ORIENTED_EDGE('',*,*,#973,.F.);
#1303=ORIENTED_EDGE('',*,*,#974,.F.);
#1304=ORIENTED_EDGE('',*,*,#975,.F.);
#1305=ORIENTED_EDGE('',*,*,#976,.F.);
#1306=ORIENTED_EDGE('',*,*,#977,.T.);
#1307=ORIENTED_EDGE('',*,*,#978,.T.);
#1308=ORIENTED_EDGE('',*,*,#927,.F.);
#1309=ORIENTED_EDGE('',*,*,#848,.T.);
#1310=ORIENTED_EDGE('',*,*,#852,.T.);
#1311=ORIENTED_EDGE('',*,*,#978,.F.);
#1312=ORIENTED_EDGE('',*,*,#979,.F.);
#1313=ORIENTED_EDGE('',*,*,#980,.T.);
#1314=ORIENTED_EDGE('',*,*,#981,.F.);
#1315=ORIENTED_EDGE('',*,*,#928,.F.);
#1316=ORIENTED_EDGE('',*,*,#977,.F.);
#1317=ORIENTED_EDGE('',*,*,#955,.F.);
#1318=ORIENTED_EDGE('',*,*,#982,.T.);
#1319=ORIENTED_EDGE('',*,*,#983,.F.);
#1320=ORIENTED_EDGE('',*,*,#979,.T.);
#1321=ORIENTED_EDGE('',*,*,#984,.F.);
#1322=ORIENTED_EDGE('',*,*,#984,.T.);
#1323=ORIENTED_EDGE('',*,*,#985,.T.);
#1324=ORIENTED_EDGE('',*,*,#986,.T.);
#1325=ORIENTED_EDGE('',*,*,#985,.F.);
#1326=ORIENTED_EDGE('',*,*,#987,.T.);
#1327=ORIENTED_EDGE('',*,*,#988,.T.);
#1328=ORIENTED_EDGE('',*,*,#986,.F.);
#1329=ORIENTED_EDGE('',*,*,#988,.F.);
#1330=ORIENTED_EDGE('',*,*,#987,.F.);
#1331=ORIENTED_EDGE('',*,*,#989,.T.);
#1332=ORIENTED_EDGE('',*,*,#990,.F.);
#1333=ORIENTED_EDGE('',*,*,#991,.F.);
#1334=ORIENTED_EDGE('',*,*,#982,.F.);
#1335=ORIENTED_EDGE('',*,*,#991,.T.);
#1336=ORIENTED_EDGE('',*,*,#992,.F.);
#1337=ORIENTED_EDGE('',*,*,#980,.F.);
#1338=ORIENTED_EDGE('',*,*,#983,.T.);
#1339=ORIENTED_EDGE('',*,*,#981,.T.);
#1340=ORIENTED_EDGE('',*,*,#992,.T.);
#1341=ORIENTED_EDGE('',*,*,#990,.T.);
#1342=ORIENTED_EDGE('',*,*,#993,.T.);
#1343=ORIENTED_EDGE('',*,*,#994,.T.);
#1344=ORIENTED_EDGE('',*,*,#995,.T.);
#1345=ORIENTED_EDGE('',*,*,#910,.T.);
#1346=ORIENTED_EDGE('',*,*,#840,.T.);
#1347=ORIENTED_EDGE('',*,*,#929,.T.);
#1348=ORIENTED_EDGE('',*,*,#996,.F.);
#1349=ORIENTED_EDGE('',*,*,#997,.F.);
#1350=ORIENTED_EDGE('',*,*,#921,.F.);
#1351=ORIENTED_EDGE('',*,*,#869,.F.);
#1352=ORIENTED_EDGE('',*,*,#873,.F.);
#1353=ORIENTED_EDGE('',*,*,#996,.T.);
#1354=ORIENTED_EDGE('',*,*,#998,.F.);
#1355=ORIENTED_EDGE('',*,*,#999,.T.);
#1356=ORIENTED_EDGE('',*,*,#1000,.F.);
#1357=ORIENTED_EDGE('',*,*,#1001,.T.);
#1358=ORIENTED_EDGE('',*,*,#1002,.F.);
#1359=ORIENTED_EDGE('',*,*,#1002,.T.);
#1360=ORIENTED_EDGE('',*,*,#1003,.T.);
#1361=ORIENTED_EDGE('',*,*,#1004,.T.);
#1362=ORIENTED_EDGE('',*,*,#1003,.F.);
#1363=ORIENTED_EDGE('',*,*,#1005,.T.);
#1364=ORIENTED_EDGE('',*,*,#1006,.T.);
#1365=ORIENTED_EDGE('',*,*,#1004,.F.);
#1366=ORIENTED_EDGE('',*,*,#1006,.F.);
#1367=ORIENTED_EDGE('',*,*,#1005,.F.);
#1368=ORIENTED_EDGE('',*,*,#923,.F.);
#1369=ORIENTED_EDGE('',*,*,#1007,.F.);
#1370=ORIENTED_EDGE('',*,*,#1008,.F.);
#1371=ORIENTED_EDGE('',*,*,#878,.F.);
#1372=ORIENTED_EDGE('',*,*,#874,.F.);
#1373=ORIENTED_EDGE('',*,*,#1007,.T.);
#1374=ORIENTED_EDGE('',*,*,#922,.F.);
#1375=ORIENTED_EDGE('',*,*,#997,.T.);
#1376=ORIENTED_EDGE('',*,*,#1001,.F.);
#1377=ORIENTED_EDGE('',*,*,#1009,.T.);
#1378=ORIENTED_EDGE('',*,*,#1010,.T.);
#1379=ORIENTED_EDGE('',*,*,#1008,.T.);
#1380=ORIENTED_EDGE('',*,*,#1010,.F.);
#1381=ORIENTED_EDGE('',*,*,#1011,.T.);
#1382=ORIENTED_EDGE('',*,*,#1012,.F.);
#1383=ORIENTED_EDGE('',*,*,#856,.F.);
#1384=ORIENTED_EDGE('',*,*,#1013,.T.);
#1385=ORIENTED_EDGE('',*,*,#1013,.F.);
#1386=ORIENTED_EDGE('',*,*,#1014,.T.);
#1387=ORIENTED_EDGE('',*,*,#1015,.F.);
#1388=ORIENTED_EDGE('',*,*,#1014,.F.);
#1389=ORIENTED_EDGE('',*,*,#1016,.F.);
#1390=ORIENTED_EDGE('',*,*,#1017,.T.);
#1391=ORIENTED_EDGE('',*,*,#1015,.T.);
#1392=ORIENTED_EDGE('',*,*,#1017,.F.);
#1393=ORIENTED_EDGE('',*,*,#1016,.T.);
#1394=ORIENTED_EDGE('',*,*,#1018,.T.);
#1395=ORIENTED_EDGE('',*,*,#999,.F.);
#1396=ORIENTED_EDGE('',*,*,#1019,.T.);
#1397=ORIENTED_EDGE('',*,*,#1012,.T.);
#1398=ORIENTED_EDGE('',*,*,#1009,.F.);
#1399=ORIENTED_EDGE('',*,*,#1000,.T.);
#1400=ORIENTED_EDGE('',*,*,#1018,.F.);
#1401=ORIENTED_EDGE('',*,*,#1011,.F.);
#1402=ORIENTED_EDGE('',*,*,#872,.T.);
#1403=ORIENTED_EDGE('',*,*,#963,.T.);
#1404=ORIENTED_EDGE('',*,*,#1020,.T.);
#1405=ORIENTED_EDGE('',*,*,#998,.T.);
#1406=ORIENTED_EDGE('',*,*,#1021,.F.);
#1407=ORIENTED_EDGE('',*,*,#915,.F.);
#1408=ORIENTED_EDGE('',*,*,#863,.F.);
#1409=ORIENTED_EDGE('',*,*,#1022,.F.);
#1410=ORIENTED_EDGE('',*,*,#1021,.T.);
#1411=ORIENTED_EDGE('',*,*,#1023,.T.);
#1412=ORIENTED_EDGE('',*,*,#1024,.T.);
#1413=ORIENTED_EDGE('',*,*,#1025,.F.);
#1414=ORIENTED_EDGE('',*,*,#1026,.T.);
#1415=ORIENTED_EDGE('',*,*,#916,.F.);
#1416=ORIENTED_EDGE('',*,*,#1026,.F.);
#1417=ORIENTED_EDGE('',*,*,#1027,.F.);
#1418=ORIENTED_EDGE('',*,*,#861,.F.);
#1419=ORIENTED_EDGE('',*,*,#917,.F.);
#1420=ORIENTED_EDGE('',*,*,#1022,.T.);
#1421=ORIENTED_EDGE('',*,*,#1028,.F.);
#1422=ORIENTED_EDGE('',*,*,#1029,.F.);
#1423=ORIENTED_EDGE('',*,*,#1030,.T.);
#1424=ORIENTED_EDGE('',*,*,#1023,.F.);
#1425=ORIENTED_EDGE('',*,*,#1031,.F.);
#1426=ORIENTED_EDGE('',*,*,#1032,.F.);
#1427=ORIENTED_EDGE('',*,*,#1033,.T.);
#1428=ORIENTED_EDGE('',*,*,#1031,.T.);
#1429=ORIENTED_EDGE('',*,*,#1033,.F.);
#1430=ORIENTED_EDGE('',*,*,#1032,.T.);
#1431=ORIENTED_EDGE('',*,*,#1034,.T.);
#1432=ORIENTED_EDGE('',*,*,#1035,.F.);
#1433=ORIENTED_EDGE('',*,*,#1034,.F.);
#1434=ORIENTED_EDGE('',*,*,#1035,.T.);
#1435=ORIENTED_EDGE('',*,*,#1036,.T.);
#1436=ORIENTED_EDGE('',*,*,#1029,.T.);
#1437=ORIENTED_EDGE('',*,*,#1037,.F.);
#1438=ORIENTED_EDGE('',*,*,#1038,.F.);
#1439=ORIENTED_EDGE('',*,*,#1024,.F.);
#1440=ORIENTED_EDGE('',*,*,#1030,.F.);
#1441=ORIENTED_EDGE('',*,*,#1036,.F.);
#1442=ORIENTED_EDGE('',*,*,#1039,.T.);
#1443=ORIENTED_EDGE('',*,*,#1027,.T.);
#1444=ORIENTED_EDGE('',*,*,#1025,.T.);
#1445=ORIENTED_EDGE('',*,*,#1039,.F.);
#1446=ORIENTED_EDGE('',*,*,#1038,.T.);
#1447=ORIENTED_EDGE('',*,*,#1040,.F.);
#1448=ORIENTED_EDGE('',*,*,#1041,.T.);
#1449=ORIENTED_EDGE('',*,*,#1042,.T.);
#1450=ORIENTED_EDGE('',*,*,#1043,.T.);
#1451=ORIENTED_EDGE('',*,*,#1041,.F.);
#1452=ORIENTED_EDGE('',*,*,#1043,.F.);
#1453=ORIENTED_EDGE('',*,*,#1042,.F.);
#1454=ORIENTED_EDGE('',*,*,#1044,.T.);
#1455=ORIENTED_EDGE('',*,*,#1045,.T.);
#1456=ORIENTED_EDGE('',*,*,#1044,.F.);
#1457=ORIENTED_EDGE('',*,*,#1045,.F.);
#1458=ORIENTED_EDGE('',*,*,#866,.T.);
#1459=ORIENTED_EDGE('',*,*,#1046,.T.);
#1460=ORIENTED_EDGE('',*,*,#1047,.F.);
#1461=ORIENTED_EDGE('',*,*,#1028,.T.);
#1462=ORIENTED_EDGE('',*,*,#1048,.F.);
#1463=ORIENTED_EDGE('',*,*,#912,.F.);
#1464=ORIENTED_EDGE('',*,*,#846,.T.);
#1465=ORIENTED_EDGE('',*,*,#1049,.F.);
#1466=ORIENTED_EDGE('',*,*,#1048,.T.);
#1467=ORIENTED_EDGE('',*,*,#1050,.T.);
#1468=ORIENTED_EDGE('',*,*,#1051,.T.);
#1469=ORIENTED_EDGE('',*,*,#1052,.F.);
#1470=ORIENTED_EDGE('',*,*,#1053,.T.);
#1471=ORIENTED_EDGE('',*,*,#913,.F.);
#1472=ORIENTED_EDGE('',*,*,#1053,.F.);
#1473=ORIENTED_EDGE('',*,*,#1054,.F.);
#1474=ORIENTED_EDGE('',*,*,#865,.F.);
#1475=ORIENTED_EDGE('',*,*,#914,.F.);
#1476=ORIENTED_EDGE('',*,*,#1049,.T.);
#1477=ORIENTED_EDGE('',*,*,#909,.F.);
#1478=ORIENTED_EDGE('',*,*,#1055,.F.);
#1479=ORIENTED_EDGE('',*,*,#1056,.T.);
#1480=ORIENTED_EDGE('',*,*,#1050,.F.);
#1481=ORIENTED_EDGE('',*,*,#1057,.F.);
#1482=ORIENTED_EDGE('',*,*,#1058,.F.);
#1483=ORIENTED_EDGE('',*,*,#1059,.T.);
#1484=ORIENTED_EDGE('',*,*,#1057,.T.);
#1485=ORIENTED_EDGE('',*,*,#1059,.F.);
#1486=ORIENTED_EDGE('',*,*,#1058,.T.);
#1487=ORIENTED_EDGE('',*,*,#1060,.T.);
#1488=ORIENTED_EDGE('',*,*,#1061,.F.);
#1489=ORIENTED_EDGE('',*,*,#1060,.F.);
#1490=ORIENTED_EDGE('',*,*,#1061,.T.);
#1491=ORIENTED_EDGE('',*,*,#1062,.T.);
#1492=ORIENTED_EDGE('',*,*,#1055,.T.);
#1493=ORIENTED_EDGE('',*,*,#1063,.F.);
#1494=ORIENTED_EDGE('',*,*,#1064,.F.);
#1495=ORIENTED_EDGE('',*,*,#1051,.F.);
#1496=ORIENTED_EDGE('',*,*,#1056,.F.);
#1497=ORIENTED_EDGE('',*,*,#1062,.F.);
#1498=ORIENTED_EDGE('',*,*,#1065,.T.);
#1499=ORIENTED_EDGE('',*,*,#1054,.T.);
#1500=ORIENTED_EDGE('',*,*,#1052,.T.);
#1501=ORIENTED_EDGE('',*,*,#1065,.F.);
#1502=ORIENTED_EDGE('',*,*,#1064,.T.);
#1503=ORIENTED_EDGE('',*,*,#1046,.F.);
#1504=ORIENTED_EDGE('',*,*,#1066,.T.);
#1505=ORIENTED_EDGE('',*,*,#1067,.T.);
#1506=ORIENTED_EDGE('',*,*,#1068,.T.);
#1507=ORIENTED_EDGE('',*,*,#1066,.F.);
#1508=ORIENTED_EDGE('',*,*,#1068,.F.);
#1509=ORIENTED_EDGE('',*,*,#1067,.F.);
#1510=ORIENTED_EDGE('',*,*,#1069,.T.);
#1511=ORIENTED_EDGE('',*,*,#1070,.T.);
#1512=ORIENTED_EDGE('',*,*,#1069,.F.);
#1513=ORIENTED_EDGE('',*,*,#1070,.F.);
#1514=ORIENTED_EDGE('',*,*,#862,.T.);
#1515=ORIENTED_EDGE('',*,*,#1040,.T.);
#1516=ORIENTED_EDGE('',*,*,#1071,.F.);
#1517=ORIENTED_EDGE('',*,*,#973,.T.);
#1518=ORIENTED_EDGE('',*,*,#995,.F.);
#1519=ORIENTED_EDGE('',*,*,#1072,.F.);
#1520=ORIENTED_EDGE('',*,*,#974,.T.);
#1521=ORIENTED_EDGE('',*,*,#1071,.T.);
#1522=ORIENTED_EDGE('',*,*,#1037,.T.);
#1523=ORIENTED_EDGE('',*,*,#1047,.T.);
#1524=ORIENTED_EDGE('',*,*,#1063,.T.);
#1525=ORIENTED_EDGE('',*,*,#908,.T.);
#1526=ORIENTED_EDGE('',*,*,#900,.T.);
#1527=ORIENTED_EDGE('',*,*,#911,.T.);
#1528=ORIENTED_EDGE('',*,*,#994,.F.);
#1529=ORIENTED_EDGE('',*,*,#1073,.F.);
#1530=ORIENTED_EDGE('',*,*,#975,.T.);
#1531=ORIENTED_EDGE('',*,*,#1072,.T.);
#1532=ORIENTED_EDGE('',*,*,#993,.F.);
#1533=ORIENTED_EDGE('',*,*,#989,.F.);
#1534=ORIENTED_EDGE('',*,*,#954,.F.);
#1535=ORIENTED_EDGE('',*,*,#952,.F.);
#1536=ORIENTED_EDGE('',*,*,#857,.F.);
#1537=ORIENTED_EDGE('',*,*,#1019,.F.);
#1538=ORIENTED_EDGE('',*,*,#1020,.F.);
#1539=ORIENTED_EDGE('',*,*,#971,.F.);
#1540=ORIENTED_EDGE('',*,*,#976,.T.);
#1541=ORIENTED_EDGE('',*,*,#1073,.T.);
#1542=PLANE('',#1721);
#1543=PLANE('',#1722);
#1544=PLANE('',#1723);
#1545=PLANE('',#1724);
#1546=PLANE('',#1725);
#1547=PLANE('',#1726);
#1548=PLANE('',#1727);
#1549=PLANE('',#1728);
#1550=PLANE('',#1729);
#1551=PLANE('',#1730);
#1552=PLANE('',#1731);
#1553=PLANE('',#1732);
#1554=PLANE('',#1733);
#1555=PLANE('',#1734);
#1556=PLANE('',#1735);
#1557=PLANE('',#1744);
#1558=PLANE('',#1747);
#1559=PLANE('',#1755);
#1560=PLANE('',#1756);
#1561=PLANE('',#1757);
#1562=PLANE('',#1758);
#1563=PLANE('',#1759);
#1564=PLANE('',#1768);
#1565=PLANE('',#1769);
#1566=PLANE('',#1778);
#1567=PLANE('',#1780);
#1568=PLANE('',#1781);
#1569=PLANE('',#1782);
#1570=PLANE('',#1783);
#1571=PLANE('',#1784);
#1572=PLANE('',#1793);
#1573=PLANE('',#1796);
#1574=PLANE('',#1797);
#1575=PLANE('',#1798);
#1576=PLANE('',#1799);
#1577=PLANE('',#1808);
#1578=PLANE('',#1811);
#1579=PLANE('',#1812);
#1580=PLANE('',#1813);
#1581=PLANE('',#1822);
#1582=PLANE('',#1823);
#1583=PLANE('',#1824);
#1584=PLANE('',#1833);
#1585=PLANE('',#1835);
#1586=PLANE('',#1836);
#1587=PLANE('',#1837);
#1588=PLANE('',#1838);
#1589=PLANE('',#1839);
#1590=PLANE('',#1848);
#1591=PLANE('',#1851);
#1592=PLANE('',#1859);
#1593=PLANE('',#1860);
#1594=PLANE('',#1861);
#1595=PLANE('',#1862);
#1596=PLANE('',#1863);
#1597=PLANE('',#1872);
#1598=PLANE('',#1875);
#1599=PLANE('',#1883);
#1600=PLANE('',#1884);
#1601=PLANE('',#1885);
#1602=PLANE('',#1886);
#1603=ADVANCED_FACE('',(#132),#1542,.F.);
#1604=ADVANCED_FACE('',(#133),#1543,.F.);
#1605=ADVANCED_FACE('',(#134),#1544,.F.);
#1606=ADVANCED_FACE('',(#135),#1545,.F.);
#1607=ADVANCED_FACE('',(#136),#1546,.T.);
#1608=ADVANCED_FACE('',(#137),#1547,.T.);
#1609=ADVANCED_FACE('',(#138),#1548,.T.);
#1610=ADVANCED_FACE('',(#139),#1549,.T.);
#1611=ADVANCED_FACE('',(#140),#1550,.T.);
#1612=ADVANCED_FACE('',(#141),#1551,.T.);
#1613=ADVANCED_FACE('',(#142),#1552,.T.);
#1614=ADVANCED_FACE('',(#143),#1553,.T.);
#1615=ADVANCED_FACE('',(#144),#1554,.T.);
#1616=ADVANCED_FACE('',(#145),#1555,.T.);
#1617=ADVANCED_FACE('',(#146,#58),#1556,.F.);
#1618=ADVANCED_FACE('',(#147),#46,.T.);
#1619=ADVANCED_FACE('',(#148),#34,.F.);
#1620=ADVANCED_FACE('',(#149),#22,.F.);
#1621=ADVANCED_FACE('',(#150),#1557,.T.);
#1622=ADVANCED_FACE('',(#151),#15,.F.);
#1623=ADVANCED_FACE('',(#152,#59),#1558,.T.);
#1624=ADVANCED_FACE('',(#153),#47,.T.);
#1625=ADVANCED_FACE('',(#154),#35,.F.);
#1626=ADVANCED_FACE('',(#155),#23,.F.);
#1627=ADVANCED_FACE('',(#156),#1559,.T.);
#1628=ADVANCED_FACE('',(#157),#1560,.T.);
#1629=ADVANCED_FACE('',(#158),#1561,.T.);
#1630=ADVANCED_FACE('',(#159),#1562,.F.);
#1631=ADVANCED_FACE('',(#160,#60),#1563,.F.);
#1632=ADVANCED_FACE('',(#161),#48,.F.);
#1633=ADVANCED_FACE('',(#162),#36,.T.);
#1634=ADVANCED_FACE('',(#163),#24,.T.);
#1635=ADVANCED_FACE('',(#164),#1564,.T.);
#1636=ADVANCED_FACE('',(#165,#61),#1565,.T.);
#1637=ADVANCED_FACE('',(#166),#49,.F.);
#1638=ADVANCED_FACE('',(#167),#37,.T.);
#1639=ADVANCED_FACE('',(#168),#25,.T.);
#1640=ADVANCED_FACE('',(#169),#1566,.F.);
#1641=ADVANCED_FACE('',(#170),#16,.F.);
#1642=ADVANCED_FACE('',(#171),#1567,.F.);
#1643=ADVANCED_FACE('',(#172),#1568,.T.);
#1644=ADVANCED_FACE('',(#173),#1569,.F.);
#1645=ADVANCED_FACE('',(#174),#1570,.F.);
#1646=ADVANCED_FACE('',(#175,#62),#1571,.T.);
#1647=ADVANCED_FACE('',(#176),#50,.F.);
#1648=ADVANCED_FACE('',(#177),#38,.T.);
#1649=ADVANCED_FACE('',(#178),#26,.T.);
#1650=ADVANCED_FACE('',(#179),#1572,.F.);
#1651=ADVANCED_FACE('',(#180),#17,.F.);
#1652=ADVANCED_FACE('',(#181),#1573,.T.);
#1653=ADVANCED_FACE('',(#182),#1574,.T.);
#1654=ADVANCED_FACE('',(#183),#1575,.T.);
#1655=ADVANCED_FACE('',(#184,#63),#1576,.F.);
#1656=ADVANCED_FACE('',(#185),#51,.F.);
#1657=ADVANCED_FACE('',(#186),#39,.T.);
#1658=ADVANCED_FACE('',(#187),#27,.T.);
#1659=ADVANCED_FACE('',(#188),#1577,.T.);
#1660=ADVANCED_FACE('',(#189),#18,.F.);
#1661=ADVANCED_FACE('',(#190),#1578,.F.);
#1662=ADVANCED_FACE('',(#191),#1579,.F.);
#1663=ADVANCED_FACE('',(#192,#64),#1580,.F.);
#1664=ADVANCED_FACE('',(#193),#52,.F.);
#1665=ADVANCED_FACE('',(#194),#40,.T.);
#1666=ADVANCED_FACE('',(#195),#28,.T.);
#1667=ADVANCED_FACE('',(#196),#1581,.F.);
#1668=ADVANCED_FACE('',(#197),#1582,.F.);
#1669=ADVANCED_FACE('',(#198,#65),#1583,.T.);
#1670=ADVANCED_FACE('',(#199),#53,.F.);
#1671=ADVANCED_FACE('',(#200),#41,.T.);
#1672=ADVANCED_FACE('',(#201),#29,.T.);
#1673=ADVANCED_FACE('',(#202),#1584,.F.);
#1674=ADVANCED_FACE('',(#203),#19,.F.);
#1675=ADVANCED_FACE('',(#204),#1585,.T.);
#1676=ADVANCED_FACE('',(#205),#1586,.F.);
#1677=ADVANCED_FACE('',(#206),#1587,.F.);
#1678=ADVANCED_FACE('',(#207),#1588,.F.);
#1679=ADVANCED_FACE('',(#208,#66),#1589,.T.);
#1680=ADVANCED_FACE('',(#209),#54,.T.);
#1681=ADVANCED_FACE('',(#210),#42,.F.);
#1682=ADVANCED_FACE('',(#211),#30,.F.);
#1683=ADVANCED_FACE('',(#212),#1590,.F.);
#1684=ADVANCED_FACE('',(#213),#20,.F.);
#1685=ADVANCED_FACE('',(#214,#67),#1591,.F.);
#1686=ADVANCED_FACE('',(#215),#55,.T.);
#1687=ADVANCED_FACE('',(#216),#43,.F.);
#1688=ADVANCED_FACE('',(#217),#31,.F.);
#1689=ADVANCED_FACE('',(#218),#1592,.T.);
#1690=ADVANCED_FACE('',(#219),#1593,.F.);
#1691=ADVANCED_FACE('',(#220),#1594,.F.);
#1692=ADVANCED_FACE('',(#221),#1595,.F.);
#1693=ADVANCED_FACE('',(#222,#68),#1596,.T.);
#1694=ADVANCED_FACE('',(#223),#56,.T.);
#1695=ADVANCED_FACE('',(#224),#44,.F.);
#1696=ADVANCED_FACE('',(#225),#32,.F.);
#1697=ADVANCED_FACE('',(#226),#1597,.F.);
#1698=ADVANCED_FACE('',(#227),#21,.F.);
#1699=ADVANCED_FACE('',(#228,#69),#1598,.F.);
#1700=ADVANCED_FACE('',(#229),#57,.T.);
#1701=ADVANCED_FACE('',(#230),#45,.F.);
#1702=ADVANCED_FACE('',(#231),#33,.F.);
#1703=ADVANCED_FACE('',(#232),#1599,.T.);
#1704=ADVANCED_FACE('',(#233),#1600,.T.);
#1705=ADVANCED_FACE('',(#234),#1601,.T.);
#1706=ADVANCED_FACE('',(#235),#1602,.T.);
#1707=CLOSED_SHELL('',(#1603,#1604,#1605,#1606,#1607,#1608,#1609,#1610,
#1611,#1612,#1613,#1614,#1615,#1616,#1617,#1618,#1619,#1620,#1621,#1622,
#1623,#1624,#1625,#1626,#1627,#1628,#1629,#1630,#1631,#1632,#1633,#1634,
#1635,#1636,#1637,#1638,#1639,#1640,#1641,#1642,#1643,#1644,#1645,#1646,
#1647,#1648,#1649,#1650,#1651,#1652,#1653,#1654,#1655,#1656,#1657,#1658,
#1659,#1660,#1661,#1662,#1663,#1664,#1665,#1666,#1667,#1668,#1669,#1670,
#1671,#1672,#1673,#1674,#1675,#1676,#1677,#1678,#1679,#1680,#1681,#1682,
#1683,#1684,#1685,#1686,#1687,#1688,#1689,#1690,#1691,#1692,#1693,#1694,
#1695,#1696,#1697,#1698,#1699,#1700,#1701,#1702,#1703,#1704,#1705,#1706));
#1708=DERIVED_UNIT_ELEMENT(#1710,1.);
#1709=DERIVED_UNIT_ELEMENT(#2881,-3.);
#1710=(
MASS_UNIT()
NAMED_UNIT(*)
SI_UNIT(.KILO.,.GRAM.)
);
#1711=DERIVED_UNIT((#1708,#1709));
#1712=MEASURE_REPRESENTATION_ITEM('density measure',
POSITIVE_RATIO_MEASURE(7850.),#1711);
#1713=PROPERTY_DEFINITION_REPRESENTATION(#1718,#1715);
#1714=PROPERTY_DEFINITION_REPRESENTATION(#1719,#1716);
#1715=REPRESENTATION('material name',(#1717),#2878);
#1716=REPRESENTATION('density',(#1712),#2878);
#1717=DESCRIPTIVE_REPRESENTATION_ITEM('Steel','Steel');
#1718=PROPERTY_DEFINITION('material property','material name',#2888);
#1719=PROPERTY_DEFINITION('material property','density of part',#2888);
#1720=AXIS2_PLACEMENT_3D('',#2393,#1887,#1888);
#1721=AXIS2_PLACEMENT_3D('',#2394,#1889,#1890);
#1722=AXIS2_PLACEMENT_3D('',#2403,#1895,#1896);
#1723=AXIS2_PLACEMENT_3D('',#2412,#1901,#1902);
#1724=AXIS2_PLACEMENT_3D('',#2421,#1907,#1908);
#1725=AXIS2_PLACEMENT_3D('',#2427,#1912,#1913);
#1726=AXIS2_PLACEMENT_3D('',#2436,#1918,#1919);
#1727=AXIS2_PLACEMENT_3D('',#2445,#1924,#1925);
#1728=AXIS2_PLACEMENT_3D('',#2454,#1930,#1931);
#1729=AXIS2_PLACEMENT_3D('',#2463,#1936,#1937);
#1730=AXIS2_PLACEMENT_3D('',#2469,#1941,#1942);
#1731=AXIS2_PLACEMENT_3D('',#2478,#1947,#1948);
#1732=AXIS2_PLACEMENT_3D('',#2481,#1951,#1952);
#1733=AXIS2_PLACEMENT_3D('',#2487,#1956,#1957);
#1734=AXIS2_PLACEMENT_3D('',#2497,#1963,#1964);
#1735=AXIS2_PLACEMENT_3D('',#2500,#1967,#1968);
#1736=AXIS2_PLACEMENT_3D('',#2502,#1969,#1970);
#1737=AXIS2_PLACEMENT_3D('',#2507,#1973,#1974);
#1738=AXIS2_PLACEMENT_3D('',#2508,#1975,#1976);
#1739=AXIS2_PLACEMENT_3D('',#2510,#1977,#1978);
#1740=AXIS2_PLACEMENT_3D('',#2511,#1979,#1980);
#1741=AXIS2_PLACEMENT_3D('',#2512,#1981,#1982);
#1742=AXIS2_PLACEMENT_3D('',#2515,#1984,#1985);
#1743=AXIS2_PLACEMENT_3D('',#2516,#1986,#1987);
#1744=AXIS2_PLACEMENT_3D('',#2517,#1988,#1989);
#1745=AXIS2_PLACEMENT_3D('',#2523,#1993,#1994);
#1746=AXIS2_PLACEMENT_3D('',#2524,#1995,#1996);
#1747=AXIS2_PLACEMENT_3D('',#2525,#1997,#1998);
#1748=AXIS2_PLACEMENT_3D('',#2528,#2000,#2001);
#1749=AXIS2_PLACEMENT_3D('',#2529,#2002,#2003);
#1750=AXIS2_PLACEMENT_3D('',#2531,#2004,#2005);
#1751=AXIS2_PLACEMENT_3D('',#2532,#2006,#2007);
#1752=AXIS2_PLACEMENT_3D('',#2533,#2008,#2009);
#1753=AXIS2_PLACEMENT_3D('',#2536,#2011,#2012);
#1754=AXIS2_PLACEMENT_3D('',#2537,#2013,#2014);
#1755=AXIS2_PLACEMENT_3D('',#2538,#2015,#2016);
#1756=AXIS2_PLACEMENT_3D('',#2542,#2019,#2020);
#1757=AXIS2_PLACEMENT_3D('',#2546,#2023,#2024);
#1758=AXIS2_PLACEMENT_3D('',#2577,#2043,#2044);
#1759=AXIS2_PLACEMENT_3D('',#2581,#2047,#2048);
#1760=AXIS2_PLACEMENT_3D('',#2585,#2050,#2051);
#1761=AXIS2_PLACEMENT_3D('',#2588,#2053,#2054);
#1762=AXIS2_PLACEMENT_3D('',#2589,#2055,#2056);
#1763=AXIS2_PLACEMENT_3D('',#2591,#2057,#2058);
#1764=AXIS2_PLACEMENT_3D('',#2592,#2059,#2060);
#1765=AXIS2_PLACEMENT_3D('',#2593,#2061,#2062);
#1766=AXIS2_PLACEMENT_3D('',#2595,#2063,#2064);
#1767=AXIS2_PLACEMENT_3D('',#2597,#2066,#2067);
#1768=AXIS2_PLACEMENT_3D('',#2598,#2068,#2069);
#1769=AXIS2_PLACEMENT_3D('',#2602,#2072,#2073);
#1770=AXIS2_PLACEMENT_3D('',#2606,#2075,#2076);
#1771=AXIS2_PLACEMENT_3D('',#2611,#2079,#2080);
#1772=AXIS2_PLACEMENT_3D('',#2612,#2081,#2082);
#1773=AXIS2_PLACEMENT_3D('',#2614,#2083,#2084);
#1774=AXIS2_PLACEMENT_3D('',#2615,#2085,#2086);
#1775=AXIS2_PLACEMENT_3D('',#2616,#2087,#2088);
#1776=AXIS2_PLACEMENT_3D('',#2618,#2089,#2090);
#1777=AXIS2_PLACEMENT_3D('',#2620,#2092,#2093);
#1778=AXIS2_PLACEMENT_3D('',#2621,#2094,#2095);
#1779=AXIS2_PLACEMENT_3D('',#2624,#2098,#2099);
#1780=AXIS2_PLACEMENT_3D('',#2626,#2101,#2102);
#1781=AXIS2_PLACEMENT_3D('',#2627,#2103,#2104);
#1782=AXIS2_PLACEMENT_3D('',#2631,#2107,#2108);
#1783=AXIS2_PLACEMENT_3D('',#2635,#2111,#2112);
#1784=AXIS2_PLACEMENT_3D('',#2641,#2116,#2117);
#1785=AXIS2_PLACEMENT_3D('',#2643,#2118,#2119);
#1786=AXIS2_PLACEMENT_3D('',#2648,#2122,#2123);
#1787=AXIS2_PLACEMENT_3D('',#2649,#2124,#2125);
#1788=AXIS2_PLACEMENT_3D('',#2651,#2126,#2127);
#1789=AXIS2_PLACEMENT_3D('',#2652,#2128,#2129);
#1790=AXIS2_PLACEMENT_3D('',#2653,#2130,#2131);
#1791=AXIS2_PLACEMENT_3D('',#2655,#2132,#2133);
#1792=AXIS2_PLACEMENT_3D('',#2657,#2135,#2136);
#1793=AXIS2_PLACEMENT_3D('',#2658,#2137,#2138);
#1794=AXIS2_PLACEMENT_3D('',#2664,#2142,#2143);
#1795=AXIS2_PLACEMENT_3D('',#2665,#2144,#2145);
#1796=AXIS2_PLACEMENT_3D('',#2666,#2146,#2147);
#1797=AXIS2_PLACEMENT_3D('',#2674,#2152,#2153);
#1798=AXIS2_PLACEMENT_3D('',#2678,#2156,#2157);
#1799=AXIS2_PLACEMENT_3D('',#2684,#2161,#2162);
#1800=AXIS2_PLACEMENT_3D('',#2687,#2164,#2165);
#1801=AXIS2_PLACEMENT_3D('',#2689,#2166,#2167);
#1802=AXIS2_PLACEMENT_3D('',#2690,#2168,#2169);
#1803=AXIS2_PLACEMENT_3D('',#2692,#2170,#2171);
#1804=AXIS2_PLACEMENT_3D('',#2693,#2172,#2173);
#1805=AXIS2_PLACEMENT_3D('',#2694,#2174,#2175);
#1806=AXIS2_PLACEMENT_3D('',#2696,#2176,#2177);
#1807=AXIS2_PLACEMENT_3D('',#2698,#2179,#2180);
#1808=AXIS2_PLACEMENT_3D('',#2699,#2181,#2182);
#1809=AXIS2_PLACEMENT_3D('',#2705,#2186,#2187);
#1810=AXIS2_PLACEMENT_3D('',#2706,#2188,#2189);
#1811=AXIS2_PLACEMENT_3D('',#2707,#2190,#2191);
#1812=AXIS2_PLACEMENT_3D('',#2713,#2195,#2196);
#1813=AXIS2_PLACEMENT_3D('',#2717,#2199,#2200);
#1814=AXIS2_PLACEMENT_3D('',#2723,#2203,#2204);
#1815=AXIS2_PLACEMENT_3D('',#2726,#2206,#2207);
#1816=AXIS2_PLACEMENT_3D('',#2727,#2208,#2209);
#1817=AXIS2_PLACEMENT_3D('',#2729,#2210,#2211);
#1818=AXIS2_PLACEMENT_3D('',#2730,#2212,#2213);
#1819=AXIS2_PLACEMENT_3D('',#2731,#2214,#2215);
#1820=AXIS2_PLACEMENT_3D('',#2733,#2216,#2217);
#1821=AXIS2_PLACEMENT_3D('',#2735,#2219,#2220);
#1822=AXIS2_PLACEMENT_3D('',#2736,#2221,#2222);
#1823=AXIS2_PLACEMENT_3D('',#2740,#2225,#2226);
#1824=AXIS2_PLACEMENT_3D('',#2744,#2229,#2230);
#1825=AXIS2_PLACEMENT_3D('',#2746,#2231,#2232);
#1826=AXIS2_PLACEMENT_3D('',#2749,#2234,#2235);
#1827=AXIS2_PLACEMENT_3D('',#2750,#2236,#2237);
#1828=AXIS2_PLACEMENT_3D('',#2752,#2238,#2239);
#1829=AXIS2_PLACEMENT_3D('',#2753,#2240,#2241);
#1830=AXIS2_PLACEMENT_3D('',#2754,#2242,#2243);
#1831=AXIS2_PLACEMENT_3D('',#2756,#2244,#2245);
#1832=AXIS2_PLACEMENT_3D('',#2758,#2247,#2248);
#1833=AXIS2_PLACEMENT_3D('',#2759,#2249,#2250);
#1834=AXIS2_PLACEMENT_3D('',#2762,#2253,#2254);
#1835=AXIS2_PLACEMENT_3D('',#2763,#2255,#2256);
#1836=AXIS2_PLACEMENT_3D('',#2765,#2258,#2259);
#1837=AXIS2_PLACEMENT_3D('',#2769,#2262,#2263);
#1838=AXIS2_PLACEMENT_3D('',#2777,#2268,#2269);
#1839=AXIS2_PLACEMENT_3D('',#2779,#2271,#2272);
#1840=AXIS2_PLACEMENT_3D('',#2784,#2275,#2276);
#1841=AXIS2_PLACEMENT_3D('',#2786,#2277,#2278);
#1842=AXIS2_PLACEMENT_3D('',#2787,#2279,#2280);
#1843=AXIS2_PLACEMENT_3D('',#2789,#2281,#2282);
#1844=AXIS2_PLACEMENT_3D('',#2790,#2283,#2284);
#1845=AXIS2_PLACEMENT_3D('',#2791,#2285,#2286);
#1846=AXIS2_PLACEMENT_3D('',#2794,#2288,#2289);
#1847=AXIS2_PLACEMENT_3D('',#2795,#2290,#2291);
#1848=AXIS2_PLACEMENT_3D('',#2796,#2292,#2293);
#1849=AXIS2_PLACEMENT_3D('',#2802,#2297,#2298);
#1850=AXIS2_PLACEMENT_3D('',#2803,#2299,#2300);
#1851=AXIS2_PLACEMENT_3D('',#2804,#2301,#2302);
#1852=AXIS2_PLACEMENT_3D('',#2807,#2304,#2305);
#1853=AXIS2_PLACEMENT_3D('',#2808,#2306,#2307);
#1854=AXIS2_PLACEMENT_3D('',#2810,#2308,#2309);
#1855=AXIS2_PLACEMENT_3D('',#2811,#2310,#2311);
#1856=AXIS2_PLACEMENT_3D('',#2812,#2312,#2313);
#1857=AXIS2_PLACEMENT_3D('',#2815,#2315,#2316);
#1858=AXIS2_PLACEMENT_3D('',#2816,#2317,#2318);
#1859=AXIS2_PLACEMENT_3D('',#2817,#2319,#2320);
#1860=AXIS2_PLACEMENT_3D('',#2821,#2323,#2324);
#1861=AXIS2_PLACEMENT_3D('',#2825,#2327,#2328);
#1862=AXIS2_PLACEMENT_3D('',#2833,#2333,#2334);
#1863=AXIS2_PLACEMENT_3D('',#2835,#2336,#2337);
#1864=AXIS2_PLACEMENT_3D('',#2838,#2339,#2340);
#1865=AXIS2_PLACEMENT_3D('',#2840,#2341,#2342);
#1866=AXIS2_PLACEMENT_3D('',#2841,#2343,#2344);
#1867=AXIS2_PLACEMENT_3D('',#2843,#2345,#2346);
#1868=AXIS2_PLACEMENT_3D('',#2844,#2347,#2348);
#1869=AXIS2_PLACEMENT_3D('',#2845,#2349,#2350);
#1870=AXIS2_PLACEMENT_3D('',#2848,#2352,#2353);
#1871=AXIS2_PLACEMENT_3D('',#2849,#2354,#2355);
#1872=AXIS2_PLACEMENT_3D('',#2850,#2356,#2357);
#1873=AXIS2_PLACEMENT_3D('',#2855,#2361,#2362);
#1874=AXIS2_PLACEMENT_3D('',#2856,#2363,#2364);
#1875=AXIS2_PLACEMENT_3D('',#2857,#2365,#2366);
#1876=AXIS2_PLACEMENT_3D('',#2859,#2367,#2368);
#1877=AXIS2_PLACEMENT_3D('',#2860,#2369,#2370);
#1878=AXIS2_PLACEMENT_3D('',#2862,#2371,#2372);
#1879=AXIS2_PLACEMENT_3D('',#2863,#2373,#2374);
#1880=AXIS2_PLACEMENT_3D('',#2864,#2375,#2376);
#1881=AXIS2_PLACEMENT_3D('',#2867,#2378,#2379);
#1882=AXIS2_PLACEMENT_3D('',#2868,#2380,#2381);
#1883=AXIS2_PLACEMENT_3D('',#2869,#2382,#2383);
#1884=AXIS2_PLACEMENT_3D('',#2871,#2385,#2386);
#1885=AXIS2_PLACEMENT_3D('',#2873,#2388,#2389);
#1886=AXIS2_PLACEMENT_3D('',#2875,#2391,#2392);
#1887=DIRECTION('axis',(0.,0.,1.));
#1888=DIRECTION('refdir',(1.,0.,0.));
#1889=DIRECTION('center_axis',(0.707106781176908,0.,-0.707106781196187));
#1890=DIRECTION('ref_axis',(0.577350269200123,-0.577350269184373,0.577350269184381));
#1891=DIRECTION('',(-0.707106781196187,0.,-0.707106781176908));
#1892=DIRECTION('',(0.,-1.,0.));
#1893=DIRECTION('',(0.577350269200123,-0.577350269184373,0.577350269184381));
#1894=DIRECTION('',(0.,-1.,0.));
#1895=DIRECTION('center_axis',(0.707106781176908,0.,-0.707106781196187));
#1896=DIRECTION('ref_axis',(0.577350269200123,-0.577350269184373,0.577350269184381));
#1897=DIRECTION('',(-0.577350269200118,-0.577350269184382,-0.577350269184377));
#1898=DIRECTION('',(0.,-1.,0.));
#1899=DIRECTION('',(0.577350269200123,-0.577350269184373,0.577350269184381));
#1900=DIRECTION('',(0.,-1.,0.));
#1901=DIRECTION('center_axis',(-7.28705438227635E-10,0.,1.));
#1902=DIRECTION('ref_axis',(-1.,7.28705396578653E-10,-7.28705438227635E-10));
#1903=DIRECTION('',(1.,7.28705396578655E-10,7.28705438227635E-10));
#1904=DIRECTION('',(0.,-1.,0.));
#1905=DIRECTION('',(-1.,7.28705396578653E-10,-7.28705438227635E-10));
#1906=DIRECTION('',(0.,-1.,0.));
#1907=DIRECTION('center_axis',(-0.707106781186541,0.,-0.707106781186554));
#1908=DIRECTION('ref_axis',(0.577350269189634,0.577350269189621,-0.577350269189623));
#1909=DIRECTION('',(-0.577350269189633,0.577350269189622,0.577350269189622));
#1910=DIRECTION('',(0.577350269189634,0.577350269189621,-0.577350269189623));
#1911=DIRECTION('',(0.,1.,0.));
#1912=DIRECTION('center_axis',(1.,0.,0.));
#1913=DIRECTION('ref_axis',(0.,0.,1.));
#1914=DIRECTION('',(0.,1.,0.));
#1915=DIRECTION('',(0.,0.,1.));
#1916=DIRECTION('',(0.,-1.,0.));
#1917=DIRECTION('',(0.,1.29526019539601E-15,-1.));
#1918=DIRECTION('center_axis',(-0.707106781176908,0.,0.707106781196187));
#1919=DIRECTION('ref_axis',(0.577350269200123,0.577350269184373,0.577350269184381));
#1920=DIRECTION('',(-0.707106781196187,0.,-0.707106781176908));
#1921=DIRECTION('',(0.,1.,0.));
#1922=DIRECTION('',(0.577350269200123,0.577350269184373,0.577350269184381));
#1923=DIRECTION('',(0.,-1.,0.));
#1924=DIRECTION('center_axis',(-0.707106781176908,0.,0.707106781196187));
#1925=DIRECTION('ref_axis',(0.577350269200123,0.577350269184373,0.577350269184381));
#1926=DIRECTION('',(-0.577350269200118,0.577350269184382,-0.577350269184377));
#1927=DIRECTION('',(0.,1.,0.));
#1928=DIRECTION('',(0.577350269200123,0.577350269184373,0.577350269184381));
#1929=DIRECTION('',(0.,-1.,0.));
#1930=DIRECTION('center_axis',(7.28705438227635E-10,0.,-1.));
#1931=DIRECTION('ref_axis',(-1.,-7.28705396578653E-10,-7.28705438227635E-10));
#1932=DIRECTION('',(1.,-7.28705396578655E-10,7.28705438227635E-10));
#1933=DIRECTION('',(0.,1.,0.));
#1934=DIRECTION('',(-1.,-7.28705396578653E-10,-7.28705438227635E-10));
#1935=DIRECTION('',(0.,-1.,0.));
#1936=DIRECTION('center_axis',(0.707106781186541,0.,0.707106781186554));
#1937=DIRECTION('ref_axis',(0.577350269189634,-0.577350269189621,-0.577350269189623));
#1938=DIRECTION('',(-0.577350269189633,-0.577350269189622,0.577350269189622));
#1939=DIRECTION('',(0.,1.,0.));
#1940=DIRECTION('',(0.577350269189634,-0.577350269189621,-0.577350269189623));
#1941=DIRECTION('center_axis',(7.28705438227635E-10,0.,-1.));
#1942=DIRECTION('ref_axis',(-1.,0.,-7.28705438227635E-10));
#1943=DIRECTION('',(1.,-7.28705396578655E-10,7.28705438227635E-10));
#1944=DIRECTION('',(0.,1.,0.));
#1945=DIRECTION('',(1.,7.28705396578655E-10,7.28705438227635E-10));
#1946=DIRECTION('',(0.,-1.,0.));
#1947=DIRECTION('center_axis',(0.707106781186541,0.,0.707106781186554));
#1948=DIRECTION('ref_axis',(0.707106781186554,0.,-0.707106781186541));
#1949=DIRECTION('',(-0.577350269189633,-0.577350269189622,0.577350269189622));
#1950=DIRECTION('',(-0.577350269189633,0.577350269189622,0.577350269189622));
#1951=DIRECTION('center_axis',(-2.94502763411279E-17,-0.707106781186545,
0.70710678118655));
#1952=DIRECTION('ref_axis',(-1.,0.,-4.16489802172584E-17));
#1953=DIRECTION('',(0.644400477571767,0.540716203060942,0.540716203060937));
#1954=DIRECTION('',(-1.,5.94675905645455E-31,-4.16489802172578E-17));
#1955=DIRECTION('',(-1.,6.01387715455264E-31,-4.16489802172578E-17));
#1956=DIRECTION('center_axis',(-0.642787609686543,0.,0.766044443118975));
#1957=DIRECTION('ref_axis',(0.766044443118975,1.00104802876385E-14,0.642787609686543));
#1958=DIRECTION('',(0.,1.,0.));
#1959=DIRECTION('',(-0.644400477571771,0.540716203060933,-0.540716203060941));
#1960=DIRECTION('',(0.766044443118975,1.00104802876385E-14,0.642787609686543));
#1961=DIRECTION('',(0.,-1.,1.55735427017956E-14));
#1962=DIRECTION('',(0.766044443118975,-9.17790308271777E-15,0.642787609686543));
#1963=DIRECTION('center_axis',(-2.94502763411276E-17,0.707106781186553,
0.707106781186543));
#1964=DIRECTION('ref_axis',(-1.,0.,-4.16489802172585E-17));
#1965=DIRECTION('',(1.,6.53682299407889E-31,4.16489802172578E-17));
#1966=DIRECTION('',(1.,6.48622171899705E-31,4.16489802172578E-17));
#1967=DIRECTION('center_axis',(0.,1.,1.42782825063996E-14));
#1968=DIRECTION('ref_axis',(0.,-1.42782825063996E-14,1.));
#1969=DIRECTION('center_axis',(0.,1.,1.42782825063996E-14));
#1970=DIRECTION('ref_axis',(1.,0.,0.));
#1971=DIRECTION('',(-1.,0.,0.));
#1972=DIRECTION('',(-1.85037170770858E-16,-1.42782825063996E-14,1.));
#1973=DIRECTION('center_axis',(0.,1.,1.42782825063996E-14));
#1974=DIRECTION('ref_axis',(1.,0.,0.));
#1975=DIRECTION('center_axis',(0.,1.,1.42782825063996E-14));
#1976=DIRECTION('ref_axis',(0.,-1.42570454351449E-14,1.));
#1977=DIRECTION('center_axis',(0.,1.,1.42782825063996E-14));
#1978=DIRECTION('ref_axis',(1.,0.,0.));
#1979=DIRECTION('center_axis',(1.,1.74858529687839E-30,-1.22464679914735E-16));
#1980=DIRECTION('ref_axis',(-1.22464679914735E-16,1.43345293777272E-14,
-1.));
#1981=DIRECTION('center_axis',(0.,-1.,-1.42782825063996E-14));
#1982=DIRECTION('ref_axis',(0.,-1.36380532042219E-14,1.));
#1983=DIRECTION('',(8.65956056235416E-17,0.7071067811866,0.707106781186495));
#1984=DIRECTION('center_axis',(0.,1.,1.42782825063996E-14));
#1985=DIRECTION('ref_axis',(1.,0.,0.));
#1986=DIRECTION('center_axis',(6.12323399573676E-17,8.88178419700039E-16,
1.));
#1987=DIRECTION('ref_axis',(1.,0.,0.));
#1988=DIRECTION('center_axis',(0.,0.,-1.));
#1989=DIRECTION('ref_axis',(-1.,0.,0.));
#1990=DIRECTION('',(0.,1.,1.42782825063996E-14));
#1991=DIRECTION('',(-1.,0.,0.));
#1992=DIRECTION('',(0.,-1.,0.));
#1993=DIRECTION('center_axis',(0.,1.,-1.55735427017956E-14));
#1994=DIRECTION('ref_axis',(0.,1.49333133996179E-14,1.));
#1995=DIRECTION('center_axis',(0.,1.,-1.55735427017956E-14));
#1996=DIRECTION('ref_axis',(1.,0.,0.));
#1997=DIRECTION('center_axis',(0.,1.,-1.55735427017956E-14));
#1998=DIRECTION('ref_axis',(0.,1.55735427017956E-14,1.));
#1999=DIRECTION('',(1.85037170770858E-16,-1.55735427017956E-14,-1.));
#2000=DIRECTION('center_axis',(0.,1.,-1.55735427017956E-14));
#2001=DIRECTION('ref_axis',(1.,0.,0.));
#2002=DIRECTION('center_axis',(0.,-1.,1.55735427017956E-14));
#2003=DIRECTION('ref_axis',(0.,1.54967885164618E-14,1.));
#2004=DIRECTION('center_axis',(0.,1.,-1.55735427017956E-14));
#2005=DIRECTION('ref_axis',(1.,0.,0.));
#2006=DIRECTION('center_axis',(-1.,1.90720892211386E-30,1.22464679914735E-16));
#2007=DIRECTION('ref_axis',(-1.22464679914735E-16,-1.54967885164618E-14,
-1.));
#2008=DIRECTION('center_axis',(0.,1.,-1.55735427017956E-14));
#2009=DIRECTION('ref_axis',(0.,1.49333133996179E-14,1.));
#2010=DIRECTION('',(8.65956056235416E-17,-0.707106781186599,0.707106781186496));
#2011=DIRECTION('center_axis',(0.,1.,-1.55735427017956E-14));
#2012=DIRECTION('ref_axis',(1.,0.,0.));
#2013=DIRECTION('center_axis',(6.12323399573677E-17,0.,1.));
#2014=DIRECTION('ref_axis',(1.,0.,0.));
#2015=DIRECTION('center_axis',(-1.,0.,-1.85037170770858E-16));
#2016=DIRECTION('ref_axis',(1.85037170770858E-16,0.,-1.));
#2017=DIRECTION('',(0.,-1.,0.));
#2018=DIRECTION('',(1.85037170770858E-16,-1.42782825063996E-14,-1.));
#2019=DIRECTION('center_axis',(-1.,0.,-1.85037170770858E-16));
#2020=DIRECTION('ref_axis',(1.85037170770858E-16,0.,-1.));
#2021=DIRECTION('',(1.85037170770858E-16,0.,-1.));
#2022=DIRECTION('',(0.,-1.,0.));
#2023=DIRECTION('center_axis',(4.16489802172578E-17,0.,-1.));
#2024=DIRECTION('ref_axis',(1.,0.,4.16489802172578E-17));
#2025=DIRECTION('',(1.,6.01387715455264E-31,4.16489802172578E-17));
#2026=DIRECTION('',(0.,1.,0.));
#2027=DIRECTION('',(-1.,6.53682299407889E-31,-4.16489802172578E-17));
#2028=DIRECTION('',(1.,6.01387715455264E-31,4.16489802172578E-17));
#2029=DIRECTION('',(0.,1.,0.));
#2030=DIRECTION('',(-1.,6.53682299407889E-31,-4.16489802172578E-17));
#2031=DIRECTION('',(1.,0.,-6.07503718431165E-15));
#2032=DIRECTION('',(0.,-1.,0.));
#2033=DIRECTION('',(1.,0.,4.16489802172578E-17));
#2034=DIRECTION('',(-1.,5.22945839526314E-32,-4.16489802172578E-17));
#2035=DIRECTION('',(0.,-1.,0.));
#2036=DIRECTION('',(1.,0.,4.16489802172578E-17));
#2037=DIRECTION('',(-1.,5.22945839526314E-32,-4.16489802172578E-17));
#2038=DIRECTION('',(1.54363099120746E-15,-1.,6.42906566155457E-32));
#2039=DIRECTION('',(1.,5.22945839526314E-32,4.16489802172578E-17));
#2040=DIRECTION('',(-1.,0.,-4.16489802172578E-17));
#2041=DIRECTION('',(0.,-1.,0.));
#2042=DIRECTION('',(1.,0.,4.16489802172578E-17));
#2043=DIRECTION('center_axis',(2.94502763411274E-17,0.707106781186548,-0.707106781186547));
#2044=DIRECTION('ref_axis',(-1.,0.,-4.16489802172579E-17));
#2045=DIRECTION('',(1.,-5.394626625425E-32,4.16489802172578E-17));
#2046=DIRECTION('',(-0.644400477571769,0.540716203060938,0.540716203060939));
#2047=DIRECTION('center_axis',(0.,1.,1.29526019539601E-15));
#2048=DIRECTION('ref_axis',(1.,0.,0.));
#2049=DIRECTION('',(-1.,0.,0.));
#2050=DIRECTION('center_axis',(0.,1.,1.29526019539601E-15));
#2051=DIRECTION('ref_axis',(1.,0.,0.));
#2052=DIRECTION('',(0.766044443118975,8.32577204920727E-16,-0.642787609686543));
#2053=DIRECTION('center_axis',(0.,-1.,6.49151115550179E-15));
#2054=DIRECTION('ref_axis',(0.,6.49151115550179E-15,1.));
#2055=DIRECTION('center_axis',(0.,-1.,1.42782825063996E-14));
#2056=DIRECTION('ref_axis',(0.,1.43662991804308E-14,1.));
#2057=DIRECTION('center_axis',(1.,-1.74858529687839E-30,-1.22464679914735E-16));
#2058=DIRECTION('ref_axis',(-1.22464679914735E-16,-1.42797552094644E-14,
-1.));
#2059=DIRECTION('center_axis',(0.,1.,-1.42782825063996E-14));
#2060=DIRECTION('ref_axis',(1.,0.,0.));
#2061=DIRECTION('center_axis',(0.,1.,-1.42782825063996E-14));
#2062=DIRECTION('ref_axis',(0.,1.40209586760074E-14,1.));
#2063=DIRECTION('center_axis',(0.,1.,-1.42782825063996E-14));
#2064=DIRECTION('ref_axis',(1.,0.,0.));
#2065=DIRECTION('',(-8.65956056235398E-17,0.707106781186615,-0.70710678118648));
#2066=DIRECTION('center_axis',(6.12323399573677E-17,-1.36642833800009E-15,
1.));
#2067=DIRECTION('ref_axis',(1.,0.,0.));
#2068=DIRECTION('center_axis',(-2.94502763411274E-17,0.707106781186548,
0.707106781186547));
#2069=DIRECTION('ref_axis',(-1.,0.,-4.16489802172579E-17));
#2070=DIRECTION('',(-0.644400477571769,-0.540716203060938,0.540716203060939));
#2071=DIRECTION('',(1.,5.394626625425E-32,4.16489802172578E-17));
#2072=DIRECTION('center_axis',(0.,1.,-1.29526019539601E-15));
#2073=DIRECTION('ref_axis',(1.,0.,0.));
#2074=DIRECTION('',(0.766044443118975,-8.32577204920727E-16,-0.642787609686543));
#2075=DIRECTION('center_axis',(0.,1.,-1.29526019539601E-15));
#2076=DIRECTION('ref_axis',(1.,0.,0.));
#2077=DIRECTION('',(-1.,0.,0.));
#2078=DIRECTION('',(0.,1.29526019539601E-15,1.));
#2079=DIRECTION('center_axis',(0.,-1.,-6.49151115550179E-15));
#2080=DIRECTION('ref_axis',(0.,-6.49151115550179E-15,1.));
#2081=DIRECTION('center_axis',(0.,1.,1.42782825063996E-14));
#2082=DIRECTION('ref_axis',(0.,-1.41932112384979E-14,1.));
#2083=DIRECTION('center_axis',(-1.,-1.74858529687839E-30,1.22464679914735E-16));
#2084=DIRECTION('ref_axis',(-1.22464679914735E-16,1.42797552094644E-14,
-1.));
#2085=DIRECTION('center_axis',(0.,1.,1.42782825063996E-14));
#2086=DIRECTION('ref_axis',(1.,0.,0.));
#2087=DIRECTION('center_axis',(0.,-1.,-1.42782825063996E-14));
#2088=DIRECTION('ref_axis',(0.,-1.40209586760074E-14,1.));
#2089=DIRECTION('center_axis',(0.,1.,1.42782825063996E-14));
#2090=DIRECTION('ref_axis',(1.,0.,0.));
#2091=DIRECTION('',(-8.65956056235398E-17,-0.707106781186615,-0.70710678118648));
#2092=DIRECTION('center_axis',(6.12323399573676E-17,1.36642833800009E-15,
1.));
#2093=DIRECTION('ref_axis',(1.,0.,0.));
#2094=DIRECTION('center_axis',(0.,1.29526019539601E-15,1.));
#2095=DIRECTION('ref_axis',(1.,0.,0.));
#2096=DIRECTION('',(0.,-1.,-1.29526019539601E-15));
#2097=DIRECTION('',(0.,-1.,0.));
#2098=DIRECTION('center_axis',(0.,1.,-1.29526019539601E-15));
#2099=DIRECTION('ref_axis',(-0.939692620785909,4.43005077673376E-16,0.342020143325667));
#2100=DIRECTION('',(0.,-1.,-1.29526019539601E-15));
#2101=DIRECTION('center_axis',(-0.642787609686543,-9.92226875076313E-16,
-0.766044443118975));
#2102=DIRECTION('ref_axis',(-0.766044443118975,8.32577204920727E-16,0.642787609686543));
#2103=DIRECTION('center_axis',(1.,0.,0.));
#2104=DIRECTION('ref_axis',(0.,0.,1.));
#2105=DIRECTION('',(0.,-1.,0.));
#2106=DIRECTION('',(0.,0.,-1.));
#2107=DIRECTION('center_axis',(2.94502763411274E-17,-0.707106781186547,
-0.707106781186548));
#2108=DIRECTION('ref_axis',(-1.,0.,-4.16489802172578E-17));
#2109=DIRECTION('',(0.644400477571768,0.540716203060939,-0.540716203060939));
#2110=DIRECTION('',(-1.,0.,-4.16489802172578E-17));
#2111=DIRECTION('center_axis',(-0.642787609686543,0.,-0.766044443118975));
#2112=DIRECTION('ref_axis',(-0.766044443118975,0.,0.642787609686543));
#2113=DIRECTION('',(0.766044443118975,0.,-0.642787609686543));
#2114=DIRECTION('',(0.,1.,-1.45901480478146E-13));
#2115=DIRECTION('',(0.766044443118975,0.,-0.642787609686543));
#2116=DIRECTION('center_axis',(0.,1.,0.));
#2117=DIRECTION('ref_axis',(1.,0.,0.));
#2118=DIRECTION('center_axis',(0.,1.,0.));
#2119=DIRECTION('ref_axis',(1.,0.,0.));
#2120=DIRECTION('',(-1.,0.,0.));
#2121=DIRECTION('',(0.,0.,1.));
#2122=DIRECTION('center_axis',(0.,-1.,-7.7867713508978E-15));
#2123=DIRECTION('ref_axis',(0.,-7.7867713508978E-15,1.));
#2124=DIRECTION('center_axis',(0.,1.,1.55735427017956E-14));
#2125=DIRECTION('ref_axis',(0.,-1.59240906578269E-14,1.));
#2126=DIRECTION('center_axis',(-1.,-1.90720892211386E-30,1.22464679914735E-16));
#2127=DIRECTION('ref_axis',(-1.22464679914735E-16,1.55779147739611E-14,
-1.));
#2128=DIRECTION('center_axis',(0.,1.,1.55735427017956E-14));
#2129=DIRECTION('ref_axis',(1.,0.,0.));
#2130=DIRECTION('center_axis',(0.,-1.,-1.55735427017956E-14));
#2131=DIRECTION('ref_axis',(0.,-1.53162188714035E-14,1.));
#2132=DIRECTION('center_axis',(0.,1.,1.55735427017956E-14));
#2133=DIRECTION('ref_axis',(1.,0.,0.));
#2134=DIRECTION('',(-8.65956056235398E-17,-0.707106781186614,-0.707106781186481));
#2135=DIRECTION('center_axis',(6.12323399573677E-17,0.,1.));
#2136=DIRECTION('ref_axis',(1.,0.,0.));
#2137=DIRECTION('center_axis',(0.,0.,1.));
#2138=DIRECTION('ref_axis',(1.,0.,0.));
#2139=DIRECTION('',(0.,1.,0.));
#2140=DIRECTION('',(-1.,0.,0.));
#2141=DIRECTION('',(0.,-1.,0.));
#2142=DIRECTION('center_axis',(0.,1.,0.));
#2143=DIRECTION('ref_axis',(-0.939692620786362,0.,0.342020143324423));
#2144=DIRECTION('center_axis',(0.,-1.,0.));
#2145=DIRECTION('ref_axis',(1.,0.,0.));
#2146=DIRECTION('center_axis',(0.,1.,0.));
#2147=DIRECTION('ref_axis',(0.,0.,1.));
#2148=DIRECTION('',(1.85037170770858E-16,0.,-1.));
#2149=DIRECTION('',(0.707106781176918,0.,-0.707106781196177));
#2150=DIRECTION('',(-1.,0.,0.));
#2151=DIRECTION('',(0.707106781186553,0.,0.707106781186542));
#2152=DIRECTION('center_axis',(-2.94502763411274E-17,-0.707106781186547,
0.707106781186548));
#2153=DIRECTION('ref_axis',(-1.,0.,-4.16489802172578E-17));
#2154=DIRECTION('',(-1.,0.,-4.16489802172578E-17));
#2155=DIRECTION('',(0.644400477571768,-0.540716203060939,-0.540716203060939));
#2156=DIRECTION('center_axis',(0.642787609686543,0.,0.766044443118975));
#2157=DIRECTION('ref_axis',(-0.766044443118975,0.,0.642787609686543));
#2158=DIRECTION('',(0.766044443118975,0.,-0.642787609686543));
#2159=DIRECTION('',(0.,-1.,0.));
#2160=DIRECTION('',(-0.766044443118975,0.,0.642787609686543));
#2161=DIRECTION('center_axis',(0.,1.,0.));
#2162=DIRECTION('ref_axis',(1.,0.,0.));
#2163=DIRECTION('',(-1.,0.,0.));
#2164=DIRECTION('center_axis',(0.,1.,0.));
#2165=DIRECTION('ref_axis',(1.,0.,0.));
#2166=DIRECTION('center_axis',(0.,-1.,7.7867713508978E-15));
#2167=DIRECTION('ref_axis',(0.,7.7867713508978E-15,1.));
#2168=DIRECTION('center_axis',(0.,-1.,1.55735427017956E-14));
#2169=DIRECTION('ref_axis',(0.,1.59240906578269E-14,1.));
#2170=DIRECTION('center_axis',(1.,-1.90720892211386E-30,-1.22464679914735E-16));
#2171=DIRECTION('ref_axis',(-1.22464679914735E-16,-1.55779147739611E-14,
-1.));
#2172=DIRECTION('center_axis',(0.,1.,-1.55735427017956E-14));
#2173=DIRECTION('ref_axis',(1.,0.,0.));
#2174=DIRECTION('center_axis',(0.,1.,-1.55735427017956E-14));
#2175=DIRECTION('ref_axis',(0.,1.53162188714035E-14,1.));
#2176=DIRECTION('center_axis',(0.,1.,-1.55735427017956E-14));
#2177=DIRECTION('ref_axis',(1.,0.,0.));
#2178=DIRECTION('',(-8.65956056235398E-17,0.707106781186614,-0.707106781186481));
#2179=DIRECTION('center_axis',(6.12323399573677E-17,0.,1.));
#2180=DIRECTION('ref_axis',(1.,0.,0.));
#2181=DIRECTION('center_axis',(0.,0.,-1.));
#2182=DIRECTION('ref_axis',(1.,0.,0.));
#2183=DIRECTION('',(0.,-1.,0.));
#2184=DIRECTION('',(1.,0.,0.));
#2185=DIRECTION('',(0.,-1.,0.));
#2186=DIRECTION('center_axis',(0.,1.,0.));
#2187=DIRECTION('ref_axis',(-0.939692620786362,0.,0.342020143324423));
#2188=DIRECTION('center_axis',(0.,1.,0.));
#2189=DIRECTION('ref_axis',(1.,0.,0.));
#2190=DIRECTION('center_axis',(0.,1.,0.));
#2191=DIRECTION('ref_axis',(0.,0.,1.));
#2192=DIRECTION('',(0.707106781186553,0.,0.707106781186542));
#2193=DIRECTION('',(-1.,0.,0.));
#2194=DIRECTION('',(0.707106781176918,0.,-0.707106781196177));
#2195=DIRECTION('center_axis',(2.94502763411274E-17,0.707106781186548,-0.707106781186547));
#2196=DIRECTION('ref_axis',(-1.,0.,-4.16489802172579E-17));
#2197=DIRECTION('',(1.,-5.394626625425E-32,4.16489802172578E-17));
#2198=DIRECTION('',(-0.644400477571769,0.540716203060938,0.540716203060939));
#2199=DIRECTION('center_axis',(0.,1.,1.29526019539601E-15));
#2200=DIRECTION('ref_axis',(1.,0.,0.));
#2201=DIRECTION('',(0.,1.29526019539601E-15,-1.));
#2202=DIRECTION('',(-1.,0.,0.));
#2203=DIRECTION('center_axis',(0.,1.,1.29526019539601E-15));
#2204=DIRECTION('ref_axis',(1.,0.,0.));
#2205=DIRECTION('',(0.766044443118975,8.32577204920727E-16,-0.642787609686543));
#2206=DIRECTION('center_axis',(0.,-1.,6.49151115550179E-15));
#2207=DIRECTION('ref_axis',(0.,6.49151115550179E-15,1.));
#2208=DIRECTION('center_axis',(0.,-1.,1.42782825063996E-14));
#2209=DIRECTION('ref_axis',(0.,1.41932112384979E-14,1.));
#2210=DIRECTION('center_axis',(1.,-1.74858529687839E-30,-1.22464679914735E-16));
#2211=DIRECTION('ref_axis',(-1.22464679914735E-16,-1.42797552094644E-14,
-1.));
#2212=DIRECTION('center_axis',(0.,1.,-1.42782825063996E-14));
#2213=DIRECTION('ref_axis',(1.,0.,0.));
#2214=DIRECTION('center_axis',(0.,1.,-1.42782825063996E-14));
#2215=DIRECTION('ref_axis',(0.,1.40209586760074E-14,1.));
#2216=DIRECTION('center_axis',(0.,1.,-1.42782825063996E-14));
#2217=DIRECTION('ref_axis',(1.,0.,0.));
#2218=DIRECTION('',(-8.65956056235398E-17,0.707106781186615,-0.70710678118648));
#2219=DIRECTION('center_axis',(6.12323399573676E-17,-1.36642833800009E-15,
1.));
#2220=DIRECTION('ref_axis',(1.,0.,0.));
#2221=DIRECTION('center_axis',(2.94502763411274E-17,-0.707106781186547,
-0.707106781186548));
#2222=DIRECTION('ref_axis',(-1.,0.,-4.16489802172578E-17));
#2223=DIRECTION('',(0.644400477571768,0.540716203060939,-0.540716203060939));
#2224=DIRECTION('',(-1.,0.,-4.16489802172578E-17));
#2225=DIRECTION('center_axis',(-0.642787609686543,0.,-0.766044443118975));
#2226=DIRECTION('ref_axis',(-0.766044443118975,0.,0.642787609686543));
#2227=DIRECTION('',(0.,-1.,-1.29526019539601E-15));
#2228=DIRECTION('',(0.766044443118975,0.,-0.642787609686543));
#2229=DIRECTION('center_axis',(0.,1.,0.));
#2230=DIRECTION('ref_axis',(1.,0.,0.));
#2231=DIRECTION('center_axis',(0.,1.,0.));
#2232=DIRECTION('ref_axis',(1.,0.,0.));
#2233=DIRECTION('',(-1.,0.,0.));
#2234=DIRECTION('center_axis',(0.,-1.,-7.7867713508978E-15));
#2235=DIRECTION('ref_axis',(0.,-7.7867713508978E-15,1.));
#2236=DIRECTION('center_axis',(0.,1.,1.55735427017956E-14));
#2237=DIRECTION('ref_axis',(0.,-1.55779147739611E-14,1.));
#2238=DIRECTION('center_axis',(-1.,-1.90720892211386E-30,1.22464679914735E-16));
#2239=DIRECTION('ref_axis',(-1.22464679914735E-16,1.55779147739611E-14,
-1.));
#2240=DIRECTION('center_axis',(0.,1.,1.55735427017956E-14));
#2241=DIRECTION('ref_axis',(1.,0.,0.));
#2242=DIRECTION('center_axis',(0.,-1.,-1.55735427017956E-14));
#2243=DIRECTION('ref_axis',(0.,-1.53162188714035E-14,1.));
#2244=DIRECTION('center_axis',(0.,1.,1.55735427017956E-14));
#2245=DIRECTION('ref_axis',(1.,0.,0.));
#2246=DIRECTION('',(-8.65956056235398E-17,-0.707106781186614,-0.707106781186481));
#2247=DIRECTION('center_axis',(6.12323399573676E-17,0.,1.));
#2248=DIRECTION('ref_axis',(1.,0.,0.));
#2249=DIRECTION('center_axis',(0.,0.,1.));
#2250=DIRECTION('ref_axis',(1.,0.,0.));
#2251=DIRECTION('',(0.,1.,0.));
#2252=DIRECTION('',(0.,-1.,0.));
#2253=DIRECTION('center_axis',(0.,1.,0.));
#2254=DIRECTION('ref_axis',(-0.939692620785909,0.,0.342020143325668));
#2255=DIRECTION('center_axis',(1.,0.,0.));
#2256=DIRECTION('ref_axis',(0.,0.,1.));
#2257=DIRECTION('',(0.,-1.,0.));
#2258=DIRECTION('center_axis',(2.94502763411279E-17,-0.707106781186545,
-0.70710678118655));
#2259=DIRECTION('ref_axis',(-1.,0.,-4.16489802172584E-17));
#2260=DIRECTION('',(0.644400477571767,-0.540716203060942,0.540716203060937));
#2261=DIRECTION('',(-1.,-5.94675905645455E-31,-4.16489802172578E-17));
#2262=DIRECTION('center_axis',(0.642787609686543,0.,-0.766044443118975));
#2263=DIRECTION('ref_axis',(0.766044443118975,-1.00104802876385E-14,0.642787609686543));
#2264=DIRECTION('',(0.766044443118975,9.17790308271777E-15,0.642787609686543));
#2265=DIRECTION('',(0.,1.,1.55735427017956E-14));
#2266=DIRECTION('',(0.766044443118975,-1.00104802876385E-14,0.642787609686543));
#2267=DIRECTION('',(-0.644400477571771,-0.540716203060933,-0.540716203060941));
#2268=DIRECTION('center_axis',(2.94502763411276E-17,0.707106781186553,-0.707106781186543));
#2269=DIRECTION('ref_axis',(-1.,0.,-4.16489802172585E-17));
#2270=DIRECTION('',(1.,-6.48622171899705E-31,4.16489802172578E-17));
#2271=DIRECTION('center_axis',(0.,1.,-1.42782825063996E-14));
#2272=DIRECTION('ref_axis',(0.,1.42782825063996E-14,1.));
#2273=DIRECTION('',(1.85037170770858E-16,-1.42782825063996E-14,-1.));
#2274=DIRECTION('',(-1.,0.,0.));
#2275=DIRECTION('center_axis',(0.,1.,-1.42782825063996E-14));
#2276=DIRECTION('ref_axis',(1.,0.,0.));
#2277=DIRECTION('center_axis',(0.,1.,-1.42782825063996E-14));
#2278=DIRECTION('ref_axis',(1.,0.,0.));
#2279=DIRECTION('center_axis',(0.,-1.,1.42782825063996E-14));
#2280=DIRECTION('ref_axis',(0.,1.42570454351449E-14,1.));
#2281=DIRECTION('center_axis',(0.,1.,-1.42782825063996E-14));
#2282=DIRECTION('ref_axis',(1.,0.,0.));
#2283=DIRECTION('center_axis',(-1.,1.74858529687839E-30,1.22464679914735E-16));
#2284=DIRECTION('ref_axis',(-1.22464679914735E-16,-1.43345293777272E-14,
-1.));
#2285=DIRECTION('center_axis',(0.,1.,-1.42782825063996E-14));
#2286=DIRECTION('ref_axis',(0.,1.36380532042219E-14,1.));
#2287=DIRECTION('',(8.65956056235416E-17,-0.7071067811866,0.707106781186495));
#2288=DIRECTION('center_axis',(0.,1.,-1.42782825063996E-14));
#2289=DIRECTION('ref_axis',(1.,0.,0.));
#2290=DIRECTION('center_axis',(6.12323399573676E-17,-8.88178419700039E-16,
1.));
#2291=DIRECTION('ref_axis',(1.,0.,0.));
#2292=DIRECTION('center_axis',(0.,0.,1.));
#2293=DIRECTION('ref_axis',(-1.,0.,0.));
#2294=DIRECTION('',(0.,-1.,1.42782825063996E-14));
#2295=DIRECTION('',(0.,-1.,0.));
#2296=DIRECTION('',(-1.,0.,0.));
#2297=DIRECTION('center_axis',(0.,1.,1.55735427017956E-14));
#2298=DIRECTION('ref_axis',(0.,-1.49333133996179E-14,1.));
#2299=DIRECTION('center_axis',(0.,1.,1.55735427017956E-14));
#2300=DIRECTION('ref_axis',(1.,0.,0.));
#2301=DIRECTION('center_axis',(0.,1.,1.55735427017956E-14));
#2302=DIRECTION('ref_axis',(0.,-1.55735427017956E-14,1.));
#2303=DIRECTION('',(-1.85037170770858E-16,-1.55735427017956E-14,1.));
#2304=DIRECTION('center_axis',(0.,1.,1.55735427017956E-14));
#2305=DIRECTION('ref_axis',(1.,0.,0.));
#2306=DIRECTION('center_axis',(0.,1.,1.55735427017956E-14));
#2307=DIRECTION('ref_axis',(0.,-1.54967885164618E-14,1.));
#2308=DIRECTION('center_axis',(0.,1.,1.55735427017956E-14));
#2309=DIRECTION('ref_axis',(1.,0.,0.));
#2310=DIRECTION('center_axis',(1.,1.90720892211386E-30,-1.22464679914735E-16));
#2311=DIRECTION('ref_axis',(-1.22464679914735E-16,1.54967885164618E-14,
-1.));
#2312=DIRECTION('center_axis',(0.,-1.,-1.55735427017956E-14));
#2313=DIRECTION('ref_axis',(0.,-1.49333133996179E-14,1.));
#2314=DIRECTION('',(8.65956056235416E-17,0.707106781186599,0.707106781186496));
#2315=DIRECTION('center_axis',(0.,1.,1.55735427017956E-14));
#2316=DIRECTION('ref_axis',(1.,0.,0.));
#2317=DIRECTION('center_axis',(6.12323399573677E-17,0.,1.));
#2318=DIRECTION('ref_axis',(1.,0.,0.));
#2319=DIRECTION('center_axis',(-1.,0.,-1.85037170770858E-16));
#2320=DIRECTION('ref_axis',(1.85037170770858E-16,0.,-1.));
#2321=DIRECTION('',(-1.85037170770858E-16,-1.55735427017956E-14,1.));
#2322=DIRECTION('',(0.,-1.,0.));
#2323=DIRECTION('center_axis',(2.94502763411279E-17,-0.707106781186545,
-0.70710678118655));
#2324=DIRECTION('ref_axis',(-1.,0.,-4.16489802172584E-17));
#2325=DIRECTION('',(0.644400477571767,-0.540716203060942,0.540716203060937));
#2326=DIRECTION('',(-1.,-5.94675905645455E-31,-4.16489802172578E-17));
#2327=DIRECTION('center_axis',(0.642787609686543,0.,-0.766044443118975));
#2328=DIRECTION('ref_axis',(0.766044443118975,-1.00104802876385E-14,0.642787609686543));
#2329=DIRECTION('',(0.766044443118975,9.17790308271777E-15,0.642787609686543));
#2330=DIRECTION('',(0.,1.,1.55735427017956E-14));
#2331=DIRECTION('',(0.766044443118975,-1.00104802876385E-14,0.642787609686543));
#2332=DIRECTION('',(-0.644400477571771,-0.540716203060933,-0.540716203060941));
#2333=DIRECTION('center_axis',(2.94502763411276E-17,0.707106781186553,-0.707106781186543));
#2334=DIRECTION('ref_axis',(-1.,0.,-4.16489802172585E-17));
#2335=DIRECTION('',(1.,-6.48622171899705E-31,4.16489802172578E-17));
#2336=DIRECTION('center_axis',(0.,1.,-1.42782825063996E-14));
#2337=DIRECTION('ref_axis',(0.,1.42782825063996E-14,1.));
#2338=DIRECTION('',(-1.,0.,0.));
#2339=DIRECTION('center_axis',(0.,1.,-1.42782825063996E-14));
#2340=DIRECTION('ref_axis',(1.,0.,0.));
#2341=DIRECTION('center_axis',(0.,1.,-1.42782825063996E-14));
#2342=DIRECTION('ref_axis',(1.,0.,0.));
#2343=DIRECTION('center_axis',(0.,-1.,1.42782825063996E-14));
#2344=DIRECTION('ref_axis',(0.,1.44120133203095E-14,1.));
#2345=DIRECTION('center_axis',(0.,1.,-1.42782825063996E-14));
#2346=DIRECTION('ref_axis',(1.,0.,0.));
#2347=DIRECTION('center_axis',(-1.,1.74858529687839E-30,1.22464679914735E-16));
#2348=DIRECTION('ref_axis',(-1.22464679914735E-16,-1.43345293777272E-14,
-1.));
#2349=DIRECTION('center_axis',(0.,1.,-1.42782825063996E-14));
#2350=DIRECTION('ref_axis',(0.,1.36380532042219E-14,1.));
#2351=DIRECTION('',(8.65956056235416E-17,-0.7071067811866,0.707106781186495));
#2352=DIRECTION('center_axis',(0.,1.,-1.42782825063996E-14));
#2353=DIRECTION('ref_axis',(1.,0.,0.));
#2354=DIRECTION('center_axis',(6.12323399573677E-17,-1.33226762955006E-15,
1.));
#2355=DIRECTION('ref_axis',(1.,0.,0.));
#2356=DIRECTION('center_axis',(0.,0.,1.));
#2357=DIRECTION('ref_axis',(-1.,0.,0.));
#2358=DIRECTION('',(0.,-1.,1.42782825063996E-14));
#2359=DIRECTION('',(0.,-1.,0.));
#2360=DIRECTION('',(-1.,0.,0.));
#2361=DIRECTION('center_axis',(0.,1.,1.55735427017956E-14));
#2362=DIRECTION('ref_axis',(0.,-1.49333133996179E-14,1.));
#2363=DIRECTION('center_axis',(0.,1.,1.55735427017956E-14));
#2364=DIRECTION('ref_axis',(1.,0.,0.));
#2365=DIRECTION('center_axis',(0.,1.,1.55735427017956E-14));
#2366=DIRECTION('ref_axis',(0.,-1.55735427017956E-14,1.));
#2367=DIRECTION('center_axis',(0.,1.,1.55735427017956E-14));
#2368=DIRECTION('ref_axis',(1.,0.,0.));
#2369=DIRECTION('center_axis',(0.,1.,1.55735427017956E-14));
#2370=DIRECTION('ref_axis',(0.,-1.56517564016264E-14,1.));
#2371=DIRECTION('center_axis',(0.,1.,1.55735427017956E-14));
#2372=DIRECTION('ref_axis',(1.,0.,0.));
#2373=DIRECTION('center_axis',(1.,1.90720892211386E-30,-1.22464679914735E-16));
#2374=DIRECTION('ref_axis',(-1.22464679914735E-16,1.54967885164618E-14,
-1.));
#2375=DIRECTION('center_axis',(0.,-1.,-1.55735427017956E-14));
#2376=DIRECTION('ref_axis',(0.,-1.49333133996179E-14,1.));
#2377=DIRECTION('',(8.65956056235416E-17,0.707106781186599,0.707106781186496));
#2378=DIRECTION('center_axis',(0.,1.,1.55735427017956E-14));
#2379=DIRECTION('ref_axis',(1.,0.,0.));
#2380=DIRECTION('center_axis',(6.12323399573677E-17,0.,1.));
#2381=DIRECTION('ref_axis',(1.,0.,0.));
#2382=DIRECTION('center_axis',(-1.,0.,-1.85037170770858E-16));
#2383=DIRECTION('ref_axis',(1.85037170770858E-16,0.,-1.));
#2384=DIRECTION('',(0.,-1.,0.));
#2385=DIRECTION('center_axis',(-0.707106781196177,0.,-0.707106781176918));
#2386=DIRECTION('ref_axis',(0.707106781176918,0.,-0.707106781196177));
#2387=DIRECTION('',(0.,-1.,0.));
#2388=DIRECTION('center_axis',(0.,0.,1.));
#2389=DIRECTION('ref_axis',(-1.,0.,0.));
#2390=DIRECTION('',(0.,-1.,0.));
#2391=DIRECTION('center_axis',(0.707106781186542,0.,-0.707106781186553));
#2392=DIRECTION('ref_axis',(0.707106781186553,0.,0.707106781186542));
#2393=CARTESIAN_POINT('',(0.,0.,0.));
#2394=CARTESIAN_POINT('Origin',(-3.69253331742776,-12.42304473783,-2.77555756156289E-16));
#2395=CARTESIAN_POINT('',(-3.49253331742776,-100.,0.199999999994547));
#2396=CARTESIAN_POINT('',(-3.69253331742776,-100.,-1.53790247089114E-16));
#2397=CARTESIAN_POINT('',(-3.64253331742776,-100.,0.0499999999986363));
#2398=CARTESIAN_POINT('',(-3.49253331742776,-12.62304473783,0.200000000000007));
#2399=CARTESIAN_POINT('',(-3.49253331742776,43.788477631085,0.199999999994546));
#2400=CARTESIAN_POINT('',(-3.69253331742776,-12.42304473783,-1.53790247089114E-16));
#2401=CARTESIAN_POINT('',(-5.71304077375158,-10.4025372815613,-2.02050745626873));
#2402=CARTESIAN_POINT('',(-3.69253331742776,-12.42304473783,-1.53790247089114E-16));
#2403=CARTESIAN_POINT('Origin',(-3.69253331742776,-2.29999999999984,-2.77555756156289E-16));
#2404=CARTESIAN_POINT('',(-3.49253331742776,-7.62304473783036,0.200000000000003));
#2405=CARTESIAN_POINT('',(-3.69253331742776,-7.82304473783037,-1.53790247089114E-16));
#2406=CARTESIAN_POINT('',(-2.72202586111431,-6.85253728154336,0.970507456286994));
#2407=CARTESIAN_POINT('',(-3.49253331742776,-2.49999999999984,0.199999999999996));
#2408=CARTESIAN_POINT('',(-3.49253331742776,48.8500000000001,0.199999999994547));
#2409=CARTESIAN_POINT('',(-3.69253331742776,-2.29999999999984,-1.53790247089114E-16));
#2410=CARTESIAN_POINT('',(-4.02586665076455,-1.96666666667215,-0.333333333327701));
#2411=CARTESIAN_POINT('',(-3.69253331742776,-2.29999999999984,-1.53790247089114E-16));
#2412=CARTESIAN_POINT('Origin',(3.69253331742777,-7.12304473797594,1.45741230266598E-10));
#2413=CARTESIAN_POINT('',(3.49253331742777,-13.1230447378302,6.8067985987966E-15));
#2414=CARTESIAN_POINT('',(3.69253331742777,-13.1230447376845,1.45741233105978E-10));
#2415=CARTESIAN_POINT('',(3.64253331968675,-13.1230447377209,1.09305960001352E-10));
#2416=CARTESIAN_POINT('',(3.49253331742777,-7.1230447378302,2.66196597352935E-15));
#2417=CARTESIAN_POINT('',(3.49253331742777,100.,1.45460451045663E-16));
#2418=CARTESIAN_POINT('',(3.69253331742777,-7.12304473797594,1.45741233105978E-10));
#2419=CARTESIAN_POINT('',(3.64253331490534,-7.12304473793951,1.09305956517108E-10));
#2420=CARTESIAN_POINT('',(3.69253331742777,-7.12304473797594,1.45741233105978E-10));
#2421=CARTESIAN_POINT('Origin',(3.49253331742777,-7.32304473797594,0.200000000145737));
#2422=CARTESIAN_POINT('',(3.49253331742777,-12.9230447378302,0.200000000000007));
#2423=CARTESIAN_POINT('',(2.60919998416729,-12.039711404424,1.08333333340619));
#2424=CARTESIAN_POINT('',(3.49253331742777,-7.3230447378302,0.200000000000003));
#2425=CARTESIAN_POINT('',(4.76304077378139,-6.05253728162235,-1.07050745620786));
#2426=CARTESIAN_POINT('',(3.49253331742777,46.338477631012,0.200000000145738));
#2427=CARTESIAN_POINT('Origin',(3.49253331742777,100.,0.));
#2428=CARTESIAN_POINT('',(3.49253331742777,-2.8,0.199999999999996));
#2429=CARTESIAN_POINT('',(3.49253331742777,2.8,0.2));
#2430=CARTESIAN_POINT('',(3.49253331742777,50.,0.200000000145737));
#2431=CARTESIAN_POINT('',(3.49253331742777,2.8,6.00000000000005));
#2432=CARTESIAN_POINT('',(3.49253331742777,2.79999999999999,1.50000000000001));
#2433=CARTESIAN_POINT('',(3.49253331742777,-2.80000000000001,6.00000000000005));
#2434=CARTESIAN_POINT('',(3.49253331742777,100.,6.00000000000005));
#2435=CARTESIAN_POINT('',(3.49253331742777,-2.80000000000001,1.49999999999994));
#2436=CARTESIAN_POINT('Origin',(-3.69253331742776,12.42304473783,-2.77555756156289E-16));
#2437=CARTESIAN_POINT('',(-3.49253331742776,100.,0.199999999994547));
#2438=CARTESIAN_POINT('',(-3.69253331742776,100.,-1.53790247089114E-16));
#2439=CARTESIAN_POINT('',(-3.64253331742776,100.,0.0499999999986363));
#2440=CARTESIAN_POINT('',(-3.69253331742776,12.42304473783,-1.53790247089114E-16));
#2441=CARTESIAN_POINT('',(-3.69253331742776,12.42304473783,-1.53790247089114E-16));
#2442=CARTESIAN_POINT('',(-3.49253331742776,12.62304473783,0.200000000000007));
#2443=CARTESIAN_POINT('',(-5.71304077375158,10.4025372815613,-2.02050745626873));
#2444=CARTESIAN_POINT('',(-3.49253331742776,56.211522368915,0.199999999994546));
#2445=CARTESIAN_POINT('Origin',(-3.69253331742776,2.29999999999984,-2.77555756156289E-16));
#2446=CARTESIAN_POINT('',(-3.49253331742776,7.62304473783036,0.200000000000003));
#2447=CARTESIAN_POINT('',(-3.69253331742776,7.82304473783037,-1.53790247089114E-16));
#2448=CARTESIAN_POINT('',(-2.72202586111431,6.85253728154336,0.970507456286994));
#2449=CARTESIAN_POINT('',(-3.69253331742776,2.29999999999984,-1.53790247089114E-16));
#2450=CARTESIAN_POINT('',(-3.69253331742776,2.29999999999984,-1.53790247089114E-16));
#2451=CARTESIAN_POINT('',(-3.49253331742776,2.49999999999984,0.2));
#2452=CARTESIAN_POINT('',(-4.02586665076455,1.96666666667215,-0.333333333327701));
#2453=CARTESIAN_POINT('',(-3.49253331742776,51.1499999999999,0.199999999994547));
#2454=CARTESIAN_POINT('Origin',(3.69253331742777,7.12304473797594,1.45741230266598E-10));
#2455=CARTESIAN_POINT('',(3.49253331742777,13.1230447378302,6.8067985987966E-15));
#2456=CARTESIAN_POINT('',(3.69253331742777,13.1230447376845,1.45741233105978E-10));
#2457=CARTESIAN_POINT('',(3.64253331968675,13.1230447377209,1.09305960001352E-10));
#2458=CARTESIAN_POINT('',(3.69253331742777,7.12304473797594,1.45741233105978E-10));
#2459=CARTESIAN_POINT('',(3.69253331742777,7.12304473797594,1.45741233105978E-10));
#2460=CARTESIAN_POINT('',(3.49253331742777,7.1230447378302,2.66196597352935E-15));
#2461=CARTESIAN_POINT('',(3.64253331490534,7.12304473793951,1.09305956517108E-10));
#2462=CARTESIAN_POINT('',(3.49253331742777,100.,1.45460451045663E-16));
#2463=CARTESIAN_POINT('Origin',(3.49253331742777,7.32304473797594,0.200000000145737));
#2464=CARTESIAN_POINT('',(3.49253331742777,12.9230447378302,0.200000000000007));
#2465=CARTESIAN_POINT('',(2.60919998416729,12.039711404424,1.08333333340619));
#2466=CARTESIAN_POINT('',(3.49253331742777,7.3230447378302,0.200000000000003));
#2467=CARTESIAN_POINT('',(3.49253331742777,53.661522368988,0.200000000145738));
#2468=CARTESIAN_POINT('',(4.76304077378139,6.05253728162235,-1.07050745620786));
#2469=CARTESIAN_POINT('Origin',(3.69253331742777,0.,1.45741233105978E-10));
#2470=CARTESIAN_POINT('',(3.49253331742777,3.,1.45460451045663E-16));
#2471=CARTESIAN_POINT('',(3.69253331742777,2.99999999985426,1.45741233105978E-10));
#2472=CARTESIAN_POINT('',(3.64253331859369,2.99999999989069,1.09305959204835E-10));
#2473=CARTESIAN_POINT('',(3.69253331742777,-2.99999999985426,1.45741233105978E-10));
#2474=CARTESIAN_POINT('',(3.69253331742777,0.,1.45741233105978E-10));
#2475=CARTESIAN_POINT('',(3.49253331742777,-3.,-3.99937217422159E-15));
#2476=CARTESIAN_POINT('',(3.64253331859369,-2.99999999989069,1.09305959204835E-10));
#2477=CARTESIAN_POINT('',(3.49253331742777,100.,1.45460451045663E-16));
#2478=CARTESIAN_POINT('Origin',(3.49253331742777,0.,0.200000000145738));
#2479=CARTESIAN_POINT('',(3.07586665080968,2.38333333323618,0.61666666676382));
#2480=CARTESIAN_POINT('',(3.07586665080968,-2.38333333323618,0.61666666676382));
#2481=CARTESIAN_POINT('Origin',(-1.74626665871388,-7.72304473783036,0.100000000000005));
#2482=CARTESIAN_POINT('',(1.09191070279863,-7.82304473783036,3.4231876592611E-15));
#2483=CARTESIAN_POINT('',(1.33026142131747,-7.62304473783036,0.200000000000003));
#2484=CARTESIAN_POINT('',(-0.298775568099057,-8.98996907482393,-1.16692433699356));
#2485=CARTESIAN_POINT('',(-1.74626665871388,-7.62304473783036,0.200000000000003));
#2486=CARTESIAN_POINT('',(-2.61939998807082,-7.82304473783037,0.));
#2487=CARTESIAN_POINT('Origin',(1.09191070279863,-12.62304473783,6.76542155630955E-15));
#2488=CARTESIAN_POINT('',(1.09191070279863,-12.42304473783,9.38138455808235E-15));
#2489=CARTESIAN_POINT('',(1.09191070279862,43.688477631085,-1.38777878078145E-16));
#2490=CARTESIAN_POINT('',(1.33026142131747,-12.62304473783,0.200000000000007));
#2491=CARTESIAN_POINT('',(0.57231888060904,-11.987055431468,-0.435989306362012));
#2492=CARTESIAN_POINT('',(1.92836282905964,-12.62304473783,0.701866670643076));
#2493=CARTESIAN_POINT('',(1.28066353552493,-12.62304473783,0.158382432324316));
#2494=CARTESIAN_POINT('',(1.92836282905964,-7.62304473783037,0.701866670643072));
#2495=CARTESIAN_POINT('',(1.92836282905963,-11.3730447378301,0.701866670643073));
#2496=CARTESIAN_POINT('',(1.28066353552493,-7.62304473783036,0.158382432324312));
#2497=CARTESIAN_POINT('Origin',(-1.74626665871388,-12.52304473783,0.100000000000007));
#2498=CARTESIAN_POINT('',(-2.61939998807082,-12.42304473783,0.));
#2499=CARTESIAN_POINT('',(-1.74626665871388,-12.62304473783,0.200000000000007));
#2500=CARTESIAN_POINT('Origin',(0.,-7.62304473783043,5.16568542494673));
#2501=CARTESIAN_POINT('',(0.,-7.62304473783055,6.00000000000005));
#2502=CARTESIAN_POINT('Origin',(0.,-7.62304473783051,3.00000000000002));
#2503=CARTESIAN_POINT('',(-3.49253331742777,-7.62304473783044,6.00000000000005));
#2504=CARTESIAN_POINT('',(-0.391042622092033,-7.62304473783044,6.00000000000005));
#2505=CARTESIAN_POINT('',(-3.49253331742777,-7.62304473783044,5.58284271247262));
#2506=CARTESIAN_POINT('',(-2.65219972362107E-16,-7.62304473783036,0.834314575053305));
#2507=CARTESIAN_POINT('Origin',(0.,-7.62304473783039,3.00000000000002));
#2508=CARTESIAN_POINT('Origin',(0.,-6.9230447378369,3.00000000000003));
#2509=CARTESIAN_POINT('',(-2.04603048426189E-16,-7.41801948466281,1.32928932187927));
#2510=CARTESIAN_POINT('Origin',(0.,-7.41801948466284,3.00000000000002));
#2511=CARTESIAN_POINT('Origin',(-2.65219972362114E-16,-6.92304473783687,
0.834314575053253));
#2512=CARTESIAN_POINT('Origin',(0.,-6.93621753619573,3.00000000000003));
#2513=CARTESIAN_POINT('',(-8.65956056235685E-17,-6.4544155877286,2.29289321881333));
#2514=CARTESIAN_POINT('',(-1.45599327024879E-16,-6.93621753619571,1.8110912703463));
#2515=CARTESIAN_POINT('Origin',(0.,-6.45441558772862,3.00000000000004));
#2516=CARTESIAN_POINT('Origin',(0.,-7.1615223689151,3.00000000000012));
#2517=CARTESIAN_POINT('Origin',(0.,-12.62304473783,6.00000000000006));
#2518=CARTESIAN_POINT('',(0.,-12.6230447378298,6.00000000000006));
#2519=CARTESIAN_POINT('',(0.,-8.87304473783038,6.00000000000005));
#2520=CARTESIAN_POINT('',(-3.49253331742777,-12.62304473783,6.00000000000006));
#2521=CARTESIAN_POINT('',(-0.391042622092033,-12.62304473783,6.00000000000006));
#2522=CARTESIAN_POINT('',(-3.49253331742777,100.,6.00000000000005));
#2523=CARTESIAN_POINT('Origin',(0.,-11.3730447378301,3.));
#2524=CARTESIAN_POINT('Origin',(0.,-12.6230447378299,3.00000000000002));
#2525=CARTESIAN_POINT('Origin',(0.,-12.62304473783,5.16568542494674));
#2526=CARTESIAN_POINT('',(-3.49253331742777,-12.62304473783,5.58284271247427));
#2527=CARTESIAN_POINT('',(-2.65219972362107E-16,-12.62304473783,0.834314575053309));
#2528=CARTESIAN_POINT('Origin',(0.,-12.62304473783,3.00000000000002));
#2529=CARTESIAN_POINT('Origin',(0.,-13.3230447378235,3.00000000000003));
#2530=CARTESIAN_POINT('',(-2.04603048426189E-16,-12.8280699909976,1.32928932187927));
#2531=CARTESIAN_POINT('Origin',(0.,-12.8280699909976,3.00000000000003));
#2532=CARTESIAN_POINT('Origin',(-2.65219972362114E-16,-13.3230447378235,
0.834314575053258));
#2533=CARTESIAN_POINT('Origin',(0.,-13.3098719394647,3.00000000000003));
#2534=CARTESIAN_POINT('',(-8.65956056235685E-17,-13.7916738879318,2.29289321881334));
#2535=CARTESIAN_POINT('',(-1.45599327024879E-16,-13.3098719394647,1.8110912703463));
#2536=CARTESIAN_POINT('Origin',(0.,-13.7916738879318,3.00000000000004));
#2537=CARTESIAN_POINT('Origin',(0.,-13.0845671067453,3.00000000000013));
#2538=CARTESIAN_POINT('Origin',(-3.49253331742777,100.,6.00000000000005));
#2539=CARTESIAN_POINT('',(-3.49253331742777,-2.49999999999976,6.00000000000005));
#2540=CARTESIAN_POINT('',(-3.49253331742777,100.,6.00000000000005));
#2541=CARTESIAN_POINT('',(-3.49253331742777,-2.49999999999976,5.58284271247412));
#2542=CARTESIAN_POINT('Origin',(-3.49253331742777,100.,6.00000000000005));
#2543=CARTESIAN_POINT('',(-3.49253331742777,-100.,6.00000000000005));
#2544=CARTESIAN_POINT('',(-3.49253331742776,-100.,5.00000000000004));
#2545=CARTESIAN_POINT('',(-3.49253331742777,100.,6.00000000000005));
#2546=CARTESIAN_POINT('Origin',(-3.49253331742776,100.,-2.18190676569062E-16));
#2547=CARTESIAN_POINT('',(1.09191070279863,-2.29999999999984,-3.23815048848984E-15));
#2548=CARTESIAN_POINT('',(-2.61939998807082,-2.29999999999984,0.));
#2549=CARTESIAN_POINT('',(1.09191070279863,2.29999999999984,2.72004641033141E-15));
#2550=CARTESIAN_POINT('',(1.09191070279863,51.2499999999999,1.38777878078145E-16));
#2551=CARTESIAN_POINT('',(-2.61939998807082,2.29999999999983,0.));
#2552=CARTESIAN_POINT('',(1.09191070279863,7.82304473783036,3.4231876592611E-15));
#2553=CARTESIAN_POINT('',(-2.61939998807082,7.82304473783038,0.));
#2554=CARTESIAN_POINT('',(1.09191070279863,12.42304473783,9.38138455808235E-15));
#2555=CARTESIAN_POINT('',(1.09191070279862,56.311522368915,-1.38777878078145E-16));
#2556=CARTESIAN_POINT('',(-2.61939998807082,12.42304473783,-4.44089209850063E-15));
#2557=CARTESIAN_POINT('',(-1.09191070279863,100.,-1.23680358883731E-11));
#2558=CARTESIAN_POINT('',(-3.54253331742777,100.,-1.06685493772574E-15));
#2559=CARTESIAN_POINT('',(-1.09191070279863,13.1230447378302,6.66133814775094E-15));
#2560=CARTESIAN_POINT('',(-1.09191070279862,56.4615223689151,-1.38777878078145E-16));
#2561=CARTESIAN_POINT('',(-0.811566664678474,13.1230447378302,0.));
#2562=CARTESIAN_POINT('',(-1.09191070279863,7.1230447378302,2.51650552248369E-15));
#2563=CARTESIAN_POINT('',(-0.811566664678474,7.12304473783019,0.));
#2564=CARTESIAN_POINT('',(-1.09191070279863,3.,0.));
#2565=CARTESIAN_POINT('',(-1.09191070279863,51.4,-2.77555756156289E-16));
#2566=CARTESIAN_POINT('',(-0.811566664678474,3.,0.));
#2567=CARTESIAN_POINT('',(-1.09191070279863,-3.,-4.14483262526725E-15));
#2568=CARTESIAN_POINT('',(-0.811566664678474,-2.99999999999999,0.));
#2569=CARTESIAN_POINT('',(-1.09191070279863,-7.1230447378302,2.51650552248369E-15));
#2570=CARTESIAN_POINT('',(-1.09191070279871,46.3384776310849,-1.38777878078145E-16));
#2571=CARTESIAN_POINT('',(-0.811566664678474,-7.12304473783019,0.));
#2572=CARTESIAN_POINT('',(-1.09191070279863,-13.1230447378302,6.66133814775094E-15));
#2573=CARTESIAN_POINT('',(-0.811566664678474,-13.1230447378302,0.));
#2574=CARTESIAN_POINT('',(-1.09191070279863,-100.,-1.23680358883731E-11));
#2575=CARTESIAN_POINT('',(-1.09191070279862,43.5384776310849,-1.38777878078145E-16));
#2576=CARTESIAN_POINT('',(-1.74626665870026,-100.,0.));
#2577=CARTESIAN_POINT('Origin',(1.86939998807082,-2.9,0.099999999999996));
#2578=CARTESIAN_POINT('',(-1.33026142131747,-2.8,0.199999999999996));
#2579=CARTESIAN_POINT('',(1.86939998807082,-2.8,0.199999999999996));
#2580=CARTESIAN_POINT('',(-0.54675320147669,-3.45744145829277,-0.457441458292774));
#2581=CARTESIAN_POINT('Origin',(0.24626665871387,-2.8,3.00000000000002));
#2582=CARTESIAN_POINT('',(0.,-2.80000000000001,6.00000000000005));
#2583=CARTESIAN_POINT('',(3.49253331742777,-2.80000000000001,6.00000000000005));
#2584=CARTESIAN_POINT('',(-1.92836282905964,-2.8,0.701866670643065));
#2585=CARTESIAN_POINT('Origin',(0.,-2.8,3.00000000000002));
#2586=CARTESIAN_POINT('',(-1.92836282905964,-2.8,0.701866670643065));
#2587=CARTESIAN_POINT('',(-2.65219972362114E-16,-2.80000000000002,0.834314575053242));
#2588=CARTESIAN_POINT('Origin',(0.,-2.8,3.00000000000002));
#2589=CARTESIAN_POINT('Origin',(0.,-3.1999999999933,3.00000000000002));
#2590=CARTESIAN_POINT('',(-2.30581730113345E-16,-2.91715728752334,1.11715728752255));
#2591=CARTESIAN_POINT('Origin',(-2.65219972362115E-16,-3.19999999999333,
0.834314575053245));
#2592=CARTESIAN_POINT('Origin',(0.,-2.91715728752331,3.00000000000002));
#2593=CARTESIAN_POINT('Origin',(0.,-3.39895923599023,3.00000000000003));
#2594=CARTESIAN_POINT('',(-1.12574287310635E-16,-3.88076118445755,2.08076118445735));
#2595=CARTESIAN_POINT('Origin',(0.,-3.88076118445754,3.00000000000003));
#2596=CARTESIAN_POINT('',(-1.71578008711967E-16,-3.39895923599025,1.59895923599014));
#2597=CARTESIAN_POINT('Origin',(0.,-2.9615223689151,3.00000000000012));
#2598=CARTESIAN_POINT('Origin',(1.86939998807082,-7.2230447378302,0.100000000000003));
#2599=CARTESIAN_POINT('',(-1.33026142131747,-7.3230447378302,0.200000000000003));
#2600=CARTESIAN_POINT('',(-0.54675320147669,-6.66560327953743,-0.457441458292768));
#2601=CARTESIAN_POINT('',(1.86939998807082,-7.3230447378302,0.200000000000003));
#2602=CARTESIAN_POINT('Origin',(0.24626665871387,-7.3230447378302,3.00000000000003));
#2603=CARTESIAN_POINT('',(-1.92836282905964,-7.3230447378302,0.701866670643072));
#2604=CARTESIAN_POINT('',(-1.92836282905964,-7.3230447378302,0.701866670643072));
#2605=CARTESIAN_POINT('',(0.,-7.32304473783019,6.00000000000005));
#2606=CARTESIAN_POINT('Origin',(0.,-7.3230447378302,3.00000000000003));
#2607=CARTESIAN_POINT('',(3.49253331742777,-7.32304473783019,6.00000000000005));
#2608=CARTESIAN_POINT('',(3.49253331742777,-7.32304473783019,6.00000000000005));
#2609=CARTESIAN_POINT('',(3.49253331742777,-7.32304473783019,1.50000000000008));
#2610=CARTESIAN_POINT('',(-2.65219972362114E-16,-7.32304473783018,0.834314575053249));
#2611=CARTESIAN_POINT('Origin',(0.,-7.3230447378302,3.00000000000003));
#2612=CARTESIAN_POINT('Origin',(0.,-6.9230447378369,3.00000000000003));
#2613=CARTESIAN_POINT('',(-2.30581730113345E-16,-7.20588745030686,1.11715728752256));
#2614=CARTESIAN_POINT('Origin',(-2.65219972362115E-16,-6.92304473783687,
0.834314575053251));
#2615=CARTESIAN_POINT('Origin',(0.,-7.20588745030689,3.00000000000002));
#2616=CARTESIAN_POINT('Origin',(0.,-6.72408550183997,3.00000000000003));
#2617=CARTESIAN_POINT('',(-1.12574287310635E-16,-6.24228355337265,2.08076118445735));
#2618=CARTESIAN_POINT('Origin',(0.,-6.24228355337267,3.00000000000004));
#2619=CARTESIAN_POINT('',(-1.71578008711967E-16,-6.72408550183995,1.59895923599015));
#2620=CARTESIAN_POINT('Origin',(0.,-7.1615223689151,3.00000000000012));
#2621=CARTESIAN_POINT('Origin',(0.,-7.32304473783019,6.00000000000005));
#2622=CARTESIAN_POINT('',(0.,-2.80000000000001,6.00000000000005));
#2623=CARTESIAN_POINT('',(3.49253331742777,100.,6.00000000000005));
#2624=CARTESIAN_POINT('Origin',(0.,-7.3230447378302,3.00000000000003));
#2625=CARTESIAN_POINT('',(-1.92836282905964,-2.8,0.701866670643065));
#2626=CARTESIAN_POINT('Origin',(-1.09191070279863,-7.3230447378302,2.77555756156289E-15));
#2627=CARTESIAN_POINT('Origin',(3.49253331742777,100.,0.));
#2628=CARTESIAN_POINT('',(3.49253331742777,-12.9230447378302,6.00000000000006));
#2629=CARTESIAN_POINT('',(3.49253331742777,100.,6.00000000000005));
#2630=CARTESIAN_POINT('',(3.49253331742777,-12.9230447378302,1.50000000000002));
#2631=CARTESIAN_POINT('Origin',(1.86939998807082,13.0230447378302,0.100000000000007));
#2632=CARTESIAN_POINT('',(-1.33026142131747,12.9230447378302,0.200000000000007));
#2633=CARTESIAN_POINT('',(-0.54675320147669,13.580486196123,-0.457441458292763));
#2634=CARTESIAN_POINT('',(1.86939998807082,12.9230447378302,0.200000000000007));
#2635=CARTESIAN_POINT('Origin',(-1.09191070279863,12.9230447378302,6.66133814775094E-15));
#2636=CARTESIAN_POINT('',(-1.92836282905964,100.,0.701866670630701));
#2637=CARTESIAN_POINT('',(-1.75633870417419,100.,0.557521290898104));
#2638=CARTESIAN_POINT('',(-1.92836282905964,12.9230447378302,0.701866670643076));
#2639=CARTESIAN_POINT('',(-1.92836282905964,15.1845671067445,0.701866670643076));
#2640=CARTESIAN_POINT('',(-1.92836282905964,12.9230447378302,0.701866670643076));
#2641=CARTESIAN_POINT('Origin',(0.24626665871387,12.9230447378302,3.00000000000003));
#2642=CARTESIAN_POINT('',(0.,12.9230447378302,6.00000000000006));
#2643=CARTESIAN_POINT('Origin',(0.,12.9230447378302,3.00000000000003));
#2644=CARTESIAN_POINT('',(3.49253331742777,12.9230447378302,6.00000000000006));
#2645=CARTESIAN_POINT('',(3.49253331742777,12.9230447378302,6.00000000000006));
#2646=CARTESIAN_POINT('',(3.49253331742777,12.9230447378302,1.50000000000002));
#2647=CARTESIAN_POINT('',(-2.65219972362114E-16,12.9230447378302,0.834314575053252));
#2648=CARTESIAN_POINT('Origin',(0.,12.9230447378302,3.00000000000003));
#2649=CARTESIAN_POINT('Origin',(0.,13.3230447378235,3.00000000000003));
#2650=CARTESIAN_POINT('',(-2.30581730113345E-16,13.0402020253535,1.11715728752256));
#2651=CARTESIAN_POINT('Origin',(-2.65219972362115E-16,13.3230447378235,
0.834314575053256));
#2652=CARTESIAN_POINT('Origin',(0.,13.0402020253535,3.00000000000003));
#2653=CARTESIAN_POINT('Origin',(0.,13.5220039738204,3.00000000000004));
#2654=CARTESIAN_POINT('',(-1.12574287310635E-16,14.0038059222877,2.08076118445736));
#2655=CARTESIAN_POINT('Origin',(0.,14.0038059222877,3.00000000000004));
#2656=CARTESIAN_POINT('',(-1.71578008711967E-16,13.5220039738205,1.59895923599015));
#2657=CARTESIAN_POINT('Origin',(0.,13.0845671067453,3.00000000000013));
#2658=CARTESIAN_POINT('Origin',(0.,12.9230447378302,6.00000000000006));
#2659=CARTESIAN_POINT('',(0.,100.,5.99999999998768));
#2660=CARTESIAN_POINT('',(0.,12.9230447378302,6.00000000000006));
#2661=CARTESIAN_POINT('',(3.49253331742777,100.,6.00000000000005));
#2662=CARTESIAN_POINT('',(1.36263222927369E-11,100.,6.00000000000006));
#2663=CARTESIAN_POINT('',(3.49253331742777,100.,6.00000000000005));
#2664=CARTESIAN_POINT('Origin',(0.,12.9230447378302,3.00000000000003));
#2665=CARTESIAN_POINT('Origin',(0.,100.,3.00000000000003));
#2666=CARTESIAN_POINT('Origin',(2.72526445854737E-11,100.,4.00000000000002));
#2667=CARTESIAN_POINT('',(-3.49253331742777,100.,6.00000000000005));
#2668=CARTESIAN_POINT('',(-3.49253331742776,100.,2.00000000000001));
#2669=CARTESIAN_POINT('',(-5.49253331737329,100.,8.00000000000005));
#2670=CARTESIAN_POINT('',(-2.11939998808779,100.,4.62686667062267));
#2671=CARTESIAN_POINT('',(5.4925333174278,100.,8.00000000000005));
#2672=CARTESIAN_POINT('',(-2.74626665867302,100.,8.00000000000005));
#2673=CARTESIAN_POINT('',(3.11939998807763,100.,5.62686667064992));
#2674=CARTESIAN_POINT('Origin',(1.86939998807082,-13.0230447378302,0.100000000000007));
#2675=CARTESIAN_POINT('',(-1.33026142131747,-12.9230447378302,0.200000000000007));
#2676=CARTESIAN_POINT('',(1.86939998807082,-12.9230447378302,0.200000000000007));
#2677=CARTESIAN_POINT('',(-0.54675320147669,-13.580486196123,-0.457441458292763));
#2678=CARTESIAN_POINT('Origin',(-1.09191070279863,-12.9230447378302,6.66133814775094E-15));
#2679=CARTESIAN_POINT('',(-1.92836282905964,-12.9230447378302,0.701866670643076));
#2680=CARTESIAN_POINT('',(-1.92836282905964,-12.9230447378302,0.701866670643076));
#2681=CARTESIAN_POINT('',(-1.92836282905964,-100.,0.701866670630701));
#2682=CARTESIAN_POINT('',(-1.92836282905964,-12.9230447378302,0.701866670643076));
#2683=CARTESIAN_POINT('',(-1.75633870417419,-100.,0.557521290898104));
#2684=CARTESIAN_POINT('Origin',(0.24626665871387,-12.9230447378302,3.00000000000003));
#2685=CARTESIAN_POINT('',(0.,-12.9230447378302,6.00000000000006));
#2686=CARTESIAN_POINT('',(3.49253331742777,-12.9230447378302,6.00000000000006));
#2687=CARTESIAN_POINT('Origin',(0.,-12.9230447378302,3.00000000000003));
#2688=CARTESIAN_POINT('',(-2.65219972362114E-16,-12.9230447378302,0.834314575053252));
#2689=CARTESIAN_POINT('Origin',(0.,-12.9230447378302,3.00000000000003));
#2690=CARTESIAN_POINT('Origin',(0.,-13.3230447378235,3.00000000000003));
#2691=CARTESIAN_POINT('',(-2.30581730113345E-16,-13.0402020253535,1.11715728752256));
#2692=CARTESIAN_POINT('Origin',(-2.65219972362115E-16,-13.3230447378235,
0.834314575053256));
#2693=CARTESIAN_POINT('Origin',(0.,-13.0402020253535,3.00000000000003));
#2694=CARTESIAN_POINT('Origin',(0.,-13.5220039738204,3.00000000000004));
#2695=CARTESIAN_POINT('',(-1.12574287310635E-16,-14.0038059222877,2.08076118445736));
#2696=CARTESIAN_POINT('Origin',(0.,-14.0038059222877,3.00000000000004));
#2697=CARTESIAN_POINT('',(-1.71578008711967E-16,-13.5220039738205,1.59895923599015));
#2698=CARTESIAN_POINT('Origin',(0.,-13.0845671067453,3.00000000000013));
#2699=CARTESIAN_POINT('Origin',(0.,-12.9230447378302,6.00000000000006));
#2700=CARTESIAN_POINT('',(3.49253331742777,-100.,6.00000000000005));
#2701=CARTESIAN_POINT('',(3.49253331742777,100.,6.00000000000005));
#2702=CARTESIAN_POINT('',(0.,-100.,5.99999999998768));
#2703=CARTESIAN_POINT('',(1.36263222927369E-11,-100.,6.00000000000006));
#2704=CARTESIAN_POINT('',(0.,-12.9230447378302,6.00000000000006));
#2705=CARTESIAN_POINT('Origin',(0.,-12.9230447378302,3.00000000000003));
#2706=CARTESIAN_POINT('Origin',(0.,-100.,3.00000000000003));
#2707=CARTESIAN_POINT('Origin',(2.72526445854737E-11,-100.,4.00000000000002));
#2708=CARTESIAN_POINT('',(5.4925333174278,-100.,8.00000000000005));
#2709=CARTESIAN_POINT('',(2.11939998807762,-100.,4.62686667064992));
#2710=CARTESIAN_POINT('',(-5.49253331737329,-100.,8.00000000000005));
#2711=CARTESIAN_POINT('',(2.74626665872752,-100.,8.00000000000005));
#2712=CARTESIAN_POINT('',(-3.11939998806055,-100.,5.62686667062267));
#2713=CARTESIAN_POINT('Origin',(1.86939998807082,7.2230447378302,0.100000000000003));
#2714=CARTESIAN_POINT('',(-1.33026142131747,7.3230447378302,0.200000000000003));
#2715=CARTESIAN_POINT('',(1.86939998807082,7.3230447378302,0.200000000000003));
#2716=CARTESIAN_POINT('',(-0.54675320147669,6.66560327953743,-0.457441458292768));
#2717=CARTESIAN_POINT('Origin',(0.24626665871387,7.3230447378302,3.00000000000003));
#2718=CARTESIAN_POINT('',(3.49253331742777,7.32304473783019,6.00000000000005));
#2719=CARTESIAN_POINT('',(3.49253331742777,7.32304473783019,1.49999999999995));
#2720=CARTESIAN_POINT('',(0.,7.32304473783019,6.00000000000005));
#2721=CARTESIAN_POINT('',(3.49253331742777,7.32304473783019,6.00000000000005));
#2722=CARTESIAN_POINT('',(-1.92836282905964,7.3230447378302,0.701866670643072));
#2723=CARTESIAN_POINT('Origin',(0.,7.3230447378302,3.00000000000003));
#2724=CARTESIAN_POINT('',(-1.92836282905964,7.3230447378302,0.701866670643072));
#2725=CARTESIAN_POINT('',(-2.65219972362114E-16,7.32304473783018,0.834314575053249));
#2726=CARTESIAN_POINT('Origin',(0.,7.3230447378302,3.00000000000003));
#2727=CARTESIAN_POINT('Origin',(0.,6.9230447378369,3.00000000000003));
#2728=CARTESIAN_POINT('',(-2.30581730113345E-16,7.20588745030686,1.11715728752256));
#2729=CARTESIAN_POINT('Origin',(-2.65219972362115E-16,6.92304473783687,
0.834314575053251));
#2730=CARTESIAN_POINT('Origin',(0.,7.20588745030689,3.00000000000002));
#2731=CARTESIAN_POINT('Origin',(0.,6.72408550183997,3.00000000000003));
#2732=CARTESIAN_POINT('',(-1.12574287310635E-16,6.24228355337265,2.08076118445735));
#2733=CARTESIAN_POINT('Origin',(0.,6.24228355337267,3.00000000000004));
#2734=CARTESIAN_POINT('',(-1.71578008711967E-16,6.72408550183995,1.59895923599015));
#2735=CARTESIAN_POINT('Origin',(0.,7.1615223689151,3.00000000000012));
#2736=CARTESIAN_POINT('Origin',(1.86939998807082,2.9,0.1));
#2737=CARTESIAN_POINT('',(-1.33026142131747,2.8,0.2));
#2738=CARTESIAN_POINT('',(-0.54675320147669,3.45744145829277,-0.457441458292769));
#2739=CARTESIAN_POINT('',(1.86939998807082,2.8,0.2));
#2740=CARTESIAN_POINT('Origin',(-1.09191070279863,2.8,0.));
#2741=CARTESIAN_POINT('',(-1.92836282905964,2.8,0.701866670643069));
#2742=CARTESIAN_POINT('',(-1.92836282905964,7.3230447378302,0.701866670643072));
#2743=CARTESIAN_POINT('',(-1.92836282905964,2.8,0.701866670643069));
#2744=CARTESIAN_POINT('Origin',(0.24626665871387,2.8,3.00000000000002));
#2745=CARTESIAN_POINT('',(0.,2.8,6.00000000000005));
#2746=CARTESIAN_POINT('Origin',(0.,2.8,3.00000000000002));
#2747=CARTESIAN_POINT('',(3.49253331742777,2.8,6.00000000000005));
#2748=CARTESIAN_POINT('',(-2.65219972362114E-16,2.80000000000002,0.834314575053246));
#2749=CARTESIAN_POINT('Origin',(0.,2.8,3.00000000000002));
#2750=CARTESIAN_POINT('Origin',(0.,3.19999999999329,3.00000000000003));
#2751=CARTESIAN_POINT('',(-2.30581730113345E-16,2.91715728752334,1.11715728752255));
#2752=CARTESIAN_POINT('Origin',(-2.65219972362115E-16,3.19999999999333,
0.834314575053249));
#2753=CARTESIAN_POINT('Origin',(0.,2.91715728752331,3.00000000000002));
#2754=CARTESIAN_POINT('Origin',(0.,3.39895923599023,3.00000000000003));
#2755=CARTESIAN_POINT('',(-1.12574287310635E-16,3.88076118445754,2.08076118445735));
#2756=CARTESIAN_POINT('Origin',(0.,3.88076118445753,3.00000000000004));
#2757=CARTESIAN_POINT('',(-1.71578008711967E-16,3.39895923599025,1.59895923599015));
#2758=CARTESIAN_POINT('Origin',(0.,2.9615223689151,3.00000000000012));
#2759=CARTESIAN_POINT('Origin',(0.,2.8,6.00000000000005));
#2760=CARTESIAN_POINT('',(0.,2.8,6.00000000000005));
#2761=CARTESIAN_POINT('',(3.49253331742777,100.,6.00000000000005));
#2762=CARTESIAN_POINT('Origin',(0.,2.8,3.00000000000002));
#2763=CARTESIAN_POINT('Origin',(3.49253331742777,100.,0.));
#2764=CARTESIAN_POINT('',(3.49253331742777,100.,6.00000000000005));
#2765=CARTESIAN_POINT('Origin',(-1.74626665871388,7.72304473783036,0.100000000000005));
#2766=CARTESIAN_POINT('',(1.33026142131747,7.62304473783036,0.200000000000003));
#2767=CARTESIAN_POINT('',(-0.298775568099057,8.98996907482393,-1.16692433699356));
#2768=CARTESIAN_POINT('',(-1.74626665871388,7.62304473783036,0.200000000000003));
#2769=CARTESIAN_POINT('Origin',(1.09191070279863,12.62304473783,6.76542155630955E-15));
#2770=CARTESIAN_POINT('',(1.92836282905964,7.62304473783037,0.701866670643072));
#2771=CARTESIAN_POINT('',(1.28066353552493,7.62304473783036,0.158382432324312));
#2772=CARTESIAN_POINT('',(1.92836282905964,12.62304473783,0.701866670643076));
#2773=CARTESIAN_POINT('',(1.92836282905963,11.3730447378301,0.701866670643073));
#2774=CARTESIAN_POINT('',(1.33026142131747,12.62304473783,0.200000000000007));
#2775=CARTESIAN_POINT('',(1.28066353552493,12.62304473783,0.158382432324316));
#2776=CARTESIAN_POINT('',(0.57231888060904,11.987055431468,-0.435989306362012));
#2777=CARTESIAN_POINT('Origin',(-1.74626665871388,12.52304473783,0.100000000000007));
#2778=CARTESIAN_POINT('',(-1.74626665871388,12.62304473783,0.200000000000007));
#2779=CARTESIAN_POINT('Origin',(0.,7.62304473783043,5.16568542494673));
#2780=CARTESIAN_POINT('',(-3.49253331742777,7.62304473783044,6.00000000000005));
#2781=CARTESIAN_POINT('',(-3.49253331742777,7.62304473783044,5.58284271247405));
#2782=CARTESIAN_POINT('',(0.,7.62304473783055,6.00000000000005));
#2783=CARTESIAN_POINT('',(-0.391042622092033,7.62304473783044,6.00000000000005));
#2784=CARTESIAN_POINT('Origin',(0.,7.62304473783051,3.00000000000002));
#2785=CARTESIAN_POINT('',(-2.65219972362107E-16,7.62304473783036,0.834314575053305));
#2786=CARTESIAN_POINT('Origin',(0.,7.62304473783039,3.00000000000002));
#2787=CARTESIAN_POINT('Origin',(0.,6.9230447378369,3.00000000000003));
#2788=CARTESIAN_POINT('',(-2.04603048426189E-16,7.41801948466281,1.32928932187927));
#2789=CARTESIAN_POINT('Origin',(0.,7.41801948466284,3.00000000000002));
#2790=CARTESIAN_POINT('Origin',(-2.65219972362114E-16,6.92304473783687,
0.834314575053253));
#2791=CARTESIAN_POINT('Origin',(0.,6.93621753619573,3.00000000000003));
#2792=CARTESIAN_POINT('',(-8.65956056235685E-17,6.4544155877286,2.29289321881333));
#2793=CARTESIAN_POINT('',(-1.45599327024879E-16,6.93621753619571,1.8110912703463));
#2794=CARTESIAN_POINT('Origin',(0.,6.45441558772862,3.00000000000004));
#2795=CARTESIAN_POINT('Origin',(0.,7.1615223689151,3.00000000000012));
#2796=CARTESIAN_POINT('Origin',(0.,12.62304473783,6.00000000000006));
#2797=CARTESIAN_POINT('',(0.,12.6230447378298,6.00000000000006));
#2798=CARTESIAN_POINT('',(0.,8.87304473783038,6.00000000000005));
#2799=CARTESIAN_POINT('',(-3.49253331742777,12.62304473783,6.00000000000006));
#2800=CARTESIAN_POINT('',(-3.49253331742777,100.,6.00000000000005));
#2801=CARTESIAN_POINT('',(-0.391042622092033,12.62304473783,6.00000000000006));
#2802=CARTESIAN_POINT('Origin',(0.,11.3730447378301,3.));
#2803=CARTESIAN_POINT('Origin',(0.,12.6230447378299,3.00000000000002));
#2804=CARTESIAN_POINT('Origin',(0.,12.62304473783,5.16568542494674));
#2805=CARTESIAN_POINT('',(-3.49253331742777,12.62304473783,5.58284271247271));
#2806=CARTESIAN_POINT('',(-2.65219972362107E-16,12.62304473783,0.834314575053309));
#2807=CARTESIAN_POINT('Origin',(0.,12.62304473783,3.00000000000002));
#2808=CARTESIAN_POINT('Origin',(0.,13.3230447378235,3.00000000000003));
#2809=CARTESIAN_POINT('',(-2.04603048426189E-16,12.8280699909976,1.32928932187927));
#2810=CARTESIAN_POINT('Origin',(0.,12.8280699909976,3.00000000000003));
#2811=CARTESIAN_POINT('Origin',(-2.65219972362114E-16,13.3230447378235,
0.834314575053258));
#2812=CARTESIAN_POINT('Origin',(0.,13.3098719394647,3.00000000000003));
#2813=CARTESIAN_POINT('',(-8.65956056235685E-17,13.7916738879318,2.29289321881334));
#2814=CARTESIAN_POINT('',(-1.45599327024879E-16,13.3098719394647,1.8110912703463));
#2815=CARTESIAN_POINT('Origin',(0.,13.7916738879318,3.00000000000004));
#2816=CARTESIAN_POINT('Origin',(0.,13.0845671067453,3.00000000000013));
#2817=CARTESIAN_POINT('Origin',(-3.49253331742777,100.,6.00000000000005));
#2818=CARTESIAN_POINT('',(-3.49253331742777,2.49999999999975,6.00000000000005));
#2819=CARTESIAN_POINT('',(-3.49253331742777,2.49999999999976,5.58284271247263));
#2820=CARTESIAN_POINT('',(-3.49253331742777,100.,6.00000000000005));
#2821=CARTESIAN_POINT('Origin',(-1.74626665871388,-2.39999999999984,0.0999999999999982));
#2822=CARTESIAN_POINT('',(1.33026142131747,-2.49999999999984,0.199999999999997));
#2823=CARTESIAN_POINT('',(-0.298775568099057,-1.13307566300627,-1.16692433699356));
#2824=CARTESIAN_POINT('',(-1.74626665871388,-2.49999999999984,0.199999999999996));
#2825=CARTESIAN_POINT('Origin',(1.09191070279863,2.49999999999984,1.04083408558608E-16));
#2826=CARTESIAN_POINT('',(1.92836282905964,-2.49999999999983,0.701866670643066));
#2827=CARTESIAN_POINT('',(1.28066353552493,-2.49999999999984,0.158382432324305));
#2828=CARTESIAN_POINT('',(1.92836282905964,2.49999999999983,0.701866670643069));
#2829=CARTESIAN_POINT('',(1.92836282905963,1.2499999999999,0.701866670643067));
#2830=CARTESIAN_POINT('',(1.33026142131747,2.49999999999984,0.2));
#2831=CARTESIAN_POINT('',(1.28066353552493,2.49999999999984,0.158382432324309));
#2832=CARTESIAN_POINT('',(0.57231888060904,1.86401069363783,-0.435989306362018));
#2833=CARTESIAN_POINT('Origin',(-1.74626665871388,2.39999999999984,0.1));
#2834=CARTESIAN_POINT('',(-1.74626665871388,2.49999999999984,0.2));
#2835=CARTESIAN_POINT('Origin',(0.,-2.49999999999977,5.16568542494673));
#2836=CARTESIAN_POINT('',(0.,-2.49999999999965,6.00000000000005));
#2837=CARTESIAN_POINT('',(-0.391042622092033,-2.49999999999976,6.00000000000005));
#2838=CARTESIAN_POINT('Origin',(0.,-2.49999999999969,3.00000000000001));
#2839=CARTESIAN_POINT('',(-2.65219972362107E-16,-2.49999999999984,0.834314575053299));
#2840=CARTESIAN_POINT('Origin',(0.,-2.49999999999981,3.00000000000001));
#2841=CARTESIAN_POINT('Origin',(0.,-3.1999999999933,3.00000000000002));
#2842=CARTESIAN_POINT('',(-2.04603048426189E-16,-2.70502525316739,1.32928932187926));
#2843=CARTESIAN_POINT('Origin',(0.,-2.70502525316737,3.00000000000002));
#2844=CARTESIAN_POINT('Origin',(-2.65219972362114E-16,-3.19999999999333,
0.834314575053247));
#2845=CARTESIAN_POINT('Origin',(0.,-3.18682720163448,3.00000000000002));
#2846=CARTESIAN_POINT('',(-8.65956056235685E-17,-3.6686291501016,2.29289321881333));
#2847=CARTESIAN_POINT('',(-1.45599327024879E-16,-3.18682720163449,1.81109127034629));
#2848=CARTESIAN_POINT('Origin',(0.,-3.66862915010159,3.00000000000003));
#2849=CARTESIAN_POINT('Origin',(0.,-2.9615223689151,3.00000000000012));
#2850=CARTESIAN_POINT('Origin',(0.,2.49999999999975,6.00000000000005));
#2851=CARTESIAN_POINT('',(0.,2.49999999999964,6.00000000000005));
#2852=CARTESIAN_POINT('',(0.,-1.24999999999983,6.00000000000005));
#2853=CARTESIAN_POINT('',(-3.49253331742777,100.,6.00000000000005));
#2854=CARTESIAN_POINT('',(-0.391042622092033,2.49999999999975,6.00000000000005));
#2855=CARTESIAN_POINT('Origin',(0.,1.24999999999987,3.));
#2856=CARTESIAN_POINT('Origin',(0.,2.49999999999969,3.00000000000002));
#2857=CARTESIAN_POINT('Origin',(0.,2.49999999999976,5.16568542494673));
#2858=CARTESIAN_POINT('',(-2.65219972362107E-16,2.49999999999984,0.834314575053302));
#2859=CARTESIAN_POINT('Origin',(0.,2.49999999999981,3.00000000000002));
#2860=CARTESIAN_POINT('Origin',(0.,3.19999999999329,3.00000000000003));
#2861=CARTESIAN_POINT('',(-2.04603048426189E-16,2.70502525316739,1.32928932187926));
#2862=CARTESIAN_POINT('Origin',(0.,2.70502525316736,3.00000000000002));
#2863=CARTESIAN_POINT('Origin',(-2.65219972362114E-16,3.19999999999333,
0.834314575053251));
#2864=CARTESIAN_POINT('Origin',(0.,3.18682720163447,3.00000000000003));
#2865=CARTESIAN_POINT('',(-8.65956056235685E-17,3.6686291501016,2.29289321881333));
#2866=CARTESIAN_POINT('',(-1.45599327024879E-16,3.18682720163449,1.8110912703463));
#2867=CARTESIAN_POINT('Origin',(0.,3.66862915010158,3.00000000000003));
#2868=CARTESIAN_POINT('Origin',(0.,2.9615223689151,3.00000000000012));
#2869=CARTESIAN_POINT('Origin',(-3.49253331742777,100.,6.00000000000005));
#2870=CARTESIAN_POINT('',(-3.49253331742777,100.,6.00000000000005));
#2871=CARTESIAN_POINT('Origin',(-5.49253331737329,100.,8.00000000000005));
#2872=CARTESIAN_POINT('',(-5.49253331737329,100.,8.00000000000005));
#2873=CARTESIAN_POINT('Origin',(5.4925333174278,100.,8.00000000000005));
#2874=CARTESIAN_POINT('',(5.4925333174278,100.,8.00000000000005));
#2875=CARTESIAN_POINT('Origin',(3.49253331742776,100.,6.00000000000005));
#2876=UNCERTAINTY_MEASURE_WITH_UNIT(LENGTH_MEASURE(0.01),#2880,
'DISTANCE_ACCURACY_VALUE',
'Maximum model space distance between geometric entities at asserted c
onnectivities');
#2877=UNCERTAINTY_MEASURE_WITH_UNIT(LENGTH_MEASURE(0.01),#2880,
'DISTANCE_ACCURACY_VALUE',
'Maximum model space distance between geometric entities at asserted c
onnectivities');
#2878=(
GEOMETRIC_REPRESENTATION_CONTEXT(3)
GLOBAL_UNCERTAINTY_ASSIGNED_CONTEXT((#2876))
GLOBAL_UNIT_ASSIGNED_CONTEXT((#2880,#2882,#2883))
REPRESENTATION_CONTEXT('','3D')
);
#2879=(
GEOMETRIC_REPRESENTATION_CONTEXT(3)
GLOBAL_UNCERTAINTY_ASSIGNED_CONTEXT((#2877))
GLOBAL_UNIT_ASSIGNED_CONTEXT((#2880,#2882,#2883))
REPRESENTATION_CONTEXT('','3D')
);
#2880=(
LENGTH_UNIT()
NAMED_UNIT(*)
SI_UNIT(.MILLI.,.METRE.)
);
#2881=(
LENGTH_UNIT()
NAMED_UNIT(*)
SI_UNIT($,.METRE.)
);
#2882=(
NAMED_UNIT(*)
PLANE_ANGLE_UNIT()
SI_UNIT($,.RADIAN.)
);
#2883=(
NAMED_UNIT(*)
SI_UNIT($,.STERADIAN.)
SOLID_ANGLE_UNIT()
);
#2884=SHAPE_DEFINITION_REPRESENTATION(#2885,#2886);
#2885=PRODUCT_DEFINITION_SHAPE('',$,#2888);
#2886=SHAPE_REPRESENTATION('',(#1720),#2878);
#2887=PRODUCT_DEFINITION_CONTEXT('part definition',#2892,'design');
#2888=PRODUCT_DEFINITION('Flexify (REV 2)','Flexify (REV 2) v3',#2889,#2887);
#2889=PRODUCT_DEFINITION_FORMATION('',$,#2894);
#2890=PRODUCT_RELATED_PRODUCT_CATEGORY('Flexify (REV 2) v3',
'Flexify (REV 2) v3',(#2894));
#2891=APPLICATION_PROTOCOL_DEFINITION('international standard',
'automotive_design',2009,#2892);
#2892=APPLICATION_CONTEXT(
'Core Data for Automotive Mechanical Design Process');
#2893=PRODUCT_CONTEXT('part definition',#2892,'mechanical');
#2894=PRODUCT('Flexify (REV 2)','Flexify (REV 2) v3',$,(#2893));
#2895=PRESENTATION_STYLE_ASSIGNMENT((#2896));
#2896=SURFACE_STYLE_USAGE(.BOTH.,#2897);
#2897=SURFACE_SIDE_STYLE('',(#2898));
#2898=SURFACE_STYLE_FILL_AREA(#2899);
#2899=FILL_AREA_STYLE('Steel - Satin',(#2900));
#2900=FILL_AREA_STYLE_COLOUR('Steel - Satin',#2901);
#2901=COLOUR_RGB('Steel - Satin',0.627450980392157,0.627450980392157,0.627450980392157);
ENDSEC;
END-ISO-10303-21;
