ISO-10303-21;
HEADER;
/* Generated by software containing ST-Developer
 * from STEP Tools, Inc. (www.steptools.com) 
 */

FILE_DESCRIPTION(
/* description */ (''),
/* implementation_level */ '2;1');

FILE_NAME(
/* name */ 'B_6mm_Double.step',
/* time_stamp */ '2026-01-07T14:03:05-05:00',
/* author */ (''),
/* organization */ (''),
/* preprocessor_version */ 'ST-DEVELOPER v20.1',
/* originating_system */ 'Autodesk Translation Framework v14.21.0.0',
/* authorisation */ '');

FILE_SCHEMA (('AUTOMOTIVE_DESIGN { 1 0 10303 214 3 1 1 }'));
ENDSEC;

DATA;
#10=MECHANICAL_DESIGN_GEOMETRIC_PRESENTATION_REPRESENTATION('',(#13),#2036);
#11=SHAPE_REPRESENTATION_RELATIONSHIP('SRR','None',#2043,#12);
#12=ADVANCED_BREP_SHAPE_REPRESENTATION('',(#14),#2035);
#13=STYLED_ITEM('',(#2052),#14);
#14=MANIFOLD_SOLID_BREP('B_Double',#1208);
#15=CYLINDRICAL_SURFACE('',#1251,3.00000000000003);
#16=CYLINDRICAL_SURFACE('',#1266,3.00000000000003);
#17=CYLINDRICAL_SURFACE('',#1282,3.);
#18=CYLINDRICAL_SURFACE('',#1306,3.00000000000003);
#19=CYLINDRICAL_SURFACE('',#1322,3.);
#20=SPHERICAL_SURFACE('',#1239,1.3000000000001);
#21=SPHERICAL_SURFACE('',#1249,1.3000000000001);
#22=SPHERICAL_SURFACE('',#1264,1.3000000000001);
#23=SPHERICAL_SURFACE('',#1280,1.0000000000001);
#24=SPHERICAL_SURFACE('',#1291,1.0000000000001);
#25=SPHERICAL_SURFACE('',#1304,1.3000000000001);
#26=SPHERICAL_SURFACE('',#1320,1.0000000000001);
#27=SPHERICAL_SURFACE('',#1331,1.0000000000001);
#28=CONICAL_SURFACE('',#1237,1.40104076400988,0.785398163397338);
#29=CONICAL_SURFACE('',#1247,1.40104076400988,0.785398163397338);
#30=CONICAL_SURFACE('',#1262,1.40104076400988,0.785398163397338);
#31=CONICAL_SURFACE('',#1278,1.18890872965373,0.78539816339736);
#32=CONICAL_SURFACE('',#1289,1.18890872965373,0.78539816339736);
#33=CONICAL_SURFACE('',#1302,1.40104076400988,0.785398163397338);
#34=CONICAL_SURFACE('',#1318,1.18890872965373,0.78539816339736);
#35=CONICAL_SURFACE('',#1329,1.18890872965373,0.78539816339736);
#36=TOROIDAL_SURFACE('',#1234,2.16568542494678,0.399999999992969);
#37=TOROIDAL_SURFACE('',#1244,2.16568542494678,0.399999999992969);
#38=TOROIDAL_SURFACE('',#1259,2.16568542494678,0.399999999992969);
#39=TOROIDAL_SURFACE('',#1275,2.16568542494678,0.699999999993485);
#40=TOROIDAL_SURFACE('',#1286,2.16568542494678,0.699999999993485);
#41=TOROIDAL_SURFACE('',#1299,2.16568542494678,0.399999999992969);
#42=TOROIDAL_SURFACE('',#1315,2.16568542494678,0.699999999993485);
#43=TOROIDAL_SURFACE('',#1326,2.16568542494678,0.699999999993485);
#44=FACE_BOUND('',#177,.T.);
#45=FACE_BOUND('',#183,.T.);
#46=FACE_BOUND('',#194,.T.);
#47=FACE_BOUND('',#205,.T.);
#48=FACE_BOUND('',#212,.T.);
#49=FACE_BOUND('',#221,.T.);
#50=FACE_BOUND('',#232,.T.);
#51=FACE_BOUND('',#239,.T.);
#52=CIRCLE('',#1232,3.00000000000003);
#53=CIRCLE('',#1233,2.16568542494678);
#54=CIRCLE('',#1235,0.399999999992969);
#55=CIRCLE('',#1236,1.88284271247747);
#56=CIRCLE('',#1238,0.919238815542686);
#57=CIRCLE('',#1242,3.00000000000003);
#58=CIRCLE('',#1243,2.16568542494678);
#59=CIRCLE('',#1245,0.399999999992969);
#60=CIRCLE('',#1246,1.88284271247747);
#61=CIRCLE('',#1248,0.919238815542686);
#62=CIRCLE('',#1257,3.00000000000003);
#63=CIRCLE('',#1258,2.16568542494678);
#64=CIRCLE('',#1260,0.399999999992969);
#65=CIRCLE('',#1261,1.88284271247747);
#66=CIRCLE('',#1263,0.919238815542686);
#67=CIRCLE('',#1267,3.00000000000003);
#68=CIRCLE('',#1273,3.00000000000003);
#69=CIRCLE('',#1274,2.16568542494671);
#70=CIRCLE('',#1276,1.67071067812076);
#71=CIRCLE('',#1277,0.699999999993485);
#72=CIRCLE('',#1279,0.707106781186704);
#73=CIRCLE('',#1283,3.00000000000003);
#74=CIRCLE('',#1285,2.16568542494671);
#75=CIRCLE('',#1287,1.67071067812076);
#76=CIRCLE('',#1288,0.699999999993485);
#77=CIRCLE('',#1290,0.707106781186704);
#78=CIRCLE('',#1297,3.00000000000003);
#79=CIRCLE('',#1298,2.16568542494678);
#80=CIRCLE('',#1300,0.399999999992969);
#81=CIRCLE('',#1301,1.88284271247747);
#82=CIRCLE('',#1303,0.919238815542686);
#83=CIRCLE('',#1307,3.00000000000003);
#84=CIRCLE('',#1313,3.00000000000003);
#85=CIRCLE('',#1314,2.16568542494671);
#86=CIRCLE('',#1316,1.67071067812076);
#87=CIRCLE('',#1317,0.699999999993485);
#88=CIRCLE('',#1319,0.707106781186704);
#89=CIRCLE('',#1323,3.00000000000003);
#90=CIRCLE('',#1325,2.16568542494671);
#91=CIRCLE('',#1327,1.67071067812076);
#92=CIRCLE('',#1328,0.699999999993485);
#93=CIRCLE('',#1330,0.707106781186704);
#94=FACE_OUTER_BOUND('',#167,.T.);
#95=FACE_OUTER_BOUND('',#168,.T.);
#96=FACE_OUTER_BOUND('',#169,.T.);
#97=FACE_OUTER_BOUND('',#170,.T.);
#98=FACE_OUTER_BOUND('',#171,.T.);
#99=FACE_OUTER_BOUND('',#172,.T.);
#100=FACE_OUTER_BOUND('',#173,.T.);
#101=FACE_OUTER_BOUND('',#174,.T.);
#102=FACE_OUTER_BOUND('',#175,.T.);
#103=FACE_OUTER_BOUND('',#176,.T.);
#104=FACE_OUTER_BOUND('',#178,.T.);
#105=FACE_OUTER_BOUND('',#179,.T.);
#106=FACE_OUTER_BOUND('',#180,.T.);
#107=FACE_OUTER_BOUND('',#181,.T.);
#108=FACE_OUTER_BOUND('',#182,.T.);
#109=FACE_OUTER_BOUND('',#184,.T.);
#110=FACE_OUTER_BOUND('',#185,.T.);
#111=FACE_OUTER_BOUND('',#186,.T.);
#112=FACE_OUTER_BOUND('',#187,.T.);
#113=FACE_OUTER_BOUND('',#188,.T.);
#114=FACE_OUTER_BOUND('',#189,.T.);
#115=FACE_OUTER_BOUND('',#190,.T.);
#116=FACE_OUTER_BOUND('',#191,.T.);
#117=FACE_OUTER_BOUND('',#192,.T.);
#118=FACE_OUTER_BOUND('',#193,.T.);
#119=FACE_OUTER_BOUND('',#195,.T.);
#120=FACE_OUTER_BOUND('',#196,.T.);
#121=FACE_OUTER_BOUND('',#197,.T.);
#122=FACE_OUTER_BOUND('',#198,.T.);
#123=FACE_OUTER_BOUND('',#199,.T.);
#124=FACE_OUTER_BOUND('',#200,.T.);
#125=FACE_OUTER_BOUND('',#201,.T.);
#126=FACE_OUTER_BOUND('',#202,.T.);
#127=FACE_OUTER_BOUND('',#203,.T.);
#128=FACE_OUTER_BOUND('',#204,.T.);
#129=FACE_OUTER_BOUND('',#206,.T.);
#130=FACE_OUTER_BOUND('',#207,.T.);
#131=FACE_OUTER_BOUND('',#208,.T.);
#132=FACE_OUTER_BOUND('',#209,.T.);
#133=FACE_OUTER_BOUND('',#210,.T.);
#134=FACE_OUTER_BOUND('',#211,.T.);
#135=FACE_OUTER_BOUND('',#213,.T.);
#136=FACE_OUTER_BOUND('',#214,.T.);
#137=FACE_OUTER_BOUND('',#215,.T.);
#138=FACE_OUTER_BOUND('',#216,.T.);
#139=FACE_OUTER_BOUND('',#217,.T.);
#140=FACE_OUTER_BOUND('',#218,.T.);
#141=FACE_OUTER_BOUND('',#219,.T.);
#142=FACE_OUTER_BOUND('',#220,.T.);
#143=FACE_OUTER_BOUND('',#222,.T.);
#144=FACE_OUTER_BOUND('',#223,.T.);
#145=FACE_OUTER_BOUND('',#224,.T.);
#146=FACE_OUTER_BOUND('',#225,.T.);
#147=FACE_OUTER_BOUND('',#226,.T.);
#148=FACE_OUTER_BOUND('',#227,.T.);
#149=FACE_OUTER_BOUND('',#228,.T.);
#150=FACE_OUTER_BOUND('',#229,.T.);
#151=FACE_OUTER_BOUND('',#230,.T.);
#152=FACE_OUTER_BOUND('',#231,.T.);
#153=FACE_OUTER_BOUND('',#233,.T.);
#154=FACE_OUTER_BOUND('',#234,.T.);
#155=FACE_OUTER_BOUND('',#235,.T.);
#156=FACE_OUTER_BOUND('',#236,.T.);
#157=FACE_OUTER_BOUND('',#237,.T.);
#158=FACE_OUTER_BOUND('',#238,.T.);
#159=FACE_OUTER_BOUND('',#240,.T.);
#160=FACE_OUTER_BOUND('',#241,.T.);
#161=FACE_OUTER_BOUND('',#242,.T.);
#162=FACE_OUTER_BOUND('',#243,.T.);
#163=FACE_OUTER_BOUND('',#244,.T.);
#164=FACE_OUTER_BOUND('',#245,.T.);
#165=FACE_OUTER_BOUND('',#246,.T.);
#166=FACE_OUTER_BOUND('',#247,.T.);
#167=EDGE_LOOP('',(#761,#762,#763,#764));
#168=EDGE_LOOP('',(#765,#766,#767,#768));
#169=EDGE_LOOP('',(#769,#770,#771,#772));
#170=EDGE_LOOP('',(#773,#774,#775,#776));
#171=EDGE_LOOP('',(#777,#778,#779,#780));
#172=EDGE_LOOP('',(#781,#782,#783,#784));
#173=EDGE_LOOP('',(#785,#786,#787,#788));
#174=EDGE_LOOP('',(#789,#790,#791,#792));
#175=EDGE_LOOP('',(#793,#794,#795,#796,#797));
#176=EDGE_LOOP('',(#798,#799,#800,#801,#802));
#177=EDGE_LOOP('',(#803));
#178=EDGE_LOOP('',(#804,#805,#806,#807));
#179=EDGE_LOOP('',(#808,#809,#810,#811));
#180=EDGE_LOOP('',(#812));
#181=EDGE_LOOP('',(#813,#814,#815,#816,#817));
#182=EDGE_LOOP('',(#818,#819,#820,#821,#822));
#183=EDGE_LOOP('',(#823));
#184=EDGE_LOOP('',(#824,#825,#826,#827));
#185=EDGE_LOOP('',(#828,#829,#830,#831));
#186=EDGE_LOOP('',(#832));
#187=EDGE_LOOP('',(#833,#834,#835,#836));
#188=EDGE_LOOP('',(#837,#838,#839,#840));
#189=EDGE_LOOP('',(#841,#842,#843,#844,#845,#846));
#190=EDGE_LOOP('',(#847,#848,#849,#850));
#191=EDGE_LOOP('',(#851,#852,#853,#854,#855));
#192=EDGE_LOOP('',(#856,#857,#858,#859,#860));
#193=EDGE_LOOP('',(#861,#862,#863,#864,#865));
#194=EDGE_LOOP('',(#866));
#195=EDGE_LOOP('',(#867,#868,#869,#870));
#196=EDGE_LOOP('',(#871,#872,#873,#874));
#197=EDGE_LOOP('',(#875));
#198=EDGE_LOOP('',(#876,#877,#878,#879));
#199=EDGE_LOOP('',(#880,#881,#882,#883));
#200=EDGE_LOOP('',(#884,#885,#886,#887));
#201=EDGE_LOOP('',(#888,#889,#890,#891));
#202=EDGE_LOOP('',(#892,#893,#894,#895,#896,#897));
#203=EDGE_LOOP('',(#898,#899,#900,#901));
#204=EDGE_LOOP('',(#902,#903,#904,#905,#906));
#205=EDGE_LOOP('',(#907));
#206=EDGE_LOOP('',(#908,#909,#910,#911));
#207=EDGE_LOOP('',(#912,#913,#914,#915));
#208=EDGE_LOOP('',(#916));
#209=EDGE_LOOP('',(#917,#918,#919,#920));
#210=EDGE_LOOP('',(#921,#922,#923,#924));
#211=EDGE_LOOP('',(#925,#926,#927,#928,#929));
#212=EDGE_LOOP('',(#930));
#213=EDGE_LOOP('',(#931,#932,#933,#934));
#214=EDGE_LOOP('',(#935,#936,#937,#938));
#215=EDGE_LOOP('',(#939));
#216=EDGE_LOOP('',(#940,#941,#942,#943));
#217=EDGE_LOOP('',(#944,#945,#946,#947,#948,#949,#950,#951,#952,#953,#954,
#955,#956,#957,#958,#959,#960,#961,#962,#963));
#218=EDGE_LOOP('',(#964,#965,#966,#967,#968));
#219=EDGE_LOOP('',(#969,#970,#971,#972,#973));
#220=EDGE_LOOP('',(#974,#975,#976,#977,#978));
#221=EDGE_LOOP('',(#979));
#222=EDGE_LOOP('',(#980,#981,#982,#983));
#223=EDGE_LOOP('',(#984,#985,#986,#987));
#224=EDGE_LOOP('',(#988));
#225=EDGE_LOOP('',(#989,#990,#991,#992));
#226=EDGE_LOOP('',(#993,#994,#995,#996));
#227=EDGE_LOOP('',(#997,#998,#999,#1000,#1001,#1002,#1003,#1004,#1005));
#228=EDGE_LOOP('',(#1006,#1007,#1008,#1009));
#229=EDGE_LOOP('',(#1010,#1011,#1012,#1013,#1014,#1015));
#230=EDGE_LOOP('',(#1016,#1017,#1018,#1019));
#231=EDGE_LOOP('',(#1020,#1021,#1022,#1023,#1024));
#232=EDGE_LOOP('',(#1025));
#233=EDGE_LOOP('',(#1026,#1027,#1028,#1029));
#234=EDGE_LOOP('',(#1030,#1031,#1032,#1033));
#235=EDGE_LOOP('',(#1034));
#236=EDGE_LOOP('',(#1035,#1036,#1037,#1038));
#237=EDGE_LOOP('',(#1039,#1040,#1041,#1042));
#238=EDGE_LOOP('',(#1043,#1044,#1045,#1046,#1047));
#239=EDGE_LOOP('',(#1048));
#240=EDGE_LOOP('',(#1049,#1050,#1051,#1052));
#241=EDGE_LOOP('',(#1053,#1054,#1055,#1056));
#242=EDGE_LOOP('',(#1057));
#243=EDGE_LOOP('',(#1058,#1059,#1060,#1061));
#244=EDGE_LOOP('',(#1062,#1063,#1064,#1065,#1066,#1067,#1068,#1069));
#245=EDGE_LOOP('',(#1070,#1071,#1072,#1073));
#246=EDGE_LOOP('',(#1074,#1075,#1076,#1077,#1078,#1079,#1080,#1081));
#247=EDGE_LOOP('',(#1082,#1083,#1084,#1085,#1086,#1087,#1088,#1089,#1090));
#248=LINE('',#1696,#371);
#249=LINE('',#1698,#372);
#250=LINE('',#1700,#373);
#251=LINE('',#1701,#374);
#252=LINE('',#1704,#375);
#253=LINE('',#1706,#376);
#254=LINE('',#1707,#377);
#255=LINE('',#1711,#378);
#256=LINE('',#1713,#379);
#257=LINE('',#1715,#380);
#258=LINE('',#1716,#381);
#259=LINE('',#1720,#382);
#260=LINE('',#1722,#383);
#261=LINE('',#1724,#384);
#262=LINE('',#1725,#385);
#263=LINE('',#1729,#386);
#264=LINE('',#1731,#387);
#265=LINE('',#1733,#388);
#266=LINE('',#1734,#389);
#267=LINE('',#1737,#390);
#268=LINE('',#1739,#391);
#269=LINE('',#1740,#392);
#270=LINE('',#1744,#393);
#271=LINE('',#1746,#394);
#272=LINE('',#1748,#395);
#273=LINE('',#1749,#396);
#274=LINE('',#1752,#397);
#275=LINE('',#1754,#398);
#276=LINE('',#1755,#399);
#277=LINE('',#1758,#400);
#278=LINE('',#1760,#401);
#279=LINE('',#1761,#402);
#280=LINE('',#1764,#403);
#281=LINE('',#1768,#404);
#282=LINE('',#1769,#405);
#283=LINE('',#1779,#406);
#284=LINE('',#1783,#407);
#285=LINE('',#1785,#408);
#286=LINE('',#1786,#409);
#287=LINE('',#1789,#410);
#288=LINE('',#1791,#411);
#289=LINE('',#1794,#412);
#290=LINE('',#1804,#413);
#291=LINE('',#1807,#414);
#292=LINE('',#1808,#415);
#293=LINE('',#1810,#416);
#294=LINE('',#1812,#417);
#295=LINE('',#1815,#418);
#296=LINE('',#1816,#419);
#297=LINE('',#1819,#420);
#298=LINE('',#1821,#421);
#299=LINE('',#1822,#422);
#300=LINE('',#1825,#423);
#301=LINE('',#1827,#424);
#302=LINE('',#1829,#425);
#303=LINE('',#1830,#426);
#304=LINE('',#1833,#427);
#305=LINE('',#1835,#428);
#306=LINE('',#1846,#429);
#307=LINE('',#1850,#430);
#308=LINE('',#1852,#431);
#309=LINE('',#1853,#432);
#310=LINE('',#1857,#433);
#311=LINE('',#1861,#434);
#312=LINE('',#1862,#435);
#313=LINE('',#1863,#436);
#314=LINE('',#1866,#437);
#315=LINE('',#1868,#438);
#316=LINE('',#1870,#439);
#317=LINE('',#1872,#440);
#318=LINE('',#1873,#441);
#319=LINE('',#1875,#442);
#320=LINE('',#1876,#443);
#321=LINE('',#1880,#444);
#322=LINE('',#1889,#445);
#323=LINE('',#1894,#446);
#324=LINE('',#1896,#447);
#325=LINE('',#1897,#448);
#326=LINE('',#1901,#449);
#327=LINE('',#1910,#450);
#328=LINE('',#1915,#451);
#329=LINE('',#1916,#452);
#330=LINE('',#1918,#453);
#331=LINE('',#1920,#454);
#332=LINE('',#1922,#455);
#333=LINE('',#1923,#456);
#334=LINE('',#1925,#457);
#335=LINE('',#1927,#458);
#336=LINE('',#1928,#459);
#337=LINE('',#1931,#460);
#338=LINE('',#1932,#461);
#339=LINE('',#1935,#462);
#340=LINE('',#1937,#463);
#341=LINE('',#1938,#464);
#342=LINE('',#1942,#465);
#343=LINE('',#1952,#466);
#344=LINE('',#1956,#467);
#345=LINE('',#1958,#468);
#346=LINE('',#1959,#469);
#347=LINE('',#1964,#470);
#348=LINE('',#1966,#471);
#349=LINE('',#1968,#472);
#350=LINE('',#1969,#473);
#351=LINE('',#1972,#474);
#352=LINE('',#1973,#475);
#353=LINE('',#1976,#476);
#354=LINE('',#1978,#477);
#355=LINE('',#1980,#478);
#356=LINE('',#1981,#479);
#357=LINE('',#1983,#480);
#358=LINE('',#1986,#481);
#359=LINE('',#1996,#482);
#360=LINE('',#2001,#483);
#361=LINE('',#2003,#484);
#362=LINE('',#2004,#485);
#363=LINE('',#2008,#486);
#364=LINE('',#2017,#487);
#365=LINE('',#2021,#488);
#366=LINE('',#2024,#489);
#367=LINE('',#2025,#490);
#368=LINE('',#2028,#491);
#369=LINE('',#2029,#492);
#370=LINE('',#2031,#493);
#371=VECTOR('',#1341,10.);
#372=VECTOR('',#1342,10.);
#373=VECTOR('',#1343,10.);
#374=VECTOR('',#1344,10.);
#375=VECTOR('',#1347,10.);
#376=VECTOR('',#1348,10.);
#377=VECTOR('',#1349,10.);
#378=VECTOR('',#1352,10.);
#379=VECTOR('',#1353,10.);
#380=VECTOR('',#1354,10.);
#381=VECTOR('',#1355,10.);
#382=VECTOR('',#1358,10.);
#383=VECTOR('',#1359,10.);
#384=VECTOR('',#1360,10.);
#385=VECTOR('',#1361,10.);
#386=VECTOR('',#1364,10.);
#387=VECTOR('',#1365,10.);
#388=VECTOR('',#1366,10.);
#389=VECTOR('',#1367,10.);
#390=VECTOR('',#1370,10.);
#391=VECTOR('',#1371,10.);
#392=VECTOR('',#1372,10.);
#393=VECTOR('',#1375,10.);
#394=VECTOR('',#1376,10.);
#395=VECTOR('',#1377,10.);
#396=VECTOR('',#1378,10.);
#397=VECTOR('',#1381,10.);
#398=VECTOR('',#1382,10.);
#399=VECTOR('',#1383,10.);
#400=VECTOR('',#1386,10.);
#401=VECTOR('',#1387,10.);
#402=VECTOR('',#1388,10.);
#403=VECTOR('',#1391,10.);
#404=VECTOR('',#1394,10.);
#405=VECTOR('',#1395,10.);
#406=VECTOR('',#1408,1.40104076400988);
#407=VECTOR('',#1413,10.);
#408=VECTOR('',#1414,10.);
#409=VECTOR('',#1415,10.);
#410=VECTOR('',#1418,10.);
#411=VECTOR('',#1419,10.);
#412=VECTOR('',#1422,10.);
#413=VECTOR('',#1435,1.40104076400988);
#414=VECTOR('',#1440,10.);
#415=VECTOR('',#1441,10.);
#416=VECTOR('',#1444,10.);
#417=VECTOR('',#1447,10.);
#418=VECTOR('',#1450,10.);
#419=VECTOR('',#1451,10.);
#420=VECTOR('',#1454,10.);
#421=VECTOR('',#1455,10.);
#422=VECTOR('',#1456,10.);
#423=VECTOR('',#1459,10.);
#424=VECTOR('',#1460,10.);
#425=VECTOR('',#1461,10.);
#426=VECTOR('',#1462,10.);
#427=VECTOR('',#1465,10.);
#428=VECTOR('',#1466,10.);
#429=VECTOR('',#1481,1.40104076400989);
#430=VECTOR('',#1486,10.);
#431=VECTOR('',#1487,10.);
#432=VECTOR('',#1488,10.);
#433=VECTOR('',#1495,10.);
#434=VECTOR('',#1498,10.);
#435=VECTOR('',#1499,10.);
#436=VECTOR('',#1500,10.);
#437=VECTOR('',#1503,10.);
#438=VECTOR('',#1504,10.);
#439=VECTOR('',#1505,10.);
#440=VECTOR('',#1506,10.);
#441=VECTOR('',#1507,10.);
#442=VECTOR('',#1510,10.);
#443=VECTOR('',#1511,10.);
#444=VECTOR('',#1516,10.);
#445=VECTOR('',#1527,1.18890872965373);
#446=VECTOR('',#1534,10.);
#447=VECTOR('',#1535,10.);
#448=VECTOR('',#1536,10.);
#449=VECTOR('',#1543,10.);
#450=VECTOR('',#1554,1.18890872965373);
#451=VECTOR('',#1561,10.);
#452=VECTOR('',#1562,10.);
#453=VECTOR('',#1565,10.);
#454=VECTOR('',#1566,10.);
#455=VECTOR('',#1567,10.);
#456=VECTOR('',#1568,10.);
#457=VECTOR('',#1569,10.);
#458=VECTOR('',#1570,10.);
#459=VECTOR('',#1571,10.);
#460=VECTOR('',#1574,10.);
#461=VECTOR('',#1575,10.);
#462=VECTOR('',#1578,10.);
#463=VECTOR('',#1579,10.);
#464=VECTOR('',#1580,10.);
#465=VECTOR('',#1585,10.);
#466=VECTOR('',#1598,1.40104076400989);
#467=VECTOR('',#1603,10.);
#468=VECTOR('',#1604,10.);
#469=VECTOR('',#1605,10.);
#470=VECTOR('',#1612,10.);
#471=VECTOR('',#1613,10.);
#472=VECTOR('',#1614,10.);
#473=VECTOR('',#1615,10.);
#474=VECTOR('',#1618,10.);
#475=VECTOR('',#1619,10.);
#476=VECTOR('',#1622,10.);
#477=VECTOR('',#1623,10.);
#478=VECTOR('',#1624,10.);
#479=VECTOR('',#1625,10.);
#480=VECTOR('',#1628,10.);
#481=VECTOR('',#1631,10.);
#482=VECTOR('',#1644,1.18890872965373);
#483=VECTOR('',#1651,10.);
#484=VECTOR('',#1652,10.);
#485=VECTOR('',#1653,10.);
#486=VECTOR('',#1660,10.);
#487=VECTOR('',#1671,1.18890872965373);
#488=VECTOR('',#1678,10.);
#489=VECTOR('',#1681,10.);
#490=VECTOR('',#1682,10.);
#491=VECTOR('',#1685,10.);
#492=VECTOR('',#1686,10.);
#493=VECTOR('',#1689,10.);
#494=VERTEX_POINT('',#1694);
#495=VERTEX_POINT('',#1695);
#496=VERTEX_POINT('',#1697);
#497=VERTEX_POINT('',#1699);
#498=VERTEX_POINT('',#1703);
#499=VERTEX_POINT('',#1705);
#500=VERTEX_POINT('',#1709);
#501=VERTEX_POINT('',#1710);
#502=VERTEX_POINT('',#1712);
#503=VERTEX_POINT('',#1714);
#504=VERTEX_POINT('',#1718);
#505=VERTEX_POINT('',#1719);
#506=VERTEX_POINT('',#1721);
#507=VERTEX_POINT('',#1723);
#508=VERTEX_POINT('',#1727);
#509=VERTEX_POINT('',#1728);
#510=VERTEX_POINT('',#1730);
#511=VERTEX_POINT('',#1732);
#512=VERTEX_POINT('',#1736);
#513=VERTEX_POINT('',#1738);
#514=VERTEX_POINT('',#1742);
#515=VERTEX_POINT('',#1743);
#516=VERTEX_POINT('',#1745);
#517=VERTEX_POINT('',#1747);
#518=VERTEX_POINT('',#1751);
#519=VERTEX_POINT('',#1753);
#520=VERTEX_POINT('',#1757);
#521=VERTEX_POINT('',#1759);
#522=VERTEX_POINT('',#1763);
#523=VERTEX_POINT('',#1765);
#524=VERTEX_POINT('',#1767);
#525=VERTEX_POINT('',#1770);
#526=VERTEX_POINT('',#1773);
#527=VERTEX_POINT('',#1777);
#528=VERTEX_POINT('',#1782);
#529=VERTEX_POINT('',#1784);
#530=VERTEX_POINT('',#1788);
#531=VERTEX_POINT('',#1790);
#532=VERTEX_POINT('',#1792);
#533=VERTEX_POINT('',#1795);
#534=VERTEX_POINT('',#1798);
#535=VERTEX_POINT('',#1802);
#536=VERTEX_POINT('',#1814);
#537=VERTEX_POINT('',#1818);
#538=VERTEX_POINT('',#1820);
#539=VERTEX_POINT('',#1824);
#540=VERTEX_POINT('',#1826);
#541=VERTEX_POINT('',#1828);
#542=VERTEX_POINT('',#1832);
#543=VERTEX_POINT('',#1834);
#544=VERTEX_POINT('',#1837);
#545=VERTEX_POINT('',#1840);
#546=VERTEX_POINT('',#1844);
#547=VERTEX_POINT('',#1849);
#548=VERTEX_POINT('',#1851);
#549=VERTEX_POINT('',#1859);
#550=VERTEX_POINT('',#1860);
#551=VERTEX_POINT('',#1865);
#552=VERTEX_POINT('',#1867);
#553=VERTEX_POINT('',#1869);
#554=VERTEX_POINT('',#1871);
#555=VERTEX_POINT('',#1878);
#556=VERTEX_POINT('',#1881);
#557=VERTEX_POINT('',#1884);
#558=VERTEX_POINT('',#1888);
#559=VERTEX_POINT('',#1893);
#560=VERTEX_POINT('',#1895);
#561=VERTEX_POINT('',#1902);
#562=VERTEX_POINT('',#1905);
#563=VERTEX_POINT('',#1909);
#564=VERTEX_POINT('',#1914);
#565=VERTEX_POINT('',#1919);
#566=VERTEX_POINT('',#1921);
#567=VERTEX_POINT('',#1924);
#568=VERTEX_POINT('',#1926);
#569=VERTEX_POINT('',#1930);
#570=VERTEX_POINT('',#1934);
#571=VERTEX_POINT('',#1936);
#572=VERTEX_POINT('',#1940);
#573=VERTEX_POINT('',#1943);
#574=VERTEX_POINT('',#1946);
#575=VERTEX_POINT('',#1950);
#576=VERTEX_POINT('',#1955);
#577=VERTEX_POINT('',#1957);
#578=VERTEX_POINT('',#1963);
#579=VERTEX_POINT('',#1965);
#580=VERTEX_POINT('',#1967);
#581=VERTEX_POINT('',#1971);
#582=VERTEX_POINT('',#1975);
#583=VERTEX_POINT('',#1977);
#584=VERTEX_POINT('',#1979);
#585=VERTEX_POINT('',#1985);
#586=VERTEX_POINT('',#1988);
#587=VERTEX_POINT('',#1991);
#588=VERTEX_POINT('',#1995);
#589=VERTEX_POINT('',#2000);
#590=VERTEX_POINT('',#2002);
#591=VERTEX_POINT('',#2009);
#592=VERTEX_POINT('',#2012);
#593=VERTEX_POINT('',#2016);
#594=VERTEX_POINT('',#2023);
#595=VERTEX_POINT('',#2027);
#596=EDGE_CURVE('',#494,#495,#248,.T.);
#597=EDGE_CURVE('',#496,#494,#249,.T.);
#598=EDGE_CURVE('',#497,#496,#250,.T.);
#599=EDGE_CURVE('',#497,#495,#251,.T.);
#600=EDGE_CURVE('',#495,#498,#252,.T.);
#601=EDGE_CURVE('',#499,#497,#253,.T.);
#602=EDGE_CURVE('',#498,#499,#254,.T.);
#603=EDGE_CURVE('',#500,#501,#255,.T.);
#604=EDGE_CURVE('',#502,#500,#256,.T.);
#605=EDGE_CURVE('',#503,#502,#257,.T.);
#606=EDGE_CURVE('',#503,#501,#258,.T.);
#607=EDGE_CURVE('',#504,#505,#259,.T.);
#608=EDGE_CURVE('',#505,#506,#260,.T.);
#609=EDGE_CURVE('',#507,#506,#261,.T.);
#610=EDGE_CURVE('',#507,#504,#262,.T.);
#611=EDGE_CURVE('',#508,#509,#263,.T.);
#612=EDGE_CURVE('',#510,#509,#264,.T.);
#613=EDGE_CURVE('',#510,#511,#265,.T.);
#614=EDGE_CURVE('',#508,#511,#266,.T.);
#615=EDGE_CURVE('',#509,#512,#267,.T.);
#616=EDGE_CURVE('',#513,#512,#268,.T.);
#617=EDGE_CURVE('',#513,#510,#269,.T.);
#618=EDGE_CURVE('',#514,#515,#270,.T.);
#619=EDGE_CURVE('',#516,#515,#271,.T.);
#620=EDGE_CURVE('',#516,#517,#272,.T.);
#621=EDGE_CURVE('',#514,#517,#273,.T.);
#622=EDGE_CURVE('',#504,#518,#274,.T.);
#623=EDGE_CURVE('',#519,#518,#275,.T.);
#624=EDGE_CURVE('',#505,#519,#276,.T.);
#625=EDGE_CURVE('',#520,#496,#277,.T.);
#626=EDGE_CURVE('',#520,#521,#278,.T.);
#627=EDGE_CURVE('',#521,#499,#279,.T.);
#628=EDGE_CURVE('',#522,#521,#280,.T.);
#629=EDGE_CURVE('',#522,#523,#52,.T.);
#630=EDGE_CURVE('',#524,#523,#281,.T.);
#631=EDGE_CURVE('',#499,#524,#282,.T.);
#632=EDGE_CURVE('',#525,#525,#53,.T.);
#633=EDGE_CURVE('',#525,#526,#54,.T.);
#634=EDGE_CURVE('',#526,#526,#55,.T.);
#635=EDGE_CURVE('',#527,#527,#56,.T.);
#636=EDGE_CURVE('',#527,#526,#283,.T.);
#637=EDGE_CURVE('',#528,#513,#284,.T.);
#638=EDGE_CURVE('',#529,#528,#285,.T.);
#639=EDGE_CURVE('',#511,#529,#286,.T.);
#640=EDGE_CURVE('',#530,#513,#287,.T.);
#641=EDGE_CURVE('',#530,#531,#288,.T.);
#642=EDGE_CURVE('',#532,#531,#57,.T.);
#643=EDGE_CURVE('',#532,#528,#289,.T.);
#644=EDGE_CURVE('',#533,#533,#58,.T.);
#645=EDGE_CURVE('',#533,#534,#59,.T.);
#646=EDGE_CURVE('',#534,#534,#60,.T.);
#647=EDGE_CURVE('',#535,#535,#61,.T.);
#648=EDGE_CURVE('',#535,#534,#290,.T.);
#649=EDGE_CURVE('',#530,#524,#291,.T.);
#650=EDGE_CURVE('',#523,#531,#292,.T.);
#651=EDGE_CURVE('',#522,#532,#293,.T.);
#652=EDGE_CURVE('',#529,#520,#294,.T.);
#653=EDGE_CURVE('',#512,#536,#295,.T.);
#654=EDGE_CURVE('',#536,#530,#296,.T.);
#655=EDGE_CURVE('',#498,#537,#297,.T.);
#656=EDGE_CURVE('',#537,#538,#298,.T.);
#657=EDGE_CURVE('',#494,#538,#299,.T.);
#658=EDGE_CURVE('',#539,#537,#300,.T.);
#659=EDGE_CURVE('',#539,#540,#301,.T.);
#660=EDGE_CURVE('',#541,#540,#302,.T.);
#661=EDGE_CURVE('',#538,#541,#303,.T.);
#662=EDGE_CURVE('',#542,#498,#304,.T.);
#663=EDGE_CURVE('',#542,#543,#305,.T.);
#664=EDGE_CURVE('',#539,#543,#62,.T.);
#665=EDGE_CURVE('',#544,#544,#63,.T.);
#666=EDGE_CURVE('',#544,#545,#64,.T.);
#667=EDGE_CURVE('',#545,#545,#65,.T.);
#668=EDGE_CURVE('',#546,#546,#66,.T.);
#669=EDGE_CURVE('',#546,#545,#306,.T.);
#670=EDGE_CURVE('',#542,#547,#307,.T.);
#671=EDGE_CURVE('',#548,#547,#308,.T.);
#672=EDGE_CURVE('',#543,#548,#309,.T.);
#673=EDGE_CURVE('',#540,#548,#67,.T.);
#674=EDGE_CURVE('',#524,#542,#310,.T.);
#675=EDGE_CURVE('',#549,#550,#311,.T.);
#676=EDGE_CURVE('',#550,#505,#312,.T.);
#677=EDGE_CURVE('',#549,#519,#313,.T.);
#678=EDGE_CURVE('',#551,#549,#314,.T.);
#679=EDGE_CURVE('',#552,#551,#315,.T.);
#680=EDGE_CURVE('',#552,#553,#316,.T.);
#681=EDGE_CURVE('',#554,#553,#317,.T.);
#682=EDGE_CURVE('',#550,#554,#318,.T.);
#683=EDGE_CURVE('',#503,#551,#319,.T.);
#684=EDGE_CURVE('',#502,#552,#320,.T.);
#685=EDGE_CURVE('',#555,#554,#68,.T.);
#686=EDGE_CURVE('',#555,#506,#321,.T.);
#687=EDGE_CURVE('',#556,#556,#69,.T.);
#688=EDGE_CURVE('',#557,#557,#70,.T.);
#689=EDGE_CURVE('',#557,#556,#71,.T.);
#690=EDGE_CURVE('',#557,#558,#322,.T.);
#691=EDGE_CURVE('',#558,#558,#72,.T.);
#692=EDGE_CURVE('',#559,#555,#323,.T.);
#693=EDGE_CURVE('',#559,#560,#324,.T.);
#694=EDGE_CURVE('',#506,#560,#325,.T.);
#695=EDGE_CURVE('',#559,#553,#73,.T.);
#696=EDGE_CURVE('',#560,#502,#326,.T.);
#697=EDGE_CURVE('',#561,#561,#74,.T.);
#698=EDGE_CURVE('',#562,#562,#75,.T.);
#699=EDGE_CURVE('',#562,#561,#76,.T.);
#700=EDGE_CURVE('',#562,#563,#327,.T.);
#701=EDGE_CURVE('',#563,#563,#77,.T.);
#702=EDGE_CURVE('',#564,#500,#328,.T.);
#703=EDGE_CURVE('',#560,#564,#329,.T.);
#704=EDGE_CURVE('',#501,#541,#330,.T.);
#705=EDGE_CURVE('',#518,#565,#331,.T.);
#706=EDGE_CURVE('',#565,#566,#332,.T.);
#707=EDGE_CURVE('',#566,#516,#333,.T.);
#708=EDGE_CURVE('',#515,#567,#334,.T.);
#709=EDGE_CURVE('',#567,#568,#335,.T.);
#710=EDGE_CURVE('',#568,#508,#336,.T.);
#711=EDGE_CURVE('',#569,#568,#337,.T.);
#712=EDGE_CURVE('',#512,#569,#338,.T.);
#713=EDGE_CURVE('',#570,#567,#339,.T.);
#714=EDGE_CURVE('',#571,#570,#340,.T.);
#715=EDGE_CURVE('',#571,#569,#341,.T.);
#716=EDGE_CURVE('',#571,#572,#78,.T.);
#717=EDGE_CURVE('',#536,#572,#342,.T.);
#718=EDGE_CURVE('',#573,#573,#79,.T.);
#719=EDGE_CURVE('',#573,#574,#80,.T.);
#720=EDGE_CURVE('',#574,#574,#81,.T.);
#721=EDGE_CURVE('',#575,#575,#82,.T.);
#722=EDGE_CURVE('',#575,#574,#343,.T.);
#723=EDGE_CURVE('',#572,#576,#344,.T.);
#724=EDGE_CURVE('',#577,#576,#345,.T.);
#725=EDGE_CURVE('',#577,#536,#346,.T.);
#726=EDGE_CURVE('',#576,#570,#83,.T.);
#727=EDGE_CURVE('',#578,#514,#347,.T.);
#728=EDGE_CURVE('',#579,#578,#348,.T.);
#729=EDGE_CURVE('',#580,#579,#349,.T.);
#730=EDGE_CURVE('',#577,#580,#350,.T.);
#731=EDGE_CURVE('',#565,#581,#351,.T.);
#732=EDGE_CURVE('',#581,#504,#352,.T.);
#733=EDGE_CURVE('',#581,#582,#353,.T.);
#734=EDGE_CURVE('',#582,#583,#354,.T.);
#735=EDGE_CURVE('',#584,#583,#355,.T.);
#736=EDGE_CURVE('',#584,#566,#356,.T.);
#737=EDGE_CURVE('',#517,#584,#357,.T.);
#738=EDGE_CURVE('',#585,#507,#358,.T.);
#739=EDGE_CURVE('',#585,#582,#84,.T.);
#740=EDGE_CURVE('',#586,#586,#85,.T.);
#741=EDGE_CURVE('',#587,#587,#86,.T.);
#742=EDGE_CURVE('',#587,#586,#87,.T.);
#743=EDGE_CURVE('',#587,#588,#359,.T.);
#744=EDGE_CURVE('',#588,#588,#88,.T.);
#745=EDGE_CURVE('',#589,#585,#360,.T.);
#746=EDGE_CURVE('',#590,#507,#361,.T.);
#747=EDGE_CURVE('',#589,#590,#362,.T.);
#748=EDGE_CURVE('',#589,#583,#89,.T.);
#749=EDGE_CURVE('',#517,#590,#363,.T.);
#750=EDGE_CURVE('',#591,#591,#90,.T.);
#751=EDGE_CURVE('',#592,#592,#91,.T.);
#752=EDGE_CURVE('',#592,#591,#92,.T.);
#753=EDGE_CURVE('',#592,#593,#364,.T.);
#754=EDGE_CURVE('',#593,#593,#93,.T.);
#755=EDGE_CURVE('',#578,#590,#365,.T.);
#756=EDGE_CURVE('',#594,#564,#366,.T.);
#757=EDGE_CURVE('',#579,#594,#367,.T.);
#758=EDGE_CURVE('',#595,#594,#368,.T.);
#759=EDGE_CURVE('',#580,#595,#369,.T.);
#760=EDGE_CURVE('',#547,#595,#370,.T.);
#761=ORIENTED_EDGE('',*,*,#596,.F.);
#762=ORIENTED_EDGE('',*,*,#597,.F.);
#763=ORIENTED_EDGE('',*,*,#598,.F.);
#764=ORIENTED_EDGE('',*,*,#599,.T.);
#765=ORIENTED_EDGE('',*,*,#600,.F.);
#766=ORIENTED_EDGE('',*,*,#599,.F.);
#767=ORIENTED_EDGE('',*,*,#601,.F.);
#768=ORIENTED_EDGE('',*,*,#602,.F.);
#769=ORIENTED_EDGE('',*,*,#603,.F.);
#770=ORIENTED_EDGE('',*,*,#604,.F.);
#771=ORIENTED_EDGE('',*,*,#605,.F.);
#772=ORIENTED_EDGE('',*,*,#606,.T.);
#773=ORIENTED_EDGE('',*,*,#607,.T.);
#774=ORIENTED_EDGE('',*,*,#608,.T.);
#775=ORIENTED_EDGE('',*,*,#609,.F.);
#776=ORIENTED_EDGE('',*,*,#610,.T.);
#777=ORIENTED_EDGE('',*,*,#611,.T.);
#778=ORIENTED_EDGE('',*,*,#612,.F.);
#779=ORIENTED_EDGE('',*,*,#613,.T.);
#780=ORIENTED_EDGE('',*,*,#614,.F.);
#781=ORIENTED_EDGE('',*,*,#615,.T.);
#782=ORIENTED_EDGE('',*,*,#616,.F.);
#783=ORIENTED_EDGE('',*,*,#617,.T.);
#784=ORIENTED_EDGE('',*,*,#612,.T.);
#785=ORIENTED_EDGE('',*,*,#618,.T.);
#786=ORIENTED_EDGE('',*,*,#619,.F.);
#787=ORIENTED_EDGE('',*,*,#620,.T.);
#788=ORIENTED_EDGE('',*,*,#621,.F.);
#789=ORIENTED_EDGE('',*,*,#622,.T.);
#790=ORIENTED_EDGE('',*,*,#623,.F.);
#791=ORIENTED_EDGE('',*,*,#624,.F.);
#792=ORIENTED_EDGE('',*,*,#607,.F.);
#793=ORIENTED_EDGE('',*,*,#625,.F.);
#794=ORIENTED_EDGE('',*,*,#626,.T.);
#795=ORIENTED_EDGE('',*,*,#627,.T.);
#796=ORIENTED_EDGE('',*,*,#601,.T.);
#797=ORIENTED_EDGE('',*,*,#598,.T.);
#798=ORIENTED_EDGE('',*,*,#627,.F.);
#799=ORIENTED_EDGE('',*,*,#628,.F.);
#800=ORIENTED_EDGE('',*,*,#629,.T.);
#801=ORIENTED_EDGE('',*,*,#630,.F.);
#802=ORIENTED_EDGE('',*,*,#631,.F.);
#803=ORIENTED_EDGE('',*,*,#632,.T.);
#804=ORIENTED_EDGE('',*,*,#632,.F.);
#805=ORIENTED_EDGE('',*,*,#633,.T.);
#806=ORIENTED_EDGE('',*,*,#634,.F.);
#807=ORIENTED_EDGE('',*,*,#633,.F.);
#808=ORIENTED_EDGE('',*,*,#635,.F.);
#809=ORIENTED_EDGE('',*,*,#636,.T.);
#810=ORIENTED_EDGE('',*,*,#634,.T.);
#811=ORIENTED_EDGE('',*,*,#636,.F.);
#812=ORIENTED_EDGE('',*,*,#635,.T.);
#813=ORIENTED_EDGE('',*,*,#637,.F.);
#814=ORIENTED_EDGE('',*,*,#638,.F.);
#815=ORIENTED_EDGE('',*,*,#639,.F.);
#816=ORIENTED_EDGE('',*,*,#613,.F.);
#817=ORIENTED_EDGE('',*,*,#617,.F.);
#818=ORIENTED_EDGE('',*,*,#637,.T.);
#819=ORIENTED_EDGE('',*,*,#640,.F.);
#820=ORIENTED_EDGE('',*,*,#641,.T.);
#821=ORIENTED_EDGE('',*,*,#642,.F.);
#822=ORIENTED_EDGE('',*,*,#643,.T.);
#823=ORIENTED_EDGE('',*,*,#644,.F.);
#824=ORIENTED_EDGE('',*,*,#644,.T.);
#825=ORIENTED_EDGE('',*,*,#645,.T.);
#826=ORIENTED_EDGE('',*,*,#646,.T.);
#827=ORIENTED_EDGE('',*,*,#645,.F.);
#828=ORIENTED_EDGE('',*,*,#647,.T.);
#829=ORIENTED_EDGE('',*,*,#648,.T.);
#830=ORIENTED_EDGE('',*,*,#646,.F.);
#831=ORIENTED_EDGE('',*,*,#648,.F.);
#832=ORIENTED_EDGE('',*,*,#647,.F.);
#833=ORIENTED_EDGE('',*,*,#649,.T.);
#834=ORIENTED_EDGE('',*,*,#630,.T.);
#835=ORIENTED_EDGE('',*,*,#650,.T.);
#836=ORIENTED_EDGE('',*,*,#641,.F.);
#837=ORIENTED_EDGE('',*,*,#650,.F.);
#838=ORIENTED_EDGE('',*,*,#629,.F.);
#839=ORIENTED_EDGE('',*,*,#651,.T.);
#840=ORIENTED_EDGE('',*,*,#642,.T.);
#841=ORIENTED_EDGE('',*,*,#638,.T.);
#842=ORIENTED_EDGE('',*,*,#643,.F.);
#843=ORIENTED_EDGE('',*,*,#651,.F.);
#844=ORIENTED_EDGE('',*,*,#628,.T.);
#845=ORIENTED_EDGE('',*,*,#626,.F.);
#846=ORIENTED_EDGE('',*,*,#652,.F.);
#847=ORIENTED_EDGE('',*,*,#616,.T.);
#848=ORIENTED_EDGE('',*,*,#653,.T.);
#849=ORIENTED_EDGE('',*,*,#654,.T.);
#850=ORIENTED_EDGE('',*,*,#640,.T.);
#851=ORIENTED_EDGE('',*,*,#655,.T.);
#852=ORIENTED_EDGE('',*,*,#656,.T.);
#853=ORIENTED_EDGE('',*,*,#657,.F.);
#854=ORIENTED_EDGE('',*,*,#596,.T.);
#855=ORIENTED_EDGE('',*,*,#600,.T.);
#856=ORIENTED_EDGE('',*,*,#656,.F.);
#857=ORIENTED_EDGE('',*,*,#658,.F.);
#858=ORIENTED_EDGE('',*,*,#659,.T.);
#859=ORIENTED_EDGE('',*,*,#660,.F.);
#860=ORIENTED_EDGE('',*,*,#661,.F.);
#861=ORIENTED_EDGE('',*,*,#655,.F.);
#862=ORIENTED_EDGE('',*,*,#662,.F.);
#863=ORIENTED_EDGE('',*,*,#663,.T.);
#864=ORIENTED_EDGE('',*,*,#664,.F.);
#865=ORIENTED_EDGE('',*,*,#658,.T.);
#866=ORIENTED_EDGE('',*,*,#665,.F.);
#867=ORIENTED_EDGE('',*,*,#665,.T.);
#868=ORIENTED_EDGE('',*,*,#666,.T.);
#869=ORIENTED_EDGE('',*,*,#667,.T.);
#870=ORIENTED_EDGE('',*,*,#666,.F.);
#871=ORIENTED_EDGE('',*,*,#668,.T.);
#872=ORIENTED_EDGE('',*,*,#669,.T.);
#873=ORIENTED_EDGE('',*,*,#667,.F.);
#874=ORIENTED_EDGE('',*,*,#669,.F.);
#875=ORIENTED_EDGE('',*,*,#668,.F.);
#876=ORIENTED_EDGE('',*,*,#670,.T.);
#877=ORIENTED_EDGE('',*,*,#671,.F.);
#878=ORIENTED_EDGE('',*,*,#672,.F.);
#879=ORIENTED_EDGE('',*,*,#663,.F.);
#880=ORIENTED_EDGE('',*,*,#672,.T.);
#881=ORIENTED_EDGE('',*,*,#673,.F.);
#882=ORIENTED_EDGE('',*,*,#659,.F.);
#883=ORIENTED_EDGE('',*,*,#664,.T.);
#884=ORIENTED_EDGE('',*,*,#602,.T.);
#885=ORIENTED_EDGE('',*,*,#631,.T.);
#886=ORIENTED_EDGE('',*,*,#674,.T.);
#887=ORIENTED_EDGE('',*,*,#662,.T.);
#888=ORIENTED_EDGE('',*,*,#675,.T.);
#889=ORIENTED_EDGE('',*,*,#676,.T.);
#890=ORIENTED_EDGE('',*,*,#624,.T.);
#891=ORIENTED_EDGE('',*,*,#677,.F.);
#892=ORIENTED_EDGE('',*,*,#675,.F.);
#893=ORIENTED_EDGE('',*,*,#678,.F.);
#894=ORIENTED_EDGE('',*,*,#679,.F.);
#895=ORIENTED_EDGE('',*,*,#680,.T.);
#896=ORIENTED_EDGE('',*,*,#681,.F.);
#897=ORIENTED_EDGE('',*,*,#682,.F.);
#898=ORIENTED_EDGE('',*,*,#679,.T.);
#899=ORIENTED_EDGE('',*,*,#683,.F.);
#900=ORIENTED_EDGE('',*,*,#605,.T.);
#901=ORIENTED_EDGE('',*,*,#684,.T.);
#902=ORIENTED_EDGE('',*,*,#676,.F.);
#903=ORIENTED_EDGE('',*,*,#682,.T.);
#904=ORIENTED_EDGE('',*,*,#685,.F.);
#905=ORIENTED_EDGE('',*,*,#686,.T.);
#906=ORIENTED_EDGE('',*,*,#608,.F.);
#907=ORIENTED_EDGE('',*,*,#687,.T.);
#908=ORIENTED_EDGE('',*,*,#688,.T.);
#909=ORIENTED_EDGE('',*,*,#689,.T.);
#910=ORIENTED_EDGE('',*,*,#687,.F.);
#911=ORIENTED_EDGE('',*,*,#689,.F.);
#912=ORIENTED_EDGE('',*,*,#688,.F.);
#913=ORIENTED_EDGE('',*,*,#690,.T.);
#914=ORIENTED_EDGE('',*,*,#691,.T.);
#915=ORIENTED_EDGE('',*,*,#690,.F.);
#916=ORIENTED_EDGE('',*,*,#691,.F.);
#917=ORIENTED_EDGE('',*,*,#692,.F.);
#918=ORIENTED_EDGE('',*,*,#693,.T.);
#919=ORIENTED_EDGE('',*,*,#694,.F.);
#920=ORIENTED_EDGE('',*,*,#686,.F.);
#921=ORIENTED_EDGE('',*,*,#681,.T.);
#922=ORIENTED_EDGE('',*,*,#695,.F.);
#923=ORIENTED_EDGE('',*,*,#692,.T.);
#924=ORIENTED_EDGE('',*,*,#685,.T.);
#925=ORIENTED_EDGE('',*,*,#684,.F.);
#926=ORIENTED_EDGE('',*,*,#696,.F.);
#927=ORIENTED_EDGE('',*,*,#693,.F.);
#928=ORIENTED_EDGE('',*,*,#695,.T.);
#929=ORIENTED_EDGE('',*,*,#680,.F.);
#930=ORIENTED_EDGE('',*,*,#697,.F.);
#931=ORIENTED_EDGE('',*,*,#698,.F.);
#932=ORIENTED_EDGE('',*,*,#699,.T.);
#933=ORIENTED_EDGE('',*,*,#697,.T.);
#934=ORIENTED_EDGE('',*,*,#699,.F.);
#935=ORIENTED_EDGE('',*,*,#698,.T.);
#936=ORIENTED_EDGE('',*,*,#700,.T.);
#937=ORIENTED_EDGE('',*,*,#701,.F.);
#938=ORIENTED_EDGE('',*,*,#700,.F.);
#939=ORIENTED_EDGE('',*,*,#701,.T.);
#940=ORIENTED_EDGE('',*,*,#604,.T.);
#941=ORIENTED_EDGE('',*,*,#702,.F.);
#942=ORIENTED_EDGE('',*,*,#703,.F.);
#943=ORIENTED_EDGE('',*,*,#696,.T.);
#944=ORIENTED_EDGE('',*,*,#625,.T.);
#945=ORIENTED_EDGE('',*,*,#597,.T.);
#946=ORIENTED_EDGE('',*,*,#657,.T.);
#947=ORIENTED_EDGE('',*,*,#661,.T.);
#948=ORIENTED_EDGE('',*,*,#704,.F.);
#949=ORIENTED_EDGE('',*,*,#606,.F.);
#950=ORIENTED_EDGE('',*,*,#683,.T.);
#951=ORIENTED_EDGE('',*,*,#678,.T.);
#952=ORIENTED_EDGE('',*,*,#677,.T.);
#953=ORIENTED_EDGE('',*,*,#623,.T.);
#954=ORIENTED_EDGE('',*,*,#705,.T.);
#955=ORIENTED_EDGE('',*,*,#706,.T.);
#956=ORIENTED_EDGE('',*,*,#707,.T.);
#957=ORIENTED_EDGE('',*,*,#619,.T.);
#958=ORIENTED_EDGE('',*,*,#708,.T.);
#959=ORIENTED_EDGE('',*,*,#709,.T.);
#960=ORIENTED_EDGE('',*,*,#710,.T.);
#961=ORIENTED_EDGE('',*,*,#614,.T.);
#962=ORIENTED_EDGE('',*,*,#639,.T.);
#963=ORIENTED_EDGE('',*,*,#652,.T.);
#964=ORIENTED_EDGE('',*,*,#710,.F.);
#965=ORIENTED_EDGE('',*,*,#711,.F.);
#966=ORIENTED_EDGE('',*,*,#712,.F.);
#967=ORIENTED_EDGE('',*,*,#615,.F.);
#968=ORIENTED_EDGE('',*,*,#611,.F.);
#969=ORIENTED_EDGE('',*,*,#711,.T.);
#970=ORIENTED_EDGE('',*,*,#709,.F.);
#971=ORIENTED_EDGE('',*,*,#713,.F.);
#972=ORIENTED_EDGE('',*,*,#714,.F.);
#973=ORIENTED_EDGE('',*,*,#715,.T.);
#974=ORIENTED_EDGE('',*,*,#712,.T.);
#975=ORIENTED_EDGE('',*,*,#715,.F.);
#976=ORIENTED_EDGE('',*,*,#716,.T.);
#977=ORIENTED_EDGE('',*,*,#717,.F.);
#978=ORIENTED_EDGE('',*,*,#653,.F.);
#979=ORIENTED_EDGE('',*,*,#718,.T.);
#980=ORIENTED_EDGE('',*,*,#718,.F.);
#981=ORIENTED_EDGE('',*,*,#719,.T.);
#982=ORIENTED_EDGE('',*,*,#720,.F.);
#983=ORIENTED_EDGE('',*,*,#719,.F.);
#984=ORIENTED_EDGE('',*,*,#721,.F.);
#985=ORIENTED_EDGE('',*,*,#722,.T.);
#986=ORIENTED_EDGE('',*,*,#720,.T.);
#987=ORIENTED_EDGE('',*,*,#722,.F.);
#988=ORIENTED_EDGE('',*,*,#721,.T.);
#989=ORIENTED_EDGE('',*,*,#723,.T.);
#990=ORIENTED_EDGE('',*,*,#724,.F.);
#991=ORIENTED_EDGE('',*,*,#725,.T.);
#992=ORIENTED_EDGE('',*,*,#717,.T.);
#993=ORIENTED_EDGE('',*,*,#714,.T.);
#994=ORIENTED_EDGE('',*,*,#726,.F.);
#995=ORIENTED_EDGE('',*,*,#723,.F.);
#996=ORIENTED_EDGE('',*,*,#716,.F.);
#997=ORIENTED_EDGE('',*,*,#724,.T.);
#998=ORIENTED_EDGE('',*,*,#726,.T.);
#999=ORIENTED_EDGE('',*,*,#713,.T.);
#1000=ORIENTED_EDGE('',*,*,#708,.F.);
#1001=ORIENTED_EDGE('',*,*,#618,.F.);
#1002=ORIENTED_EDGE('',*,*,#727,.F.);
#1003=ORIENTED_EDGE('',*,*,#728,.F.);
#1004=ORIENTED_EDGE('',*,*,#729,.F.);
#1005=ORIENTED_EDGE('',*,*,#730,.F.);
#1006=ORIENTED_EDGE('',*,*,#731,.F.);
#1007=ORIENTED_EDGE('',*,*,#705,.F.);
#1008=ORIENTED_EDGE('',*,*,#622,.F.);
#1009=ORIENTED_EDGE('',*,*,#732,.F.);
#1010=ORIENTED_EDGE('',*,*,#731,.T.);
#1011=ORIENTED_EDGE('',*,*,#733,.T.);
#1012=ORIENTED_EDGE('',*,*,#734,.T.);
#1013=ORIENTED_EDGE('',*,*,#735,.F.);
#1014=ORIENTED_EDGE('',*,*,#736,.T.);
#1015=ORIENTED_EDGE('',*,*,#706,.F.);
#1016=ORIENTED_EDGE('',*,*,#736,.F.);
#1017=ORIENTED_EDGE('',*,*,#737,.F.);
#1018=ORIENTED_EDGE('',*,*,#620,.F.);
#1019=ORIENTED_EDGE('',*,*,#707,.F.);
#1020=ORIENTED_EDGE('',*,*,#732,.T.);
#1021=ORIENTED_EDGE('',*,*,#610,.F.);
#1022=ORIENTED_EDGE('',*,*,#738,.F.);
#1023=ORIENTED_EDGE('',*,*,#739,.T.);
#1024=ORIENTED_EDGE('',*,*,#733,.F.);
#1025=ORIENTED_EDGE('',*,*,#740,.F.);
#1026=ORIENTED_EDGE('',*,*,#741,.F.);
#1027=ORIENTED_EDGE('',*,*,#742,.T.);
#1028=ORIENTED_EDGE('',*,*,#740,.T.);
#1029=ORIENTED_EDGE('',*,*,#742,.F.);
#1030=ORIENTED_EDGE('',*,*,#741,.T.);
#1031=ORIENTED_EDGE('',*,*,#743,.T.);
#1032=ORIENTED_EDGE('',*,*,#744,.F.);
#1033=ORIENTED_EDGE('',*,*,#743,.F.);
#1034=ORIENTED_EDGE('',*,*,#744,.T.);
#1035=ORIENTED_EDGE('',*,*,#745,.T.);
#1036=ORIENTED_EDGE('',*,*,#738,.T.);
#1037=ORIENTED_EDGE('',*,*,#746,.F.);
#1038=ORIENTED_EDGE('',*,*,#747,.F.);
#1039=ORIENTED_EDGE('',*,*,#734,.F.);
#1040=ORIENTED_EDGE('',*,*,#739,.F.);
#1041=ORIENTED_EDGE('',*,*,#745,.F.);
#1042=ORIENTED_EDGE('',*,*,#748,.T.);
#1043=ORIENTED_EDGE('',*,*,#737,.T.);
#1044=ORIENTED_EDGE('',*,*,#735,.T.);
#1045=ORIENTED_EDGE('',*,*,#748,.F.);
#1046=ORIENTED_EDGE('',*,*,#747,.T.);
#1047=ORIENTED_EDGE('',*,*,#749,.F.);
#1048=ORIENTED_EDGE('',*,*,#750,.T.);
#1049=ORIENTED_EDGE('',*,*,#751,.T.);
#1050=ORIENTED_EDGE('',*,*,#752,.T.);
#1051=ORIENTED_EDGE('',*,*,#750,.F.);
#1052=ORIENTED_EDGE('',*,*,#752,.F.);
#1053=ORIENTED_EDGE('',*,*,#751,.F.);
#1054=ORIENTED_EDGE('',*,*,#753,.T.);
#1055=ORIENTED_EDGE('',*,*,#754,.T.);
#1056=ORIENTED_EDGE('',*,*,#753,.F.);
#1057=ORIENTED_EDGE('',*,*,#754,.F.);
#1058=ORIENTED_EDGE('',*,*,#621,.T.);
#1059=ORIENTED_EDGE('',*,*,#749,.T.);
#1060=ORIENTED_EDGE('',*,*,#755,.F.);
#1061=ORIENTED_EDGE('',*,*,#727,.T.);
#1062=ORIENTED_EDGE('',*,*,#756,.F.);
#1063=ORIENTED_EDGE('',*,*,#757,.F.);
#1064=ORIENTED_EDGE('',*,*,#728,.T.);
#1065=ORIENTED_EDGE('',*,*,#755,.T.);
#1066=ORIENTED_EDGE('',*,*,#746,.T.);
#1067=ORIENTED_EDGE('',*,*,#609,.T.);
#1068=ORIENTED_EDGE('',*,*,#694,.T.);
#1069=ORIENTED_EDGE('',*,*,#703,.T.);
#1070=ORIENTED_EDGE('',*,*,#758,.F.);
#1071=ORIENTED_EDGE('',*,*,#759,.F.);
#1072=ORIENTED_EDGE('',*,*,#729,.T.);
#1073=ORIENTED_EDGE('',*,*,#757,.T.);
#1074=ORIENTED_EDGE('',*,*,#760,.F.);
#1075=ORIENTED_EDGE('',*,*,#670,.F.);
#1076=ORIENTED_EDGE('',*,*,#674,.F.);
#1077=ORIENTED_EDGE('',*,*,#649,.F.);
#1078=ORIENTED_EDGE('',*,*,#654,.F.);
#1079=ORIENTED_EDGE('',*,*,#725,.F.);
#1080=ORIENTED_EDGE('',*,*,#730,.T.);
#1081=ORIENTED_EDGE('',*,*,#759,.T.);
#1082=ORIENTED_EDGE('',*,*,#671,.T.);
#1083=ORIENTED_EDGE('',*,*,#760,.T.);
#1084=ORIENTED_EDGE('',*,*,#758,.T.);
#1085=ORIENTED_EDGE('',*,*,#756,.T.);
#1086=ORIENTED_EDGE('',*,*,#702,.T.);
#1087=ORIENTED_EDGE('',*,*,#603,.T.);
#1088=ORIENTED_EDGE('',*,*,#704,.T.);
#1089=ORIENTED_EDGE('',*,*,#660,.T.);
#1090=ORIENTED_EDGE('',*,*,#673,.T.);
#1091=PLANE('',#1222);
#1092=PLANE('',#1223);
#1093=PLANE('',#1224);
#1094=PLANE('',#1225);
#1095=PLANE('',#1226);
#1096=PLANE('',#1227);
#1097=PLANE('',#1228);
#1098=PLANE('',#1229);
#1099=PLANE('',#1230);
#1100=PLANE('',#1231);
#1101=PLANE('',#1240);
#1102=PLANE('',#1241);
#1103=PLANE('',#1250);
#1104=PLANE('',#1252);
#1105=PLANE('',#1253);
#1106=PLANE('',#1254);
#1107=PLANE('',#1255);
#1108=PLANE('',#1256);
#1109=PLANE('',#1265);
#1110=PLANE('',#1268);
#1111=PLANE('',#1269);
#1112=PLANE('',#1270);
#1113=PLANE('',#1271);
#1114=PLANE('',#1272);
#1115=PLANE('',#1281);
#1116=PLANE('',#1284);
#1117=PLANE('',#1292);
#1118=PLANE('',#1293);
#1119=PLANE('',#1294);
#1120=PLANE('',#1295);
#1121=PLANE('',#1296);
#1122=PLANE('',#1305);
#1123=PLANE('',#1308);
#1124=PLANE('',#1309);
#1125=PLANE('',#1310);
#1126=PLANE('',#1311);
#1127=PLANE('',#1312);
#1128=PLANE('',#1321);
#1129=PLANE('',#1324);
#1130=PLANE('',#1332);
#1131=PLANE('',#1333);
#1132=PLANE('',#1334);
#1133=PLANE('',#1335);
#1134=PLANE('',#1336);
#1135=ADVANCED_FACE('',(#94),#1091,.F.);
#1136=ADVANCED_FACE('',(#95),#1092,.F.);
#1137=ADVANCED_FACE('',(#96),#1093,.F.);
#1138=ADVANCED_FACE('',(#97),#1094,.T.);
#1139=ADVANCED_FACE('',(#98),#1095,.T.);
#1140=ADVANCED_FACE('',(#99),#1096,.T.);
#1141=ADVANCED_FACE('',(#100),#1097,.T.);
#1142=ADVANCED_FACE('',(#101),#1098,.T.);
#1143=ADVANCED_FACE('',(#102),#1099,.T.);
#1144=ADVANCED_FACE('',(#103,#44),#1100,.T.);
#1145=ADVANCED_FACE('',(#104),#36,.F.);
#1146=ADVANCED_FACE('',(#105),#28,.T.);
#1147=ADVANCED_FACE('',(#106),#20,.T.);
#1148=ADVANCED_FACE('',(#107),#1101,.F.);
#1149=ADVANCED_FACE('',(#108,#45),#1102,.F.);
#1150=ADVANCED_FACE('',(#109),#37,.F.);
#1151=ADVANCED_FACE('',(#110),#29,.T.);
#1152=ADVANCED_FACE('',(#111),#21,.T.);
#1153=ADVANCED_FACE('',(#112),#1103,.T.);
#1154=ADVANCED_FACE('',(#113),#15,.F.);
#1155=ADVANCED_FACE('',(#114),#1104,.T.);
#1156=ADVANCED_FACE('',(#115),#1105,.T.);
#1157=ADVANCED_FACE('',(#116),#1106,.T.);
#1158=ADVANCED_FACE('',(#117),#1107,.T.);
#1159=ADVANCED_FACE('',(#118,#46),#1108,.F.);
#1160=ADVANCED_FACE('',(#119),#38,.F.);
#1161=ADVANCED_FACE('',(#120),#30,.T.);
#1162=ADVANCED_FACE('',(#121),#22,.T.);
#1163=ADVANCED_FACE('',(#122),#1109,.T.);
#1164=ADVANCED_FACE('',(#123),#16,.F.);
#1165=ADVANCED_FACE('',(#124),#1110,.T.);
#1166=ADVANCED_FACE('',(#125),#1111,.T.);
#1167=ADVANCED_FACE('',(#126),#1112,.T.);
#1168=ADVANCED_FACE('',(#127),#1113,.T.);
#1169=ADVANCED_FACE('',(#128,#47),#1114,.F.);
#1170=ADVANCED_FACE('',(#129),#39,.T.);
#1171=ADVANCED_FACE('',(#130),#31,.F.);
#1172=ADVANCED_FACE('',(#131),#23,.F.);
#1173=ADVANCED_FACE('',(#132),#1115,.T.);
#1174=ADVANCED_FACE('',(#133),#17,.F.);
#1175=ADVANCED_FACE('',(#134,#48),#1116,.T.);
#1176=ADVANCED_FACE('',(#135),#40,.T.);
#1177=ADVANCED_FACE('',(#136),#32,.F.);
#1178=ADVANCED_FACE('',(#137),#24,.F.);
#1179=ADVANCED_FACE('',(#138),#1117,.T.);
#1180=ADVANCED_FACE('',(#139),#1118,.T.);
#1181=ADVANCED_FACE('',(#140),#1119,.F.);
#1182=ADVANCED_FACE('',(#141),#1120,.F.);
#1183=ADVANCED_FACE('',(#142,#49),#1121,.T.);
#1184=ADVANCED_FACE('',(#143),#41,.F.);
#1185=ADVANCED_FACE('',(#144),#33,.T.);
#1186=ADVANCED_FACE('',(#145),#25,.T.);
#1187=ADVANCED_FACE('',(#146),#1122,.F.);
#1188=ADVANCED_FACE('',(#147),#18,.F.);
#1189=ADVANCED_FACE('',(#148),#1123,.T.);
#1190=ADVANCED_FACE('',(#149),#1124,.F.);
#1191=ADVANCED_FACE('',(#150),#1125,.F.);
#1192=ADVANCED_FACE('',(#151),#1126,.F.);
#1193=ADVANCED_FACE('',(#152,#50),#1127,.T.);
#1194=ADVANCED_FACE('',(#153),#42,.T.);
#1195=ADVANCED_FACE('',(#154),#34,.F.);
#1196=ADVANCED_FACE('',(#155),#26,.F.);
#1197=ADVANCED_FACE('',(#156),#1128,.F.);
#1198=ADVANCED_FACE('',(#157),#19,.F.);
#1199=ADVANCED_FACE('',(#158,#51),#1129,.F.);
#1200=ADVANCED_FACE('',(#159),#43,.T.);
#1201=ADVANCED_FACE('',(#160),#35,.F.);
#1202=ADVANCED_FACE('',(#161),#27,.F.);
#1203=ADVANCED_FACE('',(#162),#1130,.T.);
#1204=ADVANCED_FACE('',(#163),#1131,.T.);
#1205=ADVANCED_FACE('',(#164),#1132,.T.);
#1206=ADVANCED_FACE('',(#165),#1133,.T.);
#1207=ADVANCED_FACE('',(#166),#1134,.F.);
#1208=CLOSED_SHELL('',(#1135,#1136,#1137,#1138,#1139,#1140,#1141,#1142,
#1143,#1144,#1145,#1146,#1147,#1148,#1149,#1150,#1151,#1152,#1153,#1154,
#1155,#1156,#1157,#1158,#1159,#1160,#1161,#1162,#1163,#1164,#1165,#1166,
#1167,#1168,#1169,#1170,#1171,#1172,#1173,#1174,#1175,#1176,#1177,#1178,
#1179,#1180,#1181,#1182,#1183,#1184,#1185,#1186,#1187,#1188,#1189,#1190,
#1191,#1192,#1193,#1194,#1195,#1196,#1197,#1198,#1199,#1200,#1201,#1202,
#1203,#1204,#1205,#1206,#1207));
#1209=DERIVED_UNIT_ELEMENT(#1211,1.);
#1210=DERIVED_UNIT_ELEMENT(#2038,-3.);
#1211=(
MASS_UNIT()
NAMED_UNIT(*)
SI_UNIT(.KILO.,.GRAM.)
);
#1212=DERIVED_UNIT((#1209,#1210));
#1213=MEASURE_REPRESENTATION_ITEM('density measure',
POSITIVE_RATIO_MEASURE(7850.),#1212);
#1214=PROPERTY_DEFINITION_REPRESENTATION(#1219,#1216);
#1215=PROPERTY_DEFINITION_REPRESENTATION(#1220,#1217);
#1216=REPRESENTATION('material name',(#1218),#2035);
#1217=REPRESENTATION('density',(#1213),#2035);
#1218=DESCRIPTIVE_REPRESENTATION_ITEM('Steel','Steel');
#1219=PROPERTY_DEFINITION('material property','material name',#2045);
#1220=PROPERTY_DEFINITION('material property','density of part',#2045);
#1221=AXIS2_PLACEMENT_3D('',#1692,#1337,#1338);
#1222=AXIS2_PLACEMENT_3D('',#1693,#1339,#1340);
#1223=AXIS2_PLACEMENT_3D('',#1702,#1345,#1346);
#1224=AXIS2_PLACEMENT_3D('',#1708,#1350,#1351);
#1225=AXIS2_PLACEMENT_3D('',#1717,#1356,#1357);
#1226=AXIS2_PLACEMENT_3D('',#1726,#1362,#1363);
#1227=AXIS2_PLACEMENT_3D('',#1735,#1368,#1369);
#1228=AXIS2_PLACEMENT_3D('',#1741,#1373,#1374);
#1229=AXIS2_PLACEMENT_3D('',#1750,#1379,#1380);
#1230=AXIS2_PLACEMENT_3D('',#1756,#1384,#1385);
#1231=AXIS2_PLACEMENT_3D('',#1762,#1389,#1390);
#1232=AXIS2_PLACEMENT_3D('',#1766,#1392,#1393);
#1233=AXIS2_PLACEMENT_3D('',#1771,#1396,#1397);
#1234=AXIS2_PLACEMENT_3D('',#1772,#1398,#1399);
#1235=AXIS2_PLACEMENT_3D('',#1774,#1400,#1401);
#1236=AXIS2_PLACEMENT_3D('',#1775,#1402,#1403);
#1237=AXIS2_PLACEMENT_3D('',#1776,#1404,#1405);
#1238=AXIS2_PLACEMENT_3D('',#1778,#1406,#1407);
#1239=AXIS2_PLACEMENT_3D('',#1780,#1409,#1410);
#1240=AXIS2_PLACEMENT_3D('',#1781,#1411,#1412);
#1241=AXIS2_PLACEMENT_3D('',#1787,#1416,#1417);
#1242=AXIS2_PLACEMENT_3D('',#1793,#1420,#1421);
#1243=AXIS2_PLACEMENT_3D('',#1796,#1423,#1424);
#1244=AXIS2_PLACEMENT_3D('',#1797,#1425,#1426);
#1245=AXIS2_PLACEMENT_3D('',#1799,#1427,#1428);
#1246=AXIS2_PLACEMENT_3D('',#1800,#1429,#1430);
#1247=AXIS2_PLACEMENT_3D('',#1801,#1431,#1432);
#1248=AXIS2_PLACEMENT_3D('',#1803,#1433,#1434);
#1249=AXIS2_PLACEMENT_3D('',#1805,#1436,#1437);
#1250=AXIS2_PLACEMENT_3D('',#1806,#1438,#1439);
#1251=AXIS2_PLACEMENT_3D('',#1809,#1442,#1443);
#1252=AXIS2_PLACEMENT_3D('',#1811,#1445,#1446);
#1253=AXIS2_PLACEMENT_3D('',#1813,#1448,#1449);
#1254=AXIS2_PLACEMENT_3D('',#1817,#1452,#1453);
#1255=AXIS2_PLACEMENT_3D('',#1823,#1457,#1458);
#1256=AXIS2_PLACEMENT_3D('',#1831,#1463,#1464);
#1257=AXIS2_PLACEMENT_3D('',#1836,#1467,#1468);
#1258=AXIS2_PLACEMENT_3D('',#1838,#1469,#1470);
#1259=AXIS2_PLACEMENT_3D('',#1839,#1471,#1472);
#1260=AXIS2_PLACEMENT_3D('',#1841,#1473,#1474);
#1261=AXIS2_PLACEMENT_3D('',#1842,#1475,#1476);
#1262=AXIS2_PLACEMENT_3D('',#1843,#1477,#1478);
#1263=AXIS2_PLACEMENT_3D('',#1845,#1479,#1480);
#1264=AXIS2_PLACEMENT_3D('',#1847,#1482,#1483);
#1265=AXIS2_PLACEMENT_3D('',#1848,#1484,#1485);
#1266=AXIS2_PLACEMENT_3D('',#1854,#1489,#1490);
#1267=AXIS2_PLACEMENT_3D('',#1855,#1491,#1492);
#1268=AXIS2_PLACEMENT_3D('',#1856,#1493,#1494);
#1269=AXIS2_PLACEMENT_3D('',#1858,#1496,#1497);
#1270=AXIS2_PLACEMENT_3D('',#1864,#1501,#1502);
#1271=AXIS2_PLACEMENT_3D('',#1874,#1508,#1509);
#1272=AXIS2_PLACEMENT_3D('',#1877,#1512,#1513);
#1273=AXIS2_PLACEMENT_3D('',#1879,#1514,#1515);
#1274=AXIS2_PLACEMENT_3D('',#1882,#1517,#1518);
#1275=AXIS2_PLACEMENT_3D('',#1883,#1519,#1520);
#1276=AXIS2_PLACEMENT_3D('',#1885,#1521,#1522);
#1277=AXIS2_PLACEMENT_3D('',#1886,#1523,#1524);
#1278=AXIS2_PLACEMENT_3D('',#1887,#1525,#1526);
#1279=AXIS2_PLACEMENT_3D('',#1890,#1528,#1529);
#1280=AXIS2_PLACEMENT_3D('',#1891,#1530,#1531);
#1281=AXIS2_PLACEMENT_3D('',#1892,#1532,#1533);
#1282=AXIS2_PLACEMENT_3D('',#1898,#1537,#1538);
#1283=AXIS2_PLACEMENT_3D('',#1899,#1539,#1540);
#1284=AXIS2_PLACEMENT_3D('',#1900,#1541,#1542);
#1285=AXIS2_PLACEMENT_3D('',#1903,#1544,#1545);
#1286=AXIS2_PLACEMENT_3D('',#1904,#1546,#1547);
#1287=AXIS2_PLACEMENT_3D('',#1906,#1548,#1549);
#1288=AXIS2_PLACEMENT_3D('',#1907,#1550,#1551);
#1289=AXIS2_PLACEMENT_3D('',#1908,#1552,#1553);
#1290=AXIS2_PLACEMENT_3D('',#1911,#1555,#1556);
#1291=AXIS2_PLACEMENT_3D('',#1912,#1557,#1558);
#1292=AXIS2_PLACEMENT_3D('',#1913,#1559,#1560);
#1293=AXIS2_PLACEMENT_3D('',#1917,#1563,#1564);
#1294=AXIS2_PLACEMENT_3D('',#1929,#1572,#1573);
#1295=AXIS2_PLACEMENT_3D('',#1933,#1576,#1577);
#1296=AXIS2_PLACEMENT_3D('',#1939,#1581,#1582);
#1297=AXIS2_PLACEMENT_3D('',#1941,#1583,#1584);
#1298=AXIS2_PLACEMENT_3D('',#1944,#1586,#1587);
#1299=AXIS2_PLACEMENT_3D('',#1945,#1588,#1589);
#1300=AXIS2_PLACEMENT_3D('',#1947,#1590,#1591);
#1301=AXIS2_PLACEMENT_3D('',#1948,#1592,#1593);
#1302=AXIS2_PLACEMENT_3D('',#1949,#1594,#1595);
#1303=AXIS2_PLACEMENT_3D('',#1951,#1596,#1597);
#1304=AXIS2_PLACEMENT_3D('',#1953,#1599,#1600);
#1305=AXIS2_PLACEMENT_3D('',#1954,#1601,#1602);
#1306=AXIS2_PLACEMENT_3D('',#1960,#1606,#1607);
#1307=AXIS2_PLACEMENT_3D('',#1961,#1608,#1609);
#1308=AXIS2_PLACEMENT_3D('',#1962,#1610,#1611);
#1309=AXIS2_PLACEMENT_3D('',#1970,#1616,#1617);
#1310=AXIS2_PLACEMENT_3D('',#1974,#1620,#1621);
#1311=AXIS2_PLACEMENT_3D('',#1982,#1626,#1627);
#1312=AXIS2_PLACEMENT_3D('',#1984,#1629,#1630);
#1313=AXIS2_PLACEMENT_3D('',#1987,#1632,#1633);
#1314=AXIS2_PLACEMENT_3D('',#1989,#1634,#1635);
#1315=AXIS2_PLACEMENT_3D('',#1990,#1636,#1637);
#1316=AXIS2_PLACEMENT_3D('',#1992,#1638,#1639);
#1317=AXIS2_PLACEMENT_3D('',#1993,#1640,#1641);
#1318=AXIS2_PLACEMENT_3D('',#1994,#1642,#1643);
#1319=AXIS2_PLACEMENT_3D('',#1997,#1645,#1646);
#1320=AXIS2_PLACEMENT_3D('',#1998,#1647,#1648);
#1321=AXIS2_PLACEMENT_3D('',#1999,#1649,#1650);
#1322=AXIS2_PLACEMENT_3D('',#2005,#1654,#1655);
#1323=AXIS2_PLACEMENT_3D('',#2006,#1656,#1657);
#1324=AXIS2_PLACEMENT_3D('',#2007,#1658,#1659);
#1325=AXIS2_PLACEMENT_3D('',#2010,#1661,#1662);
#1326=AXIS2_PLACEMENT_3D('',#2011,#1663,#1664);
#1327=AXIS2_PLACEMENT_3D('',#2013,#1665,#1666);
#1328=AXIS2_PLACEMENT_3D('',#2014,#1667,#1668);
#1329=AXIS2_PLACEMENT_3D('',#2015,#1669,#1670);
#1330=AXIS2_PLACEMENT_3D('',#2018,#1672,#1673);
#1331=AXIS2_PLACEMENT_3D('',#2019,#1674,#1675);
#1332=AXIS2_PLACEMENT_3D('',#2020,#1676,#1677);
#1333=AXIS2_PLACEMENT_3D('',#2022,#1679,#1680);
#1334=AXIS2_PLACEMENT_3D('',#2026,#1683,#1684);
#1335=AXIS2_PLACEMENT_3D('',#2030,#1687,#1688);
#1336=AXIS2_PLACEMENT_3D('',#2032,#1690,#1691);
#1337=DIRECTION('axis',(0.,0.,1.));
#1338=DIRECTION('refdir',(1.,0.,0.));
#1339=DIRECTION('center_axis',(-7.28705438227635E-10,0.,1.));
#1340=DIRECTION('ref_axis',(-1.,7.28705396578653E-10,-7.28705438227635E-10));
#1341=DIRECTION('',(1.,7.28705396578655E-10,7.28705438227635E-10));
#1342=DIRECTION('',(0.,-1.,0.));
#1343=DIRECTION('',(-1.,7.28705396578653E-10,-7.28705438227635E-10));
#1344=DIRECTION('',(0.,-1.,0.));
#1345=DIRECTION('center_axis',(-0.707106781186541,0.,-0.707106781186554));
#1346=DIRECTION('ref_axis',(0.577350269189634,0.577350269189621,-0.577350269189623));
#1347=DIRECTION('',(-0.577350269189633,0.577350269189622,0.577350269189622));
#1348=DIRECTION('',(0.577350269189634,0.577350269189621,-0.577350269189623));
#1349=DIRECTION('',(0.,1.,0.));
#1350=DIRECTION('center_axis',(0.707106781176908,0.,-0.707106781196187));
#1351=DIRECTION('ref_axis',(0.577350269200123,-0.577350269184373,0.577350269184381));
#1352=DIRECTION('',(-0.707106781196187,0.,-0.707106781176908));
#1353=DIRECTION('',(0.,-1.,0.));
#1354=DIRECTION('',(0.577350269200123,-0.577350269184373,0.577350269184381));
#1355=DIRECTION('',(0.,-1.,0.));
#1356=DIRECTION('center_axis',(-1.,0.,-1.85037170770858E-16));
#1357=DIRECTION('ref_axis',(1.85037170770858E-16,0.,-1.));
#1358=DIRECTION('',(0.,-1.,0.));
#1359=DIRECTION('',(-1.85037170770858E-16,-1.42782825063996E-14,1.));
#1360=DIRECTION('',(0.,-1.,0.));
#1361=DIRECTION('',(1.85037170770858E-16,-1.42782825063996E-14,-1.));
#1362=DIRECTION('center_axis',(7.28705438227635E-10,0.,-1.));
#1363=DIRECTION('ref_axis',(-1.,-7.28705396578653E-10,-7.28705438227635E-10));
#1364=DIRECTION('',(1.,-7.28705396578655E-10,7.28705438227635E-10));
#1365=DIRECTION('',(0.,1.,0.));
#1366=DIRECTION('',(-1.,-7.28705396578653E-10,-7.28705438227635E-10));
#1367=DIRECTION('',(0.,-1.,0.));
#1368=DIRECTION('center_axis',(0.707106781186541,0.,0.707106781186554));
#1369=DIRECTION('ref_axis',(0.577350269189634,-0.577350269189621,-0.577350269189623));
#1370=DIRECTION('',(-0.577350269189633,-0.577350269189622,0.577350269189622));
#1371=DIRECTION('',(0.,1.,0.));
#1372=DIRECTION('',(0.577350269189634,-0.577350269189621,-0.577350269189623));
#1373=DIRECTION('center_axis',(-0.707106781176908,0.,0.707106781196187));
#1374=DIRECTION('ref_axis',(0.577350269200123,0.577350269184373,0.577350269184381));
#1375=DIRECTION('',(-0.707106781196187,0.,-0.707106781176908));
#1376=DIRECTION('',(0.,1.,0.));
#1377=DIRECTION('',(0.577350269200123,0.577350269184373,0.577350269184381));
#1378=DIRECTION('',(0.,-1.,0.));
#1379=DIRECTION('center_axis',(-0.707106781176908,0.,0.707106781196187));
#1380=DIRECTION('ref_axis',(0.707106781196187,0.,0.707106781176908));
#1381=DIRECTION('',(-0.577350269200118,0.577350269184382,-0.577350269184377));
#1382=DIRECTION('',(0.,1.,0.));
#1383=DIRECTION('',(-0.577350269200118,-0.577350269184382,-0.577350269184377));
#1384=DIRECTION('center_axis',(-2.94502763411274E-17,0.707106781186548,
0.707106781186547));
#1385=DIRECTION('ref_axis',(-1.,0.,-4.16489802172579E-17));
#1386=DIRECTION('',(1.,5.22945839526314E-32,4.16489802172578E-17));
#1387=DIRECTION('',(-0.644400477571769,-0.540716203060938,0.540716203060939));
#1388=DIRECTION('',(1.,5.394626625425E-32,4.16489802172578E-17));
#1389=DIRECTION('center_axis',(0.,1.,-1.29526019539601E-15));
#1390=DIRECTION('ref_axis',(1.,0.,0.));
#1391=DIRECTION('',(0.766044443118975,-8.32577204920727E-16,-0.642787609686543));
#1392=DIRECTION('center_axis',(0.,1.,-1.29526019539601E-15));
#1393=DIRECTION('ref_axis',(1.,0.,0.));
#1394=DIRECTION('',(-1.,0.,0.));
#1395=DIRECTION('',(0.,1.29526019539601E-15,1.));
#1396=DIRECTION('center_axis',(0.,-1.,-6.49151115550179E-15));
#1397=DIRECTION('ref_axis',(0.,-6.49151115550179E-15,1.));
#1398=DIRECTION('center_axis',(0.,1.,1.42782825063996E-14));
#1399=DIRECTION('ref_axis',(0.,-1.42797552094644E-14,1.));
#1400=DIRECTION('center_axis',(-1.,-1.74858529687839E-30,1.22464679914735E-16));
#1401=DIRECTION('ref_axis',(-1.22464679914735E-16,1.42797552094644E-14,
-1.));
#1402=DIRECTION('center_axis',(0.,1.,1.42782825063996E-14));
#1403=DIRECTION('ref_axis',(1.,0.,0.));
#1404=DIRECTION('center_axis',(0.,-1.,-1.42782825063996E-14));
#1405=DIRECTION('ref_axis',(0.,-1.40209586760074E-14,1.));
#1406=DIRECTION('center_axis',(0.,1.,1.42782825063996E-14));
#1407=DIRECTION('ref_axis',(1.,0.,0.));
#1408=DIRECTION('',(-8.65956056235398E-17,-0.707106781186615,-0.70710678118648));
#1409=DIRECTION('center_axis',(6.12323399573676E-17,1.36642833800009E-15,
1.));
#1410=DIRECTION('ref_axis',(1.,0.,0.));
#1411=DIRECTION('center_axis',(2.94502763411274E-17,0.707106781186548,-0.707106781186547));
#1412=DIRECTION('ref_axis',(-1.,0.,-4.16489802172579E-17));
#1413=DIRECTION('',(1.,-5.394626625425E-32,4.16489802172578E-17));
#1414=DIRECTION('',(-0.644400477571769,0.540716203060938,0.540716203060939));
#1415=DIRECTION('',(-1.,5.22945839526314E-32,-4.16489802172578E-17));
#1416=DIRECTION('center_axis',(0.,1.,1.29526019539601E-15));
#1417=DIRECTION('ref_axis',(1.,0.,0.));
#1418=DIRECTION('',(0.,1.29526019539601E-15,-1.));
#1419=DIRECTION('',(-1.,0.,0.));
#1420=DIRECTION('center_axis',(0.,1.,1.29526019539601E-15));
#1421=DIRECTION('ref_axis',(1.,0.,0.));
#1422=DIRECTION('',(0.766044443118975,8.32577204920727E-16,-0.642787609686543));
#1423=DIRECTION('center_axis',(0.,-1.,6.49151115550179E-15));
#1424=DIRECTION('ref_axis',(0.,6.49151115550179E-15,1.));
#1425=DIRECTION('center_axis',(0.,-1.,1.42782825063996E-14));
#1426=DIRECTION('ref_axis',(0.,1.42797552094644E-14,1.));
#1427=DIRECTION('center_axis',(1.,-1.74858529687839E-30,-1.22464679914735E-16));
#1428=DIRECTION('ref_axis',(-1.22464679914735E-16,-1.42797552094644E-14,
-1.));
#1429=DIRECTION('center_axis',(0.,1.,-1.42782825063996E-14));
#1430=DIRECTION('ref_axis',(1.,0.,0.));
#1431=DIRECTION('center_axis',(0.,1.,-1.42782825063996E-14));
#1432=DIRECTION('ref_axis',(0.,1.40209586760074E-14,1.));
#1433=DIRECTION('center_axis',(0.,1.,-1.42782825063996E-14));
#1434=DIRECTION('ref_axis',(1.,0.,0.));
#1435=DIRECTION('',(-8.65956056235398E-17,0.707106781186615,-0.70710678118648));
#1436=DIRECTION('center_axis',(6.12323399573676E-17,-1.36642833800009E-15,
1.));
#1437=DIRECTION('ref_axis',(1.,0.,0.));
#1438=DIRECTION('center_axis',(0.,1.29526019539601E-15,-1.));
#1439=DIRECTION('ref_axis',(1.,0.,0.));
#1440=DIRECTION('',(0.,-1.,0.));
#1441=DIRECTION('',(0.,1.,-1.29526019539601E-15));
#1442=DIRECTION('center_axis',(0.,1.,1.29526019539601E-15));
#1443=DIRECTION('ref_axis',(-0.939692620785909,-4.43005077673378E-16,0.342020143325669));
#1444=DIRECTION('',(0.,1.,-1.29526019539601E-15));
#1445=DIRECTION('center_axis',(0.642787609686543,-9.92226875076313E-16,
0.766044443118975));
#1446=DIRECTION('ref_axis',(-0.766044443118975,-8.32577204920727E-16,0.642787609686543));
#1447=DIRECTION('',(-1.54363099120746E-15,-1.,-6.42906566155457E-32));
#1448=DIRECTION('center_axis',(1.,0.,0.));
#1449=DIRECTION('ref_axis',(0.,0.,1.));
#1450=DIRECTION('',(0.,0.,1.));
#1451=DIRECTION('',(0.,-1.,0.));
#1452=DIRECTION('center_axis',(-2.94502763411274E-17,-0.707106781186547,
0.707106781186548));
#1453=DIRECTION('ref_axis',(-1.,0.,-4.16489802172578E-17));
#1454=DIRECTION('',(-1.,0.,-4.16489802172578E-17));
#1455=DIRECTION('',(0.644400477571768,-0.540716203060939,-0.540716203060939));
#1456=DIRECTION('',(-1.,0.,-4.16489802172578E-17));
#1457=DIRECTION('center_axis',(0.642787609686543,0.,0.766044443118975));
#1458=DIRECTION('ref_axis',(-0.766044443118975,0.,0.642787609686543));
#1459=DIRECTION('',(0.766044443118975,0.,-0.642787609686543));
#1460=DIRECTION('',(0.,-1.,-1.45902226249876E-13));
#1461=DIRECTION('',(-0.766044443118975,0.,0.642787609686543));
#1462=DIRECTION('',(0.,-1.,0.));
#1463=DIRECTION('center_axis',(0.,1.,0.));
#1464=DIRECTION('ref_axis',(1.,0.,0.));
#1465=DIRECTION('',(0.,0.,-1.));
#1466=DIRECTION('',(-1.,0.,0.));
#1467=DIRECTION('center_axis',(0.,1.,0.));
#1468=DIRECTION('ref_axis',(1.,0.,0.));
#1469=DIRECTION('center_axis',(0.,-1.,7.7867713508978E-15));
#1470=DIRECTION('ref_axis',(0.,7.7867713508978E-15,1.));
#1471=DIRECTION('center_axis',(0.,-1.,1.55735427017956E-14));
#1472=DIRECTION('ref_axis',(0.,1.59240906578269E-14,1.));
#1473=DIRECTION('center_axis',(1.,-1.90720892211386E-30,-1.22464679914735E-16));
#1474=DIRECTION('ref_axis',(-1.22464679914735E-16,-1.55779147739611E-14,
-1.));
#1475=DIRECTION('center_axis',(0.,1.,-1.55735427017956E-14));
#1476=DIRECTION('ref_axis',(1.,0.,0.));
#1477=DIRECTION('center_axis',(0.,1.,-1.55735427017956E-14));
#1478=DIRECTION('ref_axis',(0.,1.53162188714035E-14,1.));
#1479=DIRECTION('center_axis',(0.,1.,-1.55735427017956E-14));
#1480=DIRECTION('ref_axis',(1.,0.,0.));
#1481=DIRECTION('',(-8.65956056235398E-17,0.707106781186614,-0.707106781186481));
#1482=DIRECTION('center_axis',(6.12323399573677E-17,0.,1.));
#1483=DIRECTION('ref_axis',(1.,0.,0.));
#1484=DIRECTION('center_axis',(0.,0.,-1.));
#1485=DIRECTION('ref_axis',(1.,0.,0.));
#1486=DIRECTION('',(0.,-1.,0.));
#1487=DIRECTION('',(1.,0.,0.));
#1488=DIRECTION('',(0.,-1.,-1.45902226249876E-13));
#1489=DIRECTION('center_axis',(0.,1.,0.));
#1490=DIRECTION('ref_axis',(-0.939692620786389,0.,0.342020143324349));
#1491=DIRECTION('center_axis',(0.,1.,0.));
#1492=DIRECTION('ref_axis',(1.,0.,0.));
#1493=DIRECTION('center_axis',(1.,0.,0.));
#1494=DIRECTION('ref_axis',(0.,0.,1.));
#1495=DIRECTION('',(0.,-1.,0.));
#1496=DIRECTION('center_axis',(-2.94502763411279E-17,-0.707106781186545,
0.70710678118655));
#1497=DIRECTION('ref_axis',(-1.,0.,-4.16489802172584E-17));
#1498=DIRECTION('',(0.644400477571767,0.540716203060942,0.540716203060937));
#1499=DIRECTION('',(-1.,5.94675905645455E-31,-4.16489802172578E-17));
#1500=DIRECTION('',(-1.,6.01387715455264E-31,-4.16489802172578E-17));
#1501=DIRECTION('center_axis',(-0.642787609686543,0.,0.766044443118975));
#1502=DIRECTION('ref_axis',(0.766044443118975,1.00104802876385E-14,0.642787609686543));
#1503=DIRECTION('',(0.,1.,0.));
#1504=DIRECTION('',(-0.644400477571771,0.540716203060933,-0.540716203060941));
#1505=DIRECTION('',(0.766044443118975,1.00104802876385E-14,0.642787609686543));
#1506=DIRECTION('',(0.,-1.,1.55735427017956E-14));
#1507=DIRECTION('',(0.766044443118975,-9.17790308271777E-15,0.642787609686543));
#1508=DIRECTION('center_axis',(-2.94502763411276E-17,0.707106781186553,
0.707106781186543));
#1509=DIRECTION('ref_axis',(-1.,0.,-4.16489802172585E-17));
#1510=DIRECTION('',(1.,6.53682299407889E-31,4.16489802172578E-17));
#1511=DIRECTION('',(1.,6.48622171899705E-31,4.16489802172578E-17));
#1512=DIRECTION('center_axis',(0.,1.,1.42782825063996E-14));
#1513=DIRECTION('ref_axis',(0.,-1.42782825063996E-14,1.));
#1514=DIRECTION('center_axis',(0.,1.,1.42782825063996E-14));
#1515=DIRECTION('ref_axis',(1.,0.,0.));
#1516=DIRECTION('',(-1.,0.,0.));
#1517=DIRECTION('center_axis',(0.,1.,1.42782825063996E-14));
#1518=DIRECTION('ref_axis',(1.,0.,0.));
#1519=DIRECTION('center_axis',(0.,1.,1.42782825063996E-14));
#1520=DIRECTION('ref_axis',(0.,-1.42570454351449E-14,1.));
#1521=DIRECTION('center_axis',(0.,1.,1.42782825063996E-14));
#1522=DIRECTION('ref_axis',(1.,0.,0.));
#1523=DIRECTION('center_axis',(1.,1.74858529687839E-30,-1.22464679914735E-16));
#1524=DIRECTION('ref_axis',(-1.22464679914735E-16,1.42376744494993E-14,
-1.));
#1525=DIRECTION('center_axis',(0.,-1.,-1.42782825063996E-14));
#1526=DIRECTION('ref_axis',(0.,-1.36380532042219E-14,1.));
#1527=DIRECTION('',(8.65956056235416E-17,0.7071067811866,0.707106781186495));
#1528=DIRECTION('center_axis',(0.,1.,1.42782825063996E-14));
#1529=DIRECTION('ref_axis',(1.,0.,0.));
#1530=DIRECTION('center_axis',(6.12323399573676E-17,1.33226762955006E-15,
1.));
#1531=DIRECTION('ref_axis',(1.,0.,0.));
#1532=DIRECTION('center_axis',(0.,0.,-1.));
#1533=DIRECTION('ref_axis',(-1.,0.,0.));
#1534=DIRECTION('',(0.,1.,1.42782825063996E-14));
#1535=DIRECTION('',(-1.,0.,0.));
#1536=DIRECTION('',(0.,-1.,0.));
#1537=DIRECTION('center_axis',(0.,1.,-1.55735427017956E-14));
#1538=DIRECTION('ref_axis',(0.,1.49333133996179E-14,1.));
#1539=DIRECTION('center_axis',(0.,1.,-1.55735427017956E-14));
#1540=DIRECTION('ref_axis',(1.,0.,0.));
#1541=DIRECTION('center_axis',(0.,1.,-1.55735427017956E-14));
#1542=DIRECTION('ref_axis',(0.,1.55735427017956E-14,1.));
#1543=DIRECTION('',(1.85037170770858E-16,-1.55735427017956E-14,-1.));
#1544=DIRECTION('center_axis',(0.,1.,-1.55735427017956E-14));
#1545=DIRECTION('ref_axis',(1.,0.,0.));
#1546=DIRECTION('center_axis',(0.,-1.,1.55735427017956E-14));
#1547=DIRECTION('ref_axis',(0.,1.54967885164618E-14,1.));
#1548=DIRECTION('center_axis',(0.,1.,-1.55735427017956E-14));
#1549=DIRECTION('ref_axis',(1.,0.,0.));
#1550=DIRECTION('center_axis',(-1.,1.90720892211386E-30,1.22464679914735E-16));
#1551=DIRECTION('ref_axis',(-1.22464679914735E-16,-1.54967885164618E-14,
-1.));
#1552=DIRECTION('center_axis',(0.,1.,-1.55735427017956E-14));
#1553=DIRECTION('ref_axis',(0.,1.49333133996179E-14,1.));
#1554=DIRECTION('',(8.65956056235416E-17,-0.707106781186599,0.707106781186496));
#1555=DIRECTION('center_axis',(0.,1.,-1.55735427017956E-14));
#1556=DIRECTION('ref_axis',(1.,0.,0.));
#1557=DIRECTION('center_axis',(6.12323399573677E-17,0.,1.));
#1558=DIRECTION('ref_axis',(1.,0.,0.));
#1559=DIRECTION('center_axis',(-1.,0.,-1.85037170770858E-16));
#1560=DIRECTION('ref_axis',(1.85037170770858E-16,0.,-1.));
#1561=DIRECTION('',(1.85037170770858E-16,0.,-1.));
#1562=DIRECTION('',(0.,-1.,0.));
#1563=DIRECTION('center_axis',(4.16489802172578E-17,0.,-1.));
#1564=DIRECTION('ref_axis',(1.,0.,4.16489802172578E-17));
#1565=DIRECTION('',(1.,0.,4.16489802172578E-17));
#1566=DIRECTION('',(1.,6.01387715455264E-31,4.16489802172578E-17));
#1567=DIRECTION('',(0.,1.,0.));
#1568=DIRECTION('',(-1.,6.53682299407889E-31,-4.16489802172578E-17));
#1569=DIRECTION('',(1.,0.,-6.07503718431165E-15));
#1570=DIRECTION('',(0.,-1.,0.));
#1571=DIRECTION('',(1.,0.,4.16489802172578E-17));
#1572=DIRECTION('center_axis',(2.94502763411274E-17,-0.707106781186547,
-0.707106781186548));
#1573=DIRECTION('ref_axis',(-1.,0.,-4.16489802172578E-17));
#1574=DIRECTION('',(0.644400477571768,0.540716203060939,-0.540716203060939));
#1575=DIRECTION('',(-1.,0.,-4.16489802172578E-17));
#1576=DIRECTION('center_axis',(-0.642787609686543,0.,-0.766044443118975));
#1577=DIRECTION('ref_axis',(-0.766044443118975,0.,0.642787609686543));
#1578=DIRECTION('',(0.766044443118975,0.,-0.642787609686543));
#1579=DIRECTION('',(0.,1.,-1.45902226249876E-13));
#1580=DIRECTION('',(0.766044443118975,0.,-0.642787609686543));
#1581=DIRECTION('center_axis',(0.,1.,0.));
#1582=DIRECTION('ref_axis',(1.,0.,0.));
#1583=DIRECTION('center_axis',(0.,1.,0.));
#1584=DIRECTION('ref_axis',(1.,0.,0.));
#1585=DIRECTION('',(-1.,0.,0.));
#1586=DIRECTION('center_axis',(0.,-1.,-7.7867713508978E-15));
#1587=DIRECTION('ref_axis',(0.,-7.7867713508978E-15,1.));
#1588=DIRECTION('center_axis',(0.,1.,1.55735427017956E-14));
#1589=DIRECTION('ref_axis',(0.,-1.59240906578269E-14,1.));
#1590=DIRECTION('center_axis',(-1.,-1.90720892211386E-30,1.22464679914735E-16));
#1591=DIRECTION('ref_axis',(-1.22464679914735E-16,1.55779147739611E-14,
-1.));
#1592=DIRECTION('center_axis',(0.,1.,1.55735427017956E-14));
#1593=DIRECTION('ref_axis',(1.,0.,0.));
#1594=DIRECTION('center_axis',(0.,-1.,-1.55735427017956E-14));
#1595=DIRECTION('ref_axis',(0.,-1.53162188714035E-14,1.));
#1596=DIRECTION('center_axis',(0.,1.,1.55735427017956E-14));
#1597=DIRECTION('ref_axis',(1.,0.,0.));
#1598=DIRECTION('',(-8.65956056235398E-17,-0.707106781186614,-0.707106781186481));
#1599=DIRECTION('center_axis',(6.12323399573677E-17,0.,1.));
#1600=DIRECTION('ref_axis',(1.,0.,0.));
#1601=DIRECTION('center_axis',(0.,0.,1.));
#1602=DIRECTION('ref_axis',(1.,0.,0.));
#1603=DIRECTION('',(0.,1.,0.));
#1604=DIRECTION('',(-1.,0.,0.));
#1605=DIRECTION('',(0.,-1.,0.));
#1606=DIRECTION('center_axis',(0.,1.,0.));
#1607=DIRECTION('ref_axis',(-0.939692620786389,0.,0.342020143324349));
#1608=DIRECTION('center_axis',(0.,-1.,0.));
#1609=DIRECTION('ref_axis',(1.,0.,0.));
#1610=DIRECTION('center_axis',(0.,1.,0.));
#1611=DIRECTION('ref_axis',(0.,0.,1.));
#1612=DIRECTION('',(1.85037170770858E-16,0.,-1.));
#1613=DIRECTION('',(0.707106781176918,0.,-0.707106781196177));
#1614=DIRECTION('',(-1.,0.,0.));
#1615=DIRECTION('',(0.707106781186553,0.,0.707106781186542));
#1616=DIRECTION('center_axis',(2.94502763411279E-17,-0.707106781186545,
-0.70710678118655));
#1617=DIRECTION('ref_axis',(-1.,0.,-4.16489802172584E-17));
#1618=DIRECTION('',(0.644400477571767,-0.540716203060942,0.540716203060937));
#1619=DIRECTION('',(-1.,-5.94675905645455E-31,-4.16489802172578E-17));
#1620=DIRECTION('center_axis',(0.642787609686543,0.,-0.766044443118975));
#1621=DIRECTION('ref_axis',(0.766044443118975,-1.00104802876385E-14,0.642787609686543));
#1622=DIRECTION('',(0.766044443118975,9.17790308271777E-15,0.642787609686543));
#1623=DIRECTION('',(0.,1.,1.55735427017956E-14));
#1624=DIRECTION('',(0.766044443118975,-1.00104802876385E-14,0.642787609686543));
#1625=DIRECTION('',(-0.644400477571771,-0.540716203060933,-0.540716203060941));
#1626=DIRECTION('center_axis',(2.94502763411276E-17,0.707106781186553,-0.707106781186543));
#1627=DIRECTION('ref_axis',(-1.,0.,-4.16489802172585E-17));
#1628=DIRECTION('',(1.,-6.48622171899705E-31,4.16489802172578E-17));
#1629=DIRECTION('center_axis',(0.,1.,-1.42782825063996E-14));
#1630=DIRECTION('ref_axis',(0.,1.42782825063996E-14,1.));
#1631=DIRECTION('',(-1.,0.,0.));
#1632=DIRECTION('center_axis',(0.,1.,-1.42782825063996E-14));
#1633=DIRECTION('ref_axis',(1.,0.,0.));
#1634=DIRECTION('center_axis',(0.,1.,-1.42782825063996E-14));
#1635=DIRECTION('ref_axis',(1.,0.,0.));
#1636=DIRECTION('center_axis',(0.,-1.,1.42782825063996E-14));
#1637=DIRECTION('ref_axis',(0.,1.42570454351449E-14,1.));
#1638=DIRECTION('center_axis',(0.,1.,-1.42782825063996E-14));
#1639=DIRECTION('ref_axis',(1.,0.,0.));
#1640=DIRECTION('center_axis',(-1.,1.74858529687839E-30,1.22464679914735E-16));
#1641=DIRECTION('ref_axis',(-1.22464679914735E-16,-1.42376744494993E-14,
-1.));
#1642=DIRECTION('center_axis',(0.,1.,-1.42782825063996E-14));
#1643=DIRECTION('ref_axis',(0.,1.36380532042219E-14,1.));
#1644=DIRECTION('',(8.65956056235416E-17,-0.7071067811866,0.707106781186495));
#1645=DIRECTION('center_axis',(0.,1.,-1.42782825063996E-14));
#1646=DIRECTION('ref_axis',(1.,0.,0.));
#1647=DIRECTION('center_axis',(6.12323399573676E-17,-1.33226762955006E-15,
1.));
#1648=DIRECTION('ref_axis',(1.,0.,0.));
#1649=DIRECTION('center_axis',(0.,0.,1.));
#1650=DIRECTION('ref_axis',(-1.,0.,0.));
#1651=DIRECTION('',(0.,-1.,1.42782825063996E-14));
#1652=DIRECTION('',(0.,-1.,0.));
#1653=DIRECTION('',(-1.,0.,0.));
#1654=DIRECTION('center_axis',(0.,1.,1.55735427017956E-14));
#1655=DIRECTION('ref_axis',(0.,-1.49333133996179E-14,1.));
#1656=DIRECTION('center_axis',(0.,1.,1.55735427017956E-14));
#1657=DIRECTION('ref_axis',(1.,0.,0.));
#1658=DIRECTION('center_axis',(0.,1.,1.55735427017956E-14));
#1659=DIRECTION('ref_axis',(0.,-1.55735427017956E-14,1.));
#1660=DIRECTION('',(-1.85037170770858E-16,-1.55735427017956E-14,1.));
#1661=DIRECTION('center_axis',(0.,1.,1.55735427017956E-14));
#1662=DIRECTION('ref_axis',(1.,0.,0.));
#1663=DIRECTION('center_axis',(0.,1.,1.55735427017956E-14));
#1664=DIRECTION('ref_axis',(0.,-1.54967885164618E-14,1.));
#1665=DIRECTION('center_axis',(0.,1.,1.55735427017956E-14));
#1666=DIRECTION('ref_axis',(1.,0.,0.));
#1667=DIRECTION('center_axis',(1.,1.90720892211386E-30,-1.22464679914735E-16));
#1668=DIRECTION('ref_axis',(-1.22464679914735E-16,1.54967885164618E-14,
-1.));
#1669=DIRECTION('center_axis',(0.,-1.,-1.55735427017956E-14));
#1670=DIRECTION('ref_axis',(0.,-1.49333133996179E-14,1.));
#1671=DIRECTION('',(8.65956056235416E-17,0.707106781186599,0.707106781186496));
#1672=DIRECTION('center_axis',(0.,1.,1.55735427017956E-14));
#1673=DIRECTION('ref_axis',(1.,0.,0.));
#1674=DIRECTION('center_axis',(6.12323399573677E-17,0.,1.));
#1675=DIRECTION('ref_axis',(1.,0.,0.));
#1676=DIRECTION('center_axis',(-1.,0.,-1.85037170770858E-16));
#1677=DIRECTION('ref_axis',(1.85037170770858E-16,0.,-1.));
#1678=DIRECTION('',(0.,-1.,0.));
#1679=DIRECTION('center_axis',(-0.707106781196177,0.,-0.707106781176918));
#1680=DIRECTION('ref_axis',(0.707106781176918,0.,-0.707106781196177));
#1681=DIRECTION('',(0.707106781176918,0.,-0.707106781196177));
#1682=DIRECTION('',(0.,-1.,0.));
#1683=DIRECTION('center_axis',(0.,0.,1.));
#1684=DIRECTION('ref_axis',(-1.,0.,0.));
#1685=DIRECTION('',(-1.,0.,0.));
#1686=DIRECTION('',(0.,-1.,0.));
#1687=DIRECTION('center_axis',(0.707106781186542,0.,-0.707106781186553));
#1688=DIRECTION('ref_axis',(0.707106781186553,0.,0.707106781186542));
#1689=DIRECTION('',(0.707106781186553,0.,0.707106781186542));
#1690=DIRECTION('center_axis',(0.,1.,0.));
#1691=DIRECTION('ref_axis',(0.,0.,1.));
#1692=CARTESIAN_POINT('',(0.,0.,0.));
#1693=CARTESIAN_POINT('Origin',(3.69253331742777,-2.0615223690604,1.45741230266598E-10));
#1694=CARTESIAN_POINT('',(3.49253331742777,-8.06152236891466,6.8067985987966E-15));
#1695=CARTESIAN_POINT('',(3.69253331742777,-8.06152236876893,1.45741233105978E-10));
#1696=CARTESIAN_POINT('',(3.64253331968675,-8.06152236880536,1.09305960001352E-10));
#1697=CARTESIAN_POINT('',(3.49253331742777,-2.06152236891466,2.66196597352935E-15));
#1698=CARTESIAN_POINT('',(3.49253331742777,100.,1.45460451045663E-16));
#1699=CARTESIAN_POINT('',(3.69253331742777,-2.0615223690604,1.45741233105978E-10));
#1700=CARTESIAN_POINT('',(3.64253331674951,-2.06152236902397,1.09305957860971E-10));
#1701=CARTESIAN_POINT('',(3.69253331742777,-2.0615223690604,1.45741233105978E-10));
#1702=CARTESIAN_POINT('Origin',(3.49253331742777,-2.2615223690604,0.200000000145737));
#1703=CARTESIAN_POINT('',(3.49253331742777,-7.86152236891466,0.200000000000007));
#1704=CARTESIAN_POINT('',(2.60919998416729,-6.97818903550848,1.08333333340619));
#1705=CARTESIAN_POINT('',(3.49253331742777,-2.26152236891466,0.200000000000003));
#1706=CARTESIAN_POINT('',(3.91945371229546,-1.83460197419272,-0.226920394721946));
#1707=CARTESIAN_POINT('',(3.49253331742777,48.8692388154698,0.200000000145737));
#1708=CARTESIAN_POINT('Origin',(-3.69253331742776,-7.3615223689145,-1.38777878078145E-16));
#1709=CARTESIAN_POINT('',(-3.49253331742776,-100.,0.199999999994547));
#1710=CARTESIAN_POINT('',(-3.69253331742776,-100.,-1.53790247089114E-16));
#1711=CARTESIAN_POINT('',(-3.64253331742776,-100.,0.0499999999986364));
#1712=CARTESIAN_POINT('',(-3.49253331742776,-7.56152236891451,0.200000000000007));
#1713=CARTESIAN_POINT('',(-3.49253331742776,46.3192388155428,0.199999999994546));
#1714=CARTESIAN_POINT('',(-3.69253331742776,-7.3615223689145,-1.53790247089114E-16));
#1715=CARTESIAN_POINT('',(-4.86945371225799,-6.18460197411638,-1.17692039479814));
#1716=CARTESIAN_POINT('',(-3.69253331742776,-7.3615223689145,-1.53790247089114E-16));
#1717=CARTESIAN_POINT('Origin',(-3.49253331742777,100.,6.00000000000005));
#1718=CARTESIAN_POINT('',(-3.49253331742776,2.56152236891482,0.200000000000003));
#1719=CARTESIAN_POINT('',(-3.49253331742776,-2.56152236891482,0.200000000000003));
#1720=CARTESIAN_POINT('',(-3.49253331742776,50.,0.199999999994547));
#1721=CARTESIAN_POINT('',(-3.49253331742777,-2.5615223689149,6.00000000000005));
#1722=CARTESIAN_POINT('',(-3.49253331742777,-2.56152236891491,5.58284271247266));
#1723=CARTESIAN_POINT('',(-3.49253331742777,2.5615223689149,6.00000000000005));
#1724=CARTESIAN_POINT('',(-3.49253331742777,100.,6.00000000000005));
#1725=CARTESIAN_POINT('',(-3.49253331742777,2.56152236891491,5.58284271247409));
#1726=CARTESIAN_POINT('Origin',(3.69253331742777,2.0615223690604,1.45741230266598E-10));
#1727=CARTESIAN_POINT('',(3.49253331742777,8.06152236891466,6.8067985987966E-15));
#1728=CARTESIAN_POINT('',(3.69253331742777,8.06152236876893,1.45741233105978E-10));
#1729=CARTESIAN_POINT('',(3.64253331968675,8.06152236880536,1.09305960001352E-10));
#1730=CARTESIAN_POINT('',(3.69253331742777,2.0615223690604,1.45741233105978E-10));
#1731=CARTESIAN_POINT('',(3.69253331742777,2.0615223690604,1.45741233105978E-10));
#1732=CARTESIAN_POINT('',(3.49253331742777,2.06152236891466,2.66196597352935E-15));
#1733=CARTESIAN_POINT('',(3.64253331674951,2.06152236902397,1.09305957860971E-10));
#1734=CARTESIAN_POINT('',(3.49253331742777,100.,1.45460451045663E-16));
#1735=CARTESIAN_POINT('Origin',(3.49253331742777,2.2615223690604,0.200000000145737));
#1736=CARTESIAN_POINT('',(3.49253331742777,7.86152236891466,0.200000000000007));
#1737=CARTESIAN_POINT('',(2.60919998416729,6.97818903550848,1.08333333340619));
#1738=CARTESIAN_POINT('',(3.49253331742777,2.26152236891466,0.200000000000003));
#1739=CARTESIAN_POINT('',(3.49253331742777,51.1307611845302,0.200000000145737));
#1740=CARTESIAN_POINT('',(3.91945371229546,1.83460197419272,-0.226920394721946));
#1741=CARTESIAN_POINT('Origin',(-3.69253331742776,7.3615223689145,-1.38777878078145E-16));
#1742=CARTESIAN_POINT('',(-3.49253331742776,100.,0.199999999994547));
#1743=CARTESIAN_POINT('',(-3.69253331742776,100.,-1.53790247089114E-16));
#1744=CARTESIAN_POINT('',(-3.64253331742776,100.,0.0499999999986364));
#1745=CARTESIAN_POINT('',(-3.69253331742776,7.3615223689145,-1.53790247089114E-16));
#1746=CARTESIAN_POINT('',(-3.69253331742776,7.3615223689145,-1.53790247089114E-16));
#1747=CARTESIAN_POINT('',(-3.49253331742776,7.56152236891451,0.200000000000007));
#1748=CARTESIAN_POINT('',(-4.86945371225799,6.18460197411638,-1.17692039479814));
#1749=CARTESIAN_POINT('',(-3.49253331742776,53.6807611844572,0.199999999994546));
#1750=CARTESIAN_POINT('Origin',(-3.69253331742776,0.,-1.38777878078145E-16));
#1751=CARTESIAN_POINT('',(-3.69253331742776,2.76152236891483,-1.53790247089114E-16));
#1752=CARTESIAN_POINT('',(-3.18227958927111,2.25126864077208,0.510253728142743));
#1753=CARTESIAN_POINT('',(-3.69253331742776,-2.76152236891483,-1.53790247089114E-16));
#1754=CARTESIAN_POINT('',(-3.69253331742776,0.,-1.53790247089114E-16));
#1755=CARTESIAN_POINT('',(-3.18227958927111,-2.25126864077208,0.510253728142743));
#1756=CARTESIAN_POINT('Origin',(1.86939998807082,-2.16152236891466,0.100000000000003));
#1757=CARTESIAN_POINT('',(-1.09191070279863,-2.06152236891466,2.51650552248369E-15));
#1758=CARTESIAN_POINT('',(-0.811566664678474,-2.06152236891466,0.));
#1759=CARTESIAN_POINT('',(-1.33026142131747,-2.26152236891466,0.200000000000003));
#1760=CARTESIAN_POINT('',(-0.54675320147669,-1.60408091062189,-0.457441458292768));
#1761=CARTESIAN_POINT('',(1.86939998807082,-2.26152236891466,0.200000000000003));
#1762=CARTESIAN_POINT('Origin',(0.24626665871387,-2.26152236891466,3.00000000000003));
#1763=CARTESIAN_POINT('',(-1.92836282905964,-2.26152236891466,0.701866670643072));
#1764=CARTESIAN_POINT('',(-1.92836282905964,-2.26152236891466,0.701866670643072));
#1765=CARTESIAN_POINT('',(0.,-2.26152236891466,6.00000000000005));
#1766=CARTESIAN_POINT('Origin',(0.,-2.26152236891466,3.00000000000003));
#1767=CARTESIAN_POINT('',(3.49253331742777,-2.26152236891466,6.00000000000005));
#1768=CARTESIAN_POINT('',(3.49253331742777,-2.26152236891466,6.00000000000005));
#1769=CARTESIAN_POINT('',(3.49253331742777,-2.26152236891465,1.50000000000008));
#1770=CARTESIAN_POINT('',(-2.65219972362114E-16,-2.26152236891464,0.834314575053249));
#1771=CARTESIAN_POINT('Origin',(0.,-2.26152236891466,3.00000000000003));
#1772=CARTESIAN_POINT('Origin',(0.,-1.86152236892137,3.00000000000003));
#1773=CARTESIAN_POINT('',(-2.30581730113345E-16,-2.14436508139133,1.11715728752256));
#1774=CARTESIAN_POINT('Origin',(-2.65219972362115E-16,-1.86152236892133,
0.834314575053251));
#1775=CARTESIAN_POINT('Origin',(0.,-2.14436508139135,3.00000000000002));
#1776=CARTESIAN_POINT('Origin',(0.,-1.66256313292443,3.00000000000003));
#1777=CARTESIAN_POINT('',(-1.12574287310635E-16,-1.18076118445712,2.08076118445735));
#1778=CARTESIAN_POINT('Origin',(0.,-1.18076118445713,3.00000000000004));
#1779=CARTESIAN_POINT('',(-1.71578008711967E-16,-1.66256313292441,1.59895923599015));
#1780=CARTESIAN_POINT('Origin',(0.,-2.09999999999956,3.00000000000012));
#1781=CARTESIAN_POINT('Origin',(1.86939998807082,2.16152236891466,0.100000000000003));
#1782=CARTESIAN_POINT('',(-1.33026142131747,2.26152236891466,0.200000000000003));
#1783=CARTESIAN_POINT('',(1.86939998807082,2.26152236891466,0.200000000000003));
#1784=CARTESIAN_POINT('',(-1.09191070279863,2.06152236891466,2.51650552248369E-15));
#1785=CARTESIAN_POINT('',(-0.54675320147669,1.60408091062189,-0.457441458292768));
#1786=CARTESIAN_POINT('',(-0.811566664678474,2.06152236891465,0.));
#1787=CARTESIAN_POINT('Origin',(0.24626665871387,2.26152236891466,3.00000000000003));
#1788=CARTESIAN_POINT('',(3.49253331742777,2.26152236891466,6.00000000000005));
#1789=CARTESIAN_POINT('',(3.49253331742777,2.26152236891465,1.49999999999995));
#1790=CARTESIAN_POINT('',(0.,2.26152236891466,6.00000000000005));
#1791=CARTESIAN_POINT('',(3.49253331742777,2.26152236891466,6.00000000000005));
#1792=CARTESIAN_POINT('',(-1.92836282905964,2.26152236891466,0.701866670643072));
#1793=CARTESIAN_POINT('Origin',(0.,2.26152236891466,3.00000000000003));
#1794=CARTESIAN_POINT('',(-1.92836282905964,2.26152236891466,0.701866670643072));
#1795=CARTESIAN_POINT('',(-2.65219972362114E-16,2.26152236891464,0.834314575053249));
#1796=CARTESIAN_POINT('Origin',(0.,2.26152236891466,3.00000000000003));
#1797=CARTESIAN_POINT('Origin',(0.,1.86152236892137,3.00000000000003));
#1798=CARTESIAN_POINT('',(-2.30581730113345E-16,2.14436508139133,1.11715728752256));
#1799=CARTESIAN_POINT('Origin',(-2.65219972362115E-16,1.86152236892133,
0.834314575053251));
#1800=CARTESIAN_POINT('Origin',(0.,2.14436508139135,3.00000000000002));
#1801=CARTESIAN_POINT('Origin',(0.,1.66256313292443,3.00000000000003));
#1802=CARTESIAN_POINT('',(-1.12574287310635E-16,1.18076118445712,2.08076118445735));
#1803=CARTESIAN_POINT('Origin',(0.,1.18076118445713,3.00000000000004));
#1804=CARTESIAN_POINT('',(-1.71578008711967E-16,1.66256313292441,1.59895923599015));
#1805=CARTESIAN_POINT('Origin',(0.,2.09999999999956,3.00000000000012));
#1806=CARTESIAN_POINT('Origin',(0.,2.26152236891466,6.00000000000005));
#1807=CARTESIAN_POINT('',(3.49253331742777,100.,6.00000000000005));
#1808=CARTESIAN_POINT('',(0.,-2.26152236891466,6.00000000000005));
#1809=CARTESIAN_POINT('Origin',(0.,2.26152236891466,3.00000000000003));
#1810=CARTESIAN_POINT('',(-1.92836282905964,-2.26152236891466,0.701866670643072));
#1811=CARTESIAN_POINT('Origin',(-1.09191070279863,2.26152236891466,2.77555756156289E-15));
#1812=CARTESIAN_POINT('',(-1.09191070279855,51.1307611844573,-1.38777878078145E-16));
#1813=CARTESIAN_POINT('Origin',(3.49253331742777,100.,0.));
#1814=CARTESIAN_POINT('',(3.49253331742777,7.86152236891466,6.00000000000006));
#1815=CARTESIAN_POINT('',(3.49253331742777,7.86152236891466,1.50000000000002));
#1816=CARTESIAN_POINT('',(3.49253331742777,100.,6.00000000000005));
#1817=CARTESIAN_POINT('Origin',(1.86939998807082,-7.96152236891466,0.100000000000007));
#1818=CARTESIAN_POINT('',(-1.33026142131747,-7.86152236891466,0.200000000000007));
#1819=CARTESIAN_POINT('',(1.86939998807082,-7.86152236891466,0.200000000000007));
#1820=CARTESIAN_POINT('',(-1.09191070279863,-8.06152236891466,6.66133814775094E-15));
#1821=CARTESIAN_POINT('',(-0.54675320147669,-8.51896382720743,-0.457441458292763));
#1822=CARTESIAN_POINT('',(-0.811566664678474,-8.06152236891466,0.));
#1823=CARTESIAN_POINT('Origin',(-1.09191070279863,-7.86152236891466,6.66133814775094E-15));
#1824=CARTESIAN_POINT('',(-1.92836282905964,-7.86152236891466,0.701866670643076));
#1825=CARTESIAN_POINT('',(-1.92836282905964,-7.86152236891466,0.701866670643076));
#1826=CARTESIAN_POINT('',(-1.92836282905964,-100.,0.701866670629963));
#1827=CARTESIAN_POINT('',(-1.92836282905964,-10.123044737829,0.701866670643076));
#1828=CARTESIAN_POINT('',(-1.09191070279863,-100.,-1.31065865231635E-11));
#1829=CARTESIAN_POINT('',(-1.75633870417419,-100.,0.557521290898104));
#1830=CARTESIAN_POINT('',(-1.09191070279862,46.0692388155427,-1.38777878078145E-16));
#1831=CARTESIAN_POINT('Origin',(0.24626665871387,-7.86152236891466,3.00000000000003));
#1832=CARTESIAN_POINT('',(3.49253331742777,-7.86152236891466,6.00000000000006));
#1833=CARTESIAN_POINT('',(3.49253331742777,-7.86152236891466,1.50000000000002));
#1834=CARTESIAN_POINT('',(0.,-7.86152236891466,6.00000000000006));
#1835=CARTESIAN_POINT('',(3.49253331742777,-7.86152236891466,6.00000000000006));
#1836=CARTESIAN_POINT('Origin',(0.,-7.86152236891466,3.00000000000003));
#1837=CARTESIAN_POINT('',(-2.65219972362114E-16,-7.86152236891468,0.834314575053252));
#1838=CARTESIAN_POINT('Origin',(0.,-7.86152236891466,3.00000000000003));
#1839=CARTESIAN_POINT('Origin',(0.,-8.26152236890796,3.00000000000003));
#1840=CARTESIAN_POINT('',(-2.30581730113345E-16,-7.978679656438,1.11715728752256));
#1841=CARTESIAN_POINT('Origin',(-2.65219972362115E-16,-8.26152236890799,
0.834314575053256));
#1842=CARTESIAN_POINT('Origin',(0.,-7.97867965643797,3.00000000000003));
#1843=CARTESIAN_POINT('Origin',(0.,-8.46048160490489,3.00000000000004));
#1844=CARTESIAN_POINT('',(-1.12574287310635E-16,-8.94228355337221,2.08076118445736));
#1845=CARTESIAN_POINT('Origin',(0.,-8.94228355337219,3.00000000000004));
#1846=CARTESIAN_POINT('',(-1.71578008711967E-16,-8.46048160490491,1.59895923599015));
#1847=CARTESIAN_POINT('Origin',(0.,-8.02304473782976,3.00000000000013));
#1848=CARTESIAN_POINT('Origin',(0.,-7.86152236891466,6.00000000000006));
#1849=CARTESIAN_POINT('',(3.49253331742777,-100.,6.00000000000005));
#1850=CARTESIAN_POINT('',(3.49253331742777,100.,6.00000000000005));
#1851=CARTESIAN_POINT('',(0.,-100.,5.99999999998694));
#1852=CARTESIAN_POINT('',(1.36263222927369E-11,-100.,6.00000000000006));
#1853=CARTESIAN_POINT('',(0.,-10.1230447378298,6.00000000000006));
#1854=CARTESIAN_POINT('Origin',(0.,-7.86152236891466,3.00000000000003));
#1855=CARTESIAN_POINT('Origin',(0.,-100.,3.00000000000003));
#1856=CARTESIAN_POINT('Origin',(3.49253331742777,100.,0.));
#1857=CARTESIAN_POINT('',(3.49253331742777,100.,6.00000000000005));
#1858=CARTESIAN_POINT('Origin',(-1.74626665871388,-2.66152236891482,0.100000000000005));
#1859=CARTESIAN_POINT('',(1.09191070279863,-2.76152236891482,3.4231876592611E-15));
#1860=CARTESIAN_POINT('',(1.33026142131747,-2.56152236891482,0.200000000000003));
#1861=CARTESIAN_POINT('',(-0.298775568099057,-3.92844670590839,-1.16692433699356));
#1862=CARTESIAN_POINT('',(-1.74626665871388,-2.56152236891482,0.200000000000003));
#1863=CARTESIAN_POINT('',(-2.61939998807082,-2.76152236891483,0.));
#1864=CARTESIAN_POINT('Origin',(1.09191070279863,-7.56152236891451,6.76542155630955E-15));
#1865=CARTESIAN_POINT('',(1.09191070279863,-7.36152236891451,9.38138455808235E-15));
#1866=CARTESIAN_POINT('',(1.09191070279862,46.2192388155427,-1.38777878078145E-16));
#1867=CARTESIAN_POINT('',(1.33026142131747,-7.56152236891451,0.200000000000007));
#1868=CARTESIAN_POINT('',(0.57231888060904,-6.9255330625525,-0.435989306362012));
#1869=CARTESIAN_POINT('',(1.92836282905964,-7.5615223689145,0.701866670643076));
#1870=CARTESIAN_POINT('',(1.28066353552493,-7.56152236891451,0.158382432324316));
#1871=CARTESIAN_POINT('',(1.92836282905964,-2.56152236891483,0.701866670643072));
#1872=CARTESIAN_POINT('',(1.92836282905963,-6.31152236891457,0.701866670643073));
#1873=CARTESIAN_POINT('',(1.28066353552493,-2.56152236891482,0.158382432324312));
#1874=CARTESIAN_POINT('Origin',(-1.74626665871388,-7.46152236891451,0.100000000000007));
#1875=CARTESIAN_POINT('',(-2.61939998807082,-7.36152236891451,0.));
#1876=CARTESIAN_POINT('',(-1.74626665871388,-7.56152236891451,0.200000000000007));
#1877=CARTESIAN_POINT('Origin',(0.,-2.56152236891489,5.16568542494673));
#1878=CARTESIAN_POINT('',(0.,-2.56152236891501,6.00000000000005));
#1879=CARTESIAN_POINT('Origin',(0.,-2.56152236891497,3.00000000000002));
#1880=CARTESIAN_POINT('',(-0.391042622092033,-2.5615223689149,6.00000000000005));
#1881=CARTESIAN_POINT('',(-2.65219972362107E-16,-2.56152236891482,0.834314575053305));
#1882=CARTESIAN_POINT('Origin',(0.,-2.56152236891485,3.00000000000002));
#1883=CARTESIAN_POINT('Origin',(0.,-1.86152236892137,3.00000000000003));
#1884=CARTESIAN_POINT('',(-2.04603048426189E-16,-2.35649711574727,1.32928932187927));
#1885=CARTESIAN_POINT('Origin',(0.,-2.3564971157473,3.00000000000002));
#1886=CARTESIAN_POINT('Origin',(-2.65219972362114E-16,-1.86152236892133,
0.834314575053253));
#1887=CARTESIAN_POINT('Origin',(0.,-1.87469516728019,3.00000000000003));
#1888=CARTESIAN_POINT('',(-8.65956056235685E-17,-1.39289321881307,2.29289321881333));
#1889=CARTESIAN_POINT('',(-1.45599327024879E-16,-1.87469516728017,1.8110912703463));
#1890=CARTESIAN_POINT('Origin',(0.,-1.39289321881308,3.00000000000004));
#1891=CARTESIAN_POINT('Origin',(0.,-2.09999999999956,3.00000000000012));
#1892=CARTESIAN_POINT('Origin',(0.,-7.56152236891442,6.00000000000006));
#1893=CARTESIAN_POINT('',(0.,-7.56152236891431,6.00000000000006));
#1894=CARTESIAN_POINT('',(0.,-3.81152236891484,6.00000000000005));
#1895=CARTESIAN_POINT('',(-3.49253331742777,-7.56152236891442,6.00000000000006));
#1896=CARTESIAN_POINT('',(-0.391042622092033,-7.56152236891442,6.00000000000006));
#1897=CARTESIAN_POINT('',(-3.49253331742777,100.,6.00000000000005));
#1898=CARTESIAN_POINT('Origin',(0.,-6.31152236891453,3.));
#1899=CARTESIAN_POINT('Origin',(0.,-7.56152236891435,3.00000000000002));
#1900=CARTESIAN_POINT('Origin',(0.,-7.56152236891443,5.16568542494674));
#1901=CARTESIAN_POINT('',(-3.49253331742777,-7.56152236891443,5.58284271247423));
#1902=CARTESIAN_POINT('',(-2.65219972362107E-16,-7.56152236891451,0.834314575053309));
#1903=CARTESIAN_POINT('Origin',(0.,-7.56152236891447,3.00000000000002));
#1904=CARTESIAN_POINT('Origin',(0.,-8.26152236890796,3.00000000000003));
#1905=CARTESIAN_POINT('',(-2.04603048426189E-16,-7.76654762208205,1.32928932187927));
#1906=CARTESIAN_POINT('Origin',(0.,-7.76654762208203,3.00000000000003));
#1907=CARTESIAN_POINT('Origin',(-2.65219972362114E-16,-8.26152236890799,
0.834314575053258));
#1908=CARTESIAN_POINT('Origin',(0.,-8.24834957054914,3.00000000000003));
#1909=CARTESIAN_POINT('',(-8.65956056235685E-17,-8.73015151901626,2.29289321881334));
#1910=CARTESIAN_POINT('',(-1.45599327024879E-16,-8.24834957054916,1.8110912703463));
#1911=CARTESIAN_POINT('Origin',(0.,-8.73015151901625,3.00000000000004));
#1912=CARTESIAN_POINT('Origin',(0.,-8.02304473782976,3.00000000000013));
#1913=CARTESIAN_POINT('Origin',(-3.49253331742777,100.,6.00000000000005));
#1914=CARTESIAN_POINT('',(-3.49253331742777,-100.,6.00000000000005));
#1915=CARTESIAN_POINT('',(-3.49253331742776,-100.,5.00000000000004));
#1916=CARTESIAN_POINT('',(-3.49253331742777,100.,6.00000000000005));
#1917=CARTESIAN_POINT('Origin',(-3.49253331742776,100.,-2.18190676569062E-16));
#1918=CARTESIAN_POINT('',(-1.74626665870026,-100.,0.));
#1919=CARTESIAN_POINT('',(1.09191070279863,2.76152236891482,3.4231876592611E-15));
#1920=CARTESIAN_POINT('',(-2.61939998807082,2.76152236891483,0.));
#1921=CARTESIAN_POINT('',(1.09191070279863,7.36152236891451,9.38138455808235E-15));
#1922=CARTESIAN_POINT('',(1.09191070279862,53.7807611844573,-1.38777878078145E-16));
#1923=CARTESIAN_POINT('',(-2.61939998807082,7.36152236891449,0.));
#1924=CARTESIAN_POINT('',(-1.09191070279863,100.,-1.31065865231635E-11));
#1925=CARTESIAN_POINT('',(-3.54253331742777,100.,-1.06685493772574E-15));
#1926=CARTESIAN_POINT('',(-1.09191070279863,8.06152236891466,6.66133814775094E-15));
#1927=CARTESIAN_POINT('',(-1.09191070279862,53.9307611844573,-1.38777878078145E-16));
#1928=CARTESIAN_POINT('',(-0.811566664678474,8.06152236891468,0.));
#1929=CARTESIAN_POINT('Origin',(1.86939998807082,7.96152236891466,0.100000000000007));
#1930=CARTESIAN_POINT('',(-1.33026142131747,7.86152236891466,0.200000000000007));
#1931=CARTESIAN_POINT('',(-0.54675320147669,8.51896382720743,-0.457441458292763));
#1932=CARTESIAN_POINT('',(1.86939998807082,7.86152236891466,0.200000000000007));
#1933=CARTESIAN_POINT('Origin',(-1.09191070279863,7.86152236891466,6.66133814775094E-15));
#1934=CARTESIAN_POINT('',(-1.92836282905964,100.,0.701866670629963));
#1935=CARTESIAN_POINT('',(-1.75633870417419,100.,0.557521290898104));
#1936=CARTESIAN_POINT('',(-1.92836282905964,7.86152236891466,0.701866670643076));
#1937=CARTESIAN_POINT('',(-1.92836282905964,10.123044737829,0.701866670643076));
#1938=CARTESIAN_POINT('',(-1.92836282905964,7.86152236891466,0.701866670643076));
#1939=CARTESIAN_POINT('Origin',(0.24626665871387,7.86152236891466,3.00000000000003));
#1940=CARTESIAN_POINT('',(0.,7.86152236891466,6.00000000000006));
#1941=CARTESIAN_POINT('Origin',(0.,7.86152236891466,3.00000000000003));
#1942=CARTESIAN_POINT('',(3.49253331742777,7.86152236891466,6.00000000000006));
#1943=CARTESIAN_POINT('',(-2.65219972362114E-16,7.86152236891468,0.834314575053252));
#1944=CARTESIAN_POINT('Origin',(0.,7.86152236891466,3.00000000000003));
#1945=CARTESIAN_POINT('Origin',(0.,8.26152236890796,3.00000000000003));
#1946=CARTESIAN_POINT('',(-2.30581730113345E-16,7.978679656438,1.11715728752256));
#1947=CARTESIAN_POINT('Origin',(-2.65219972362115E-16,8.26152236890799,
0.834314575053256));
#1948=CARTESIAN_POINT('Origin',(0.,7.97867965643797,3.00000000000003));
#1949=CARTESIAN_POINT('Origin',(0.,8.46048160490489,3.00000000000004));
#1950=CARTESIAN_POINT('',(-1.12574287310635E-16,8.94228355337221,2.08076118445736));
#1951=CARTESIAN_POINT('Origin',(0.,8.94228355337219,3.00000000000004));
#1952=CARTESIAN_POINT('',(-1.71578008711967E-16,8.46048160490491,1.59895923599015));
#1953=CARTESIAN_POINT('Origin',(0.,8.02304473782976,3.00000000000013));
#1954=CARTESIAN_POINT('Origin',(0.,7.86152236891466,6.00000000000006));
#1955=CARTESIAN_POINT('',(0.,100.,5.99999999998694));
#1956=CARTESIAN_POINT('',(0.,7.86152236891466,6.00000000000006));
#1957=CARTESIAN_POINT('',(3.49253331742777,100.,6.00000000000005));
#1958=CARTESIAN_POINT('',(1.36263222927369E-11,100.,6.00000000000006));
#1959=CARTESIAN_POINT('',(3.49253331742777,100.,6.00000000000005));
#1960=CARTESIAN_POINT('Origin',(0.,7.86152236891466,3.00000000000003));
#1961=CARTESIAN_POINT('Origin',(0.,100.,3.00000000000003));
#1962=CARTESIAN_POINT('Origin',(2.72526445854737E-11,100.,4.00000000000002));
#1963=CARTESIAN_POINT('',(-3.49253331742777,100.,6.00000000000005));
#1964=CARTESIAN_POINT('',(-3.49253331742776,100.,2.00000000000001));
#1965=CARTESIAN_POINT('',(-5.49253331737329,100.,8.00000000000005));
#1966=CARTESIAN_POINT('',(-2.11939998808779,100.,4.62686667062267));
#1967=CARTESIAN_POINT('',(5.4925333174278,100.,8.00000000000005));
#1968=CARTESIAN_POINT('',(-2.74626665867302,100.,8.00000000000005));
#1969=CARTESIAN_POINT('',(3.11939998807763,100.,5.62686667064992));
#1970=CARTESIAN_POINT('Origin',(-1.74626665871388,2.66152236891482,0.100000000000005));
#1971=CARTESIAN_POINT('',(1.33026142131747,2.56152236891482,0.200000000000003));
#1972=CARTESIAN_POINT('',(-0.298775568099057,3.92844670590839,-1.16692433699356));
#1973=CARTESIAN_POINT('',(-1.74626665871388,2.56152236891482,0.200000000000003));
#1974=CARTESIAN_POINT('Origin',(1.09191070279863,7.56152236891451,6.76542155630955E-15));
#1975=CARTESIAN_POINT('',(1.92836282905964,2.56152236891483,0.701866670643072));
#1976=CARTESIAN_POINT('',(1.28066353552493,2.56152236891482,0.158382432324312));
#1977=CARTESIAN_POINT('',(1.92836282905964,7.5615223689145,0.701866670643076));
#1978=CARTESIAN_POINT('',(1.92836282905963,6.31152236891457,0.701866670643073));
#1979=CARTESIAN_POINT('',(1.33026142131747,7.56152236891451,0.200000000000007));
#1980=CARTESIAN_POINT('',(1.28066353552493,7.56152236891451,0.158382432324316));
#1981=CARTESIAN_POINT('',(0.57231888060904,6.9255330625525,-0.435989306362012));
#1982=CARTESIAN_POINT('Origin',(-1.74626665871388,7.46152236891451,0.100000000000007));
#1983=CARTESIAN_POINT('',(-1.74626665871388,7.56152236891451,0.200000000000007));
#1984=CARTESIAN_POINT('Origin',(0.,2.56152236891489,5.16568542494673));
#1985=CARTESIAN_POINT('',(0.,2.56152236891501,6.00000000000005));
#1986=CARTESIAN_POINT('',(-0.391042622092033,2.5615223689149,6.00000000000005));
#1987=CARTESIAN_POINT('Origin',(0.,2.56152236891497,3.00000000000002));
#1988=CARTESIAN_POINT('',(-2.65219972362107E-16,2.56152236891482,0.834314575053305));
#1989=CARTESIAN_POINT('Origin',(0.,2.56152236891485,3.00000000000002));
#1990=CARTESIAN_POINT('Origin',(0.,1.86152236892137,3.00000000000003));
#1991=CARTESIAN_POINT('',(-2.04603048426189E-16,2.35649711574727,1.32928932187927));
#1992=CARTESIAN_POINT('Origin',(0.,2.3564971157473,3.00000000000002));
#1993=CARTESIAN_POINT('Origin',(-2.65219972362114E-16,1.86152236892133,
0.834314575053253));
#1994=CARTESIAN_POINT('Origin',(0.,1.87469516728019,3.00000000000003));
#1995=CARTESIAN_POINT('',(-8.65956056235685E-17,1.39289321881307,2.29289321881333));
#1996=CARTESIAN_POINT('',(-1.45599327024879E-16,1.87469516728017,1.8110912703463));
#1997=CARTESIAN_POINT('Origin',(0.,1.39289321881308,3.00000000000004));
#1998=CARTESIAN_POINT('Origin',(0.,2.09999999999956,3.00000000000012));
#1999=CARTESIAN_POINT('Origin',(0.,7.56152236891442,6.00000000000006));
#2000=CARTESIAN_POINT('',(0.,7.56152236891431,6.00000000000006));
#2001=CARTESIAN_POINT('',(0.,3.81152236891484,6.00000000000005));
#2002=CARTESIAN_POINT('',(-3.49253331742777,7.56152236891442,6.00000000000006));
#2003=CARTESIAN_POINT('',(-3.49253331742777,100.,6.00000000000005));
#2004=CARTESIAN_POINT('',(-0.391042622092033,7.56152236891442,6.00000000000006));
#2005=CARTESIAN_POINT('Origin',(0.,6.31152236891453,3.));
#2006=CARTESIAN_POINT('Origin',(0.,7.56152236891435,3.00000000000002));
#2007=CARTESIAN_POINT('Origin',(0.,7.56152236891443,5.16568542494674));
#2008=CARTESIAN_POINT('',(-3.49253331742777,7.56152236891443,5.58284271247267));
#2009=CARTESIAN_POINT('',(-2.65219972362107E-16,7.56152236891451,0.834314575053309));
#2010=CARTESIAN_POINT('Origin',(0.,7.56152236891447,3.00000000000002));
#2011=CARTESIAN_POINT('Origin',(0.,8.26152236890796,3.00000000000003));
#2012=CARTESIAN_POINT('',(-2.04603048426189E-16,7.76654762208205,1.32928932187927));
#2013=CARTESIAN_POINT('Origin',(0.,7.76654762208203,3.00000000000003));
#2014=CARTESIAN_POINT('Origin',(-2.65219972362114E-16,8.26152236890799,
0.834314575053258));
#2015=CARTESIAN_POINT('Origin',(0.,8.24834957054914,3.00000000000003));
#2016=CARTESIAN_POINT('',(-8.65956056235685E-17,8.73015151901626,2.29289321881334));
#2017=CARTESIAN_POINT('',(-1.45599327024879E-16,8.24834957054916,1.8110912703463));
#2018=CARTESIAN_POINT('Origin',(0.,8.73015151901625,3.00000000000004));
#2019=CARTESIAN_POINT('Origin',(0.,8.02304473782976,3.00000000000013));
#2020=CARTESIAN_POINT('Origin',(-3.49253331742777,100.,6.00000000000005));
#2021=CARTESIAN_POINT('',(-3.49253331742777,100.,6.00000000000005));
#2022=CARTESIAN_POINT('Origin',(-5.49253331737329,100.,8.00000000000005));
#2023=CARTESIAN_POINT('',(-5.49253331737329,-100.,8.00000000000005));
#2024=CARTESIAN_POINT('',(-3.11939998806055,-100.,5.62686667062267));
#2025=CARTESIAN_POINT('',(-5.49253331737329,100.,8.00000000000005));
#2026=CARTESIAN_POINT('Origin',(5.4925333174278,100.,8.00000000000005));
#2027=CARTESIAN_POINT('',(5.4925333174278,-100.,8.00000000000005));
#2028=CARTESIAN_POINT('',(2.74626665872752,-100.,8.00000000000005));
#2029=CARTESIAN_POINT('',(5.4925333174278,100.,8.00000000000005));
#2030=CARTESIAN_POINT('Origin',(3.49253331742776,100.,6.00000000000005));
#2031=CARTESIAN_POINT('',(2.11939998807762,-100.,4.62686667064992));
#2032=CARTESIAN_POINT('Origin',(2.72526445854737E-11,-100.,4.00000000000002));
#2033=UNCERTAINTY_MEASURE_WITH_UNIT(LENGTH_MEASURE(0.01),#2037,
'DISTANCE_ACCURACY_VALUE',
'Maximum model space distance between geometric entities at asserted c
onnectivities');
#2034=UNCERTAINTY_MEASURE_WITH_UNIT(LENGTH_MEASURE(0.01),#2037,
'DISTANCE_ACCURACY_VALUE',
'Maximum model space distance between geometric entities at asserted c
onnectivities');
#2035=(
GEOMETRIC_REPRESENTATION_CONTEXT(3)
GLOBAL_UNCERTAINTY_ASSIGNED_CONTEXT((#2033))
GLOBAL_UNIT_ASSIGNED_CONTEXT((#2037,#2039,#2040))
REPRESENTATION_CONTEXT('','3D')
);
#2036=(
GEOMETRIC_REPRESENTATION_CONTEXT(3)
GLOBAL_UNCERTAINTY_ASSIGNED_CONTEXT((#2034))
GLOBAL_UNIT_ASSIGNED_CONTEXT((#2037,#2039,#2040))
REPRESENTATION_CONTEXT('','3D')
);
#2037=(
LENGTH_UNIT()
NAMED_UNIT(*)
SI_UNIT(.MILLI.,.METRE.)
);
#2038=(
LENGTH_UNIT()
NAMED_UNIT(*)
SI_UNIT($,.METRE.)
);
#2039=(
NAMED_UNIT(*)
PLANE_ANGLE_UNIT()
SI_UNIT($,.RADIAN.)
);
#2040=(
NAMED_UNIT(*)
SI_UNIT($,.STERADIAN.)
SOLID_ANGLE_UNIT()
);
#2041=SHAPE_DEFINITION_REPRESENTATION(#2042,#2043);
#2042=PRODUCT_DEFINITION_SHAPE('',$,#2045);
#2043=SHAPE_REPRESENTATION('',(#1221),#2035);
#2044=PRODUCT_DEFINITION_CONTEXT('part definition',#2049,'design');
#2045=PRODUCT_DEFINITION('Flexify (REV 2)','Flexify (REV 2) v3',#2046,#2044);
#2046=PRODUCT_DEFINITION_FORMATION('',$,#2051);
#2047=PRODUCT_RELATED_PRODUCT_CATEGORY('Flexify (REV 2) v3',
'Flexify (REV 2) v3',(#2051));
#2048=APPLICATION_PROTOCOL_DEFINITION('international standard',
'automotive_design',2009,#2049);
#2049=APPLICATION_CONTEXT(
'Core Data for Automotive Mechanical Design Process');
#2050=PRODUCT_CONTEXT('part definition',#2049,'mechanical');
#2051=PRODUCT('Flexify (REV 2)','Flexify (REV 2) v3',$,(#2050));
#2052=PRESENTATION_STYLE_ASSIGNMENT((#2053));
#2053=SURFACE_STYLE_USAGE(.BOTH.,#2054);
#2054=SURFACE_SIDE_STYLE('',(#2055));
#2055=SURFACE_STYLE_FILL_AREA(#2056);
#2056=FILL_AREA_STYLE('Steel - Satin',(#2057));
#2057=FILL_AREA_STYLE_COLOUR('Steel - Satin',#2058);
#2058=COLOUR_RGB('Steel - Satin',0.627450980392157,0.627450980392157,0.627450980392157);
ENDSEC;
END-ISO-10303-21;
